Order ID,Order Date,Customer Name,Region,State,City,Category,Sub-Category,Sales,Quantity,Profit
CA-2015-100000,14-02-2015,Customer_154,South,Texas,New York City,Office Supplies,Storage,712.63,10,-82.43
CA-2016-100001,09-09-2015,Customer_155,East,California,Chicago,Technology,Accessories,948.87,7,264.96
CA-2017-100002,02-11-2016,Customer_460,Central,Florida,Houston,Office Supplies,Paper,569.15,5,-26.09
CA-2018-100003,01-08-2017,Customer_267,West,California,Houston,Technology,Phones,98.39,5,179.06
CA-2015-100004,08-11-2017,Customer_49,Central,California,Chicago,Furniture,Bookcases,504.97,9,-35.09
CA-2016-100005,01-04-2016,Customer_9,East,New York,Chicago,Office Supplies,Binders,108.7,1,238.08
CA-2017-100006,10-11-2017,Customer_283,Central,Florida,Miami,Furniture,Tables,198.53,10,-56.03
CA-2018-100007,13-12-2018,Customer_259,East,Florida,Los Angeles,Office Supplies,Storage,113.3,9,136.27
CA-2015-100008,21-05-2017,Customer_175,East,Texas,Chicago,Furniture,Tables,313.29,7,162.09
CA-2016-100009,30-08-2018,Customer_320,East,New York,Miami,Office Supplies,Binders,763.19,9,-84.49
CA-2017-100010,17-12-2015,Customer_314,South,Texas,Chicago,Office Supplies,Binders,802.25,10,-62.15
CA-2018-100011,04-07-2018,Customer_484,East,Florida,New York City,Office Supplies,Storage,389.85,8,93.64
CA-2015-100012,27-01-2015,Customer_218,South,Illinois,Chicago,Technology,Phones,955.37,5,214.66
CA-2016-100013,18-09-2018,Customer_84,West,Texas,Los Angeles,Technology,Accessories,897.05,2,105.74
CA-2017-100014,18-06-2018,Customer_283,South,California,Miami,Technology,Accessories,516.38,7,-24.73
CA-2018-100015,05-02-2017,Customer_301,West,New York,New York City,Office Supplies,Storage,516.21,4,-80.81
CA-2015-100016,23-09-2015,Customer_296,East,California,Chicago,Technology,Copiers,871.21,5,42.58
CA-2016-100017,07-10-2015,Customer_221,West,Florida,Chicago,Furniture,Bookcases,743.16,7,-29.32
CA-2017-100018,18-08-2017,Customer_407,East,New York,New York City,Furniture,Chairs,789.07,9,-88.31
CA-2018-100019,18-09-2017,Customer_63,Central,Florida,Los Angeles,Technology,Copiers,32.46,4,14.36
CA-2015-100020,30-11-2016,Customer_363,West,Illinois,New York City,Office Supplies,Binders,304.73,3,45.04
CA-2016-100021,11-09-2016,Customer_33,Central,California,Miami,Office Supplies,Paper,485.04,9,106.25
CA-2017-100022,16-01-2016,Customer_180,Central,California,Houston,Furniture,Chairs,749.83,1,67.98
CA-2018-100023,15-01-2019,Customer_214,South,Illinois,New York City,Technology,Copiers,526.23,3,96.9
CA-2015-100024,07-05-2015,Customer_92,East,California,New York City,Technology,Copiers,549.65,2,88.3
CA-2016-100025,12-02-2015,Customer_227,South,New York,Los Angeles,Technology,Phones,675.35,9,164.64
CA-2017-100026,31-07-2016,Customer_284,West,California,Chicago,Office Supplies,Binders,842.71,5,152.63
CA-2018-100027,07-09-2017,Customer_296,Central,Texas,Los Angeles,Furniture,Chairs,695.04,10,284.04
CA-2015-100028,14-03-2018,Customer_184,East,Florida,Miami,Technology,Copiers,264.01,9,-57.13
CA-2016-100029,04-02-2018,Customer_212,East,California,Miami,Office Supplies,Binders,868.91,8,148.31
CA-2017-100030,28-03-2017,Customer_46,East,Texas,Miami,Furniture,Chairs,707.51,10,47.3
CA-2018-100031,18-02-2018,Customer_93,West,Texas,Houston,Furniture,Tables,921.84,8,-90.54
CA-2015-100032,23-10-2016,Customer_273,East,Florida,Miami,Office Supplies,Paper,107.38,8,213.63
CA-2016-100033,30-05-2015,Customer_470,West,Texas,Miami,Office Supplies,Binders,479.23,1,167.68
CA-2017-100034,14-11-2018,Customer_310,West,New York,Chicago,Technology,Phones,348.78,2,79.37
CA-2018-100035,10-02-2017,Customer_417,Central,Illinois,New York City,Office Supplies,Storage,296.65,9,144.92
CA-2015-100036,22-10-2015,Customer_408,West,Texas,Chicago,Furniture,Chairs,326.56,10,-84.92
CA-2016-100037,24-03-2017,Customer_213,West,Florida,Miami,Office Supplies,Storage,454.28,4,37.73
CA-2017-100038,01-04-2015,Customer_263,Central,Texas,Houston,Furniture,Chairs,70.65,4,173.43
CA-2018-100039,03-04-2017,Customer_130,Central,Texas,New York City,Furniture,Chairs,254.3,7,177.61
CA-2015-100040,29-08-2015,Customer_151,Central,Texas,Houston,Technology,Phones,474.38,2,29.29
CA-2016-100041,19-03-2018,Customer_420,West,Florida,Chicago,Furniture,Tables,509.44,9,97.05
CA-2017-100042,27-09-2018,Customer_181,South,New York,New York City,Furniture,Tables,128.88,3,85.34
CA-2018-100043,20-01-2015,Customer_386,West,New York,Los Angeles,Furniture,Bookcases,173.96,8,-93.51
CA-2015-100044,10-02-2016,Customer_85,South,Florida,Chicago,Technology,Accessories,319.21,9,202.2
CA-2016-100045,27-11-2018,Customer_317,East,Florida,New York City,Office Supplies,Paper,419.21,7,-63.72
CA-2017-100046,21-11-2015,Customer_257,West,Florida,New York City,Office Supplies,Storage,360.13,5,291.47
CA-2018-100047,30-04-2018,Customer_366,Central,Florida,Houston,Office Supplies,Binders,950.48,3,27.42
CA-2015-100048,06-12-2018,Customer_360,West,Florida,New York City,Technology,Phones,455.43,7,16.42
CA-2016-100049,04-02-2015,Customer_146,South,Illinois,Miami,Furniture,Tables,626.52,8,-42.54
CA-2017-100050,13-04-2016,Customer_495,East,Texas,Chicago,Technology,Phones,176.82,6,51.46
CA-2018-100051,18-06-2017,Customer_157,West,Illinois,Houston,Technology,Accessories,369.05,8,10.42
CA-2015-100052,05-09-2015,Customer_226,South,Illinois,New York City,Technology,Phones,240.55,7,122.03
CA-2016-100053,02-05-2018,Customer_104,East,California,Miami,Technology,Phones,430.19,9,269.15
CA-2017-100054,03-11-2018,Customer_338,South,California,Chicago,Office Supplies,Binders,880.99,1,227.84
CA-2018-100055,21-11-2015,Customer_179,East,Illinois,Houston,Office Supplies,Paper,218.13,6,-58.75
CA-2015-100056,07-11-2016,Customer_366,South,Florida,Los Angeles,Furniture,Tables,12.34,9,182.35
CA-2016-100057,14-10-2018,Customer_134,South,Texas,Miami,Office Supplies,Paper,213.11,4,250.63
CA-2017-100058,14-11-2018,Customer_41,East,Florida,Houston,Technology,Phones,256.75,4,-4.41
CA-2018-100059,27-07-2017,Customer_130,South,Florida,Miami,Office Supplies,Paper,960.94,3,5.85
CA-2015-100060,12-02-2017,Customer_434,Central,Illinois,New York City,Furniture,Tables,916.56,2,-85.82
CA-2016-100061,12-09-2015,Customer_252,East,California,Los Angeles,Office Supplies,Paper,891.0,1,18.9
CA-2017-100062,12-04-2018,Customer_242,Central,Texas,Houston,Technology,Accessories,418.26,5,-21.03
CA-2018-100063,21-11-2015,Customer_97,West,California,Los Angeles,Technology,Phones,271.46,7,-57.74
CA-2015-100064,19-12-2017,Customer_41,West,New York,Los Angeles,Furniture,Chairs,440.06,10,63.56
CA-2016-100065,29-09-2018,Customer_298,South,Illinois,New York City,Office Supplies,Paper,774.87,2,-8.63
CA-2017-100066,08-07-2018,Customer_475,West,Florida,Miami,Office Supplies,Storage,647.33,8,-96.39
CA-2018-100067,16-03-2016,Customer_322,South,New York,Miami,Furniture,Tables,100.7,2,-93.54
CA-2015-100068,30-05-2018,Customer_51,West,New York,Chicago,Office Supplies,Storage,253.5,2,283.86
CA-2016-100069,23-09-2015,Customer_59,West,Texas,Chicago,Furniture,Tables,261.81,7,103.7
CA-2017-100070,26-06-2015,Customer_192,Central,Florida,Los Angeles,Technology,Phones,764.56,8,29.51
CA-2018-100071,06-02-2015,Customer_171,West,Florida,Houston,Furniture,Tables,264.66,5,92.15
CA-2015-100072,21-01-2017,Customer_89,East,Illinois,Houston,Office Supplies,Paper,854.08,2,152.59
CA-2016-100073,20-11-2017,Customer_410,South,Illinois,Los Angeles,Furniture,Bookcases,456.92,3,1.43
CA-2017-100074,16-03-2017,Customer_254,South,New York,Los Angeles,Office Supplies,Paper,253.93,1,258.64
CA-2018-100075,19-03-2016,Customer_118,East,Florida,Los Angeles,Office Supplies,Storage,619.04,8,39.4
CA-2015-100076,13-01-2016,Customer_4,South,Florida,Los Angeles,Furniture,Chairs,285.8,7,152.98
CA-2016-100077,15-04-2015,Customer_405,East,New York,Houston,Technology,Phones,656.77,10,183.26
CA-2017-100078,09-01-2019,Customer_233,West,Illinois,Miami,Office Supplies,Paper,675.91,7,-30.11
CA-2018-100079,06-06-2017,Customer_182,West,Florida,Los Angeles,Furniture,Bookcases,66.23,1,276.08
CA-2015-100080,15-02-2015,Customer_474,Central,California,Chicago,Office Supplies,Paper,489.59,8,67.25
CA-2016-100081,19-11-2017,Customer_130,Central,Florida,Los Angeles,Furniture,Bookcases,409.53,2,85.52
CA-2017-100082,03-04-2016,Customer_138,East,California,Los Angeles,Office Supplies,Storage,27.3,5,131.92
CA-2018-100083,16-11-2015,Customer_465,South,New York,New York City,Furniture,Tables,859.08,1,222.43
CA-2015-100084,04-10-2018,Customer_135,West,New York,Los Angeles,Office Supplies,Storage,776.97,5,80.84
CA-2016-100085,04-11-2017,Customer_391,West,Florida,Miami,Technology,Accessories,299.38,1,105.58
CA-2017-100086,28-01-2018,Customer_353,South,Illinois,Los Angeles,Technology,Accessories,261.39,6,294.72
CA-2018-100087,06-01-2016,Customer_106,Central,California,Los Angeles,Furniture,Tables,746.33,6,82.98
CA-2015-100088,15-03-2018,Customer_237,Central,Illinois,New York City,Technology,Copiers,532.24,4,104.26
CA-2016-100089,12-05-2015,Customer_474,East,Florida,New York City,Office Supplies,Binders,79.34,3,99.08
CA-2017-100090,21-02-2018,Customer_347,East,Texas,Miami,Technology,Accessories,399.58,9,-59.19
CA-2018-100091,12-10-2015,Customer_158,Central,Texas,New York City,Furniture,Bookcases,478.96,4,-0.55
CA-2015-100092,25-03-2018,Customer_188,Central,New York,Houston,Furniture,Chairs,638.58,7,164.67
CA-2016-100093,27-01-2016,Customer_154,West,Illinois,Chicago,Technology,Accessories,478.35,3,275.25
CA-2017-100094,03-08-2015,Customer_78,South,New York,New York City,Furniture,Chairs,803.09,7,220.19
CA-2018-100095,20-04-2016,Customer_293,East,New York,New York City,Office Supplies,Storage,825.08,9,107.45
CA-2015-100096,24-01-2015,Customer_49,South,Florida,Houston,Technology,Copiers,357.63,3,131.44
CA-2016-100097,20-05-2017,Customer_71,Central,Florida,Los Angeles,Technology,Phones,712.06,7,82.48
CA-2017-100098,07-07-2017,Customer_24,Central,Florida,New York City,Furniture,Bookcases,558.41,9,287.53
CA-2018-100099,15-02-2015,Customer_119,Central,New York,Chicago,Office Supplies,Paper,244.21,3,166.33
CA-2015-100100,27-02-2017,Customer_194,West,California,Chicago,Office Supplies,Storage,972.52,2,71.71
CA-2016-100101,03-10-2017,Customer_265,Central,Florida,Los Angeles,Office Supplies,Paper,59.39,7,-15.78
CA-2017-100102,30-01-2017,Customer_226,South,Texas,Chicago,Office Supplies,Binders,265.77,7,171.85
CA-2018-100103,24-10-2018,Customer_424,Central,New York,Miami,Office Supplies,Storage,88.62,9,-2.49
CA-2015-100104,12-08-2016,Customer_327,South,Texas,Los Angeles,Technology,Accessories,783.05,2,192.12
CA-2016-100105,27-06-2017,Customer_95,Central,Texas,Chicago,Office Supplies,Storage,238.63,7,106.65
CA-2017-100106,08-12-2017,Customer_74,Central,New York,Los Angeles,Furniture,Bookcases,146.06,9,62.34
CA-2018-100107,02-08-2017,Customer_165,Central,Florida,Miami,Furniture,Tables,822.78,8,263.96
CA-2015-100108,11-11-2018,Customer_476,West,Texas,New York City,Office Supplies,Binders,377.59,8,191.1
CA-2016-100109,24-12-2015,Customer_235,West,California,Chicago,Furniture,Bookcases,122.29,4,230.99
CA-2017-100110,09-12-2015,Customer_475,West,Illinois,New York City,Technology,Phones,775.42,8,131.29
CA-2018-100111,21-06-2015,Customer_420,West,Texas,Chicago,Furniture,Tables,265.44,1,88.56
CA-2015-100112,12-02-2015,Customer_438,Central,Texas,Houston,Technology,Copiers,586.22,8,190.78
CA-2016-100113,27-03-2015,Customer_369,East,Texas,Chicago,Office Supplies,Storage,901.06,6,180.09
CA-2017-100114,07-03-2017,Customer_282,South,Florida,Houston,Furniture,Chairs,119.8,6,178.22
CA-2018-100115,15-03-2015,Customer_189,West,Florida,Chicago,Office Supplies,Paper,278.25,2,-15.07
CA-2015-100116,13-04-2018,Customer_72,East,Illinois,Houston,Furniture,Tables,305.87,4,299.74
CA-2016-100117,15-01-2015,Customer_500,West,California,Chicago,Technology,Accessories,330.77,3,73.64
CA-2017-100118,15-01-2016,Customer_454,West,Florida,Los Angeles,Furniture,Bookcases,897.26,1,240.75
CA-2018-100119,08-06-2015,Customer_84,South,California,New York City,Technology,Accessories,186.61,8,7.64
CA-2015-100120,13-03-2016,Customer_203,East,Texas,New York City,Technology,Accessories,35.72,10,192.9
CA-2016-100121,31-10-2016,Customer_374,South,California,Los Angeles,Office Supplies,Paper,831.52,4,75.03
CA-2017-100122,18-11-2017,Customer_248,Central,New York,Houston,Technology,Accessories,782.74,1,51.36
CA-2018-100123,31-01-2019,Customer_227,Central,California,Chicago,Furniture,Bookcases,51.5,2,28.67
CA-2015-100124,10-03-2016,Customer_11,South,California,Los Angeles,Technology,Copiers,934.5,5,235.9
CA-2016-100125,28-05-2017,Customer_496,South,New York,Miami,Technology,Copiers,826.42,5,215.24
CA-2017-100126,21-04-2018,Customer_417,East,Florida,Los Angeles,Technology,Copiers,469.22,2,193.02
CA-2018-100127,01-05-2016,Customer_254,West,California,Chicago,Office Supplies,Paper,162.76,6,246.14
CA-2015-100128,24-12-2015,Customer_157,East,Florida,New York City,Technology,Phones,354.23,5,1.85
CA-2016-100129,25-07-2018,Customer_210,South,Texas,New York City,Office Supplies,Paper,206.27,10,202.76
CA-2017-100130,17-09-2016,Customer_409,West,California,Los Angeles,Furniture,Tables,840.21,2,110.36
CA-2018-100131,04-12-2015,Customer_51,South,Illinois,Miami,Office Supplies,Storage,338.27,10,-10.2
CA-2015-100132,05-02-2016,Customer_146,South,New York,New York City,Office Supplies,Paper,200.91,6,168.3
CA-2016-100133,30-10-2015,Customer_99,South,Texas,Los Angeles,Furniture,Bookcases,498.36,10,162.44
CA-2017-100134,19-11-2018,Customer_249,South,Texas,Los Angeles,Office Supplies,Storage,748.14,6,6.45
CA-2018-100135,31-01-2015,Customer_161,West,California,Los Angeles,Office Supplies,Storage,512.35,1,6.53
CA-2015-100136,12-04-2016,Customer_183,East,California,New York City,Office Supplies,Paper,142.87,2,-26.07
CA-2016-100137,01-05-2016,Customer_313,South,New York,New York City,Technology,Phones,532.31,2,58.64
CA-2017-100138,20-05-2015,Customer_345,South,California,Los Angeles,Technology,Copiers,721.36,2,-49.52
CA-2018-100139,14-07-2015,Customer_472,Central,Texas,New York City,Office Supplies,Binders,180.38,6,284.32
CA-2015-100140,15-09-2017,Customer_299,West,Texas,Miami,Office Supplies,Paper,968.24,6,36.03
CA-2016-100141,28-11-2017,Customer_197,East,New York,Houston,Office Supplies,Paper,78.36,6,-63.72
CA-2017-100142,22-10-2016,Customer_439,East,Florida,Houston,Technology,Phones,826.39,10,244.97
CA-2018-100143,05-07-2018,Customer_431,East,Illinois,New York City,Technology,Copiers,247.75,6,70.31
CA-2015-100144,04-09-2018,Customer_303,South,Texas,New York City,Technology,Accessories,230.66,4,191.82
CA-2016-100145,29-10-2017,Customer_78,West,California,Miami,Furniture,Bookcases,631.11,8,-53.02
CA-2017-100146,02-04-2016,Customer_338,South,Illinois,Chicago,Furniture,Chairs,68.18,5,294.83
CA-2018-100147,28-03-2015,Customer_328,East,Texas,Chicago,Furniture,Bookcases,206.71,2,-91.77
CA-2015-100148,28-12-2015,Customer_418,West,Florida,Houston,Furniture,Chairs,508.29,8,36.59
CA-2016-100149,19-08-2016,Customer_62,East,Illinois,Chicago,Furniture,Tables,690.3,4,-44.67
CA-2017-100150,01-12-2018,Customer_182,Central,Florida,Houston,Furniture,Chairs,253.17,6,68.81
CA-2018-100151,05-03-2018,Customer_216,Central,California,Los Angeles,Technology,Phones,372.94,2,54.23
CA-2015-100152,09-05-2015,Customer_444,West,Illinois,Chicago,Office Supplies,Binders,238.35,6,-38.8
CA-2016-100153,30-01-2017,Customer_105,South,Texas,Chicago,Furniture,Chairs,195.84,1,272.56
CA-2017-100154,03-04-2015,Customer_414,South,Florida,Houston,Furniture,Tables,541.59,9,-83.51
CA-2018-100155,23-08-2018,Customer_77,Central,Illinois,Houston,Technology,Phones,71.76,3,-56.81
CA-2015-100156,08-10-2015,Customer_169,East,California,Los Angeles,Office Supplies,Paper,339.06,2,188.29
CA-2016-100157,20-08-2018,Customer_3,South,New York,Miami,Technology,Accessories,470.0,1,-80.61
CA-2017-100158,30-10-2018,Customer_200,East,New York,Chicago,Office Supplies,Paper,850.08,6,111.02
CA-2018-100159,22-01-2019,Customer_57,Central,Florida,New York City,Technology,Phones,525.87,7,261.4
CA-2015-100160,11-05-2018,Customer_10,Central,New York,New York City,Furniture,Bookcases,678.42,2,116.47
CA-2016-100161,16-05-2017,Customer_189,Central,Florida,Miami,Furniture,Chairs,376.76,1,-5.19
CA-2017-100162,04-11-2017,Customer_482,West,California,Chicago,Technology,Copiers,87.63,4,129.73
CA-2018-100163,17-06-2017,Customer_102,South,Illinois,New York City,Technology,Copiers,794.58,1,-86.82
CA-2015-100164,08-12-2017,Customer_488,West,California,Los Angeles,Office Supplies,Paper,775.39,1,282.83
CA-2016-100165,19-01-2019,Customer_109,East,California,Miami,Technology,Phones,700.4,1,279.79
CA-2017-100166,04-09-2015,Customer_277,East,California,Los Angeles,Technology,Phones,836.45,9,-26.24
CA-2018-100167,07-07-2017,Customer_98,East,New York,Chicago,Technology,Phones,637.77,6,234.03
CA-2015-100168,30-10-2017,Customer_13,West,Illinois,Chicago,Technology,Copiers,693.05,8,125.29
CA-2016-100169,30-07-2017,Customer_309,West,New York,Houston,Technology,Phones,802.52,5,26.92
CA-2017-100170,13-12-2016,Customer_300,Central,Texas,New York City,Technology,Accessories,248.25,10,46.74
CA-2018-100171,13-12-2016,Customer_440,Central,Illinois,Houston,Furniture,Chairs,980.8,7,145.32
CA-2015-100172,07-12-2017,Customer_228,West,New York,Chicago,Technology,Phones,474.87,6,146.17
CA-2016-100173,28-07-2017,Customer_213,South,Florida,Los Angeles,Furniture,Bookcases,886.87,4,175.16
CA-2017-100174,22-02-2015,Customer_38,West,Florida,Miami,Office Supplies,Storage,112.99,8,48.71
CA-2018-100175,13-09-2016,Customer_187,Central,Texas,Chicago,Office Supplies,Binders,966.43,10,-40.28
CA-2015-100176,08-11-2017,Customer_483,South,Illinois,New York City,Technology,Copiers,835.71,2,153.17
CA-2016-100177,14-07-2018,Customer_443,West,Florida,New York City,Office Supplies,Binders,246.57,10,-99.17
CA-2017-100178,08-04-2018,Customer_208,East,California,New York City,Office Supplies,Paper,269.26,7,-96.55
CA-2018-100179,01-12-2018,Customer_124,Central,California,New York City,Technology,Accessories,533.47,9,-29.47
CA-2015-100180,07-04-2015,Customer_305,West,Texas,Miami,Technology,Accessories,229.47,2,179.95
CA-2016-100181,09-12-2017,Customer_265,East,Illinois,Miami,Technology,Copiers,954.44,2,0.7
CA-2017-100182,01-03-2018,Customer_328,West,Illinois,New York City,Technology,Copiers,440.17,7,163.98
CA-2018-100183,15-04-2016,Customer_464,Central,Texas,Los Angeles,Technology,Phones,978.91,8,8.34
CA-2015-100184,27-07-2017,Customer_266,South,Florida,Houston,Technology,Phones,977.28,8,-28.56
CA-2016-100185,29-06-2015,Customer_306,South,Texas,Chicago,Office Supplies,Storage,626.83,7,178.27
CA-2017-100186,31-07-2018,Customer_134,Central,Florida,Chicago,Furniture,Tables,212.78,8,-81.09
CA-2018-100187,20-01-2015,Customer_20,South,New York,Chicago,Furniture,Bookcases,101.91,8,115.39
CA-2015-100188,24-01-2017,Customer_401,East,California,Houston,Office Supplies,Paper,712.34,4,158.56
CA-2016-100189,24-09-2015,Customer_34,East,Illinois,Houston,Furniture,Tables,286.86,4,-62.21
CA-2017-100190,21-09-2015,Customer_310,West,Florida,New York City,Office Supplies,Paper,713.48,1,-10.5
CA-2018-100191,03-08-2017,Customer_383,East,Florida,Miami,Furniture,Tables,676.2,2,247.56
CA-2015-100192,20-05-2015,Customer_372,South,Florida,Miami,Technology,Copiers,467.79,9,-93.35
CA-2016-100193,13-07-2018,Customer_60,East,New York,Chicago,Technology,Copiers,518.48,2,269.16
CA-2017-100194,05-04-2017,Customer_119,South,Texas,Miami,Technology,Copiers,998.73,10,253.83
CA-2018-100195,15-06-2018,Customer_278,South,California,Los Angeles,Office Supplies,Storage,445.17,8,286.69
CA-2015-100196,12-04-2018,Customer_268,Central,Texas,New York City,Office Supplies,Storage,143.37,5,186.39
CA-2016-100197,03-12-2016,Customer_363,Central,Florida,Miami,Furniture,Chairs,845.31,10,52.7
CA-2017-100198,03-04-2017,Customer_211,South,Texas,Houston,Furniture,Chairs,157.35,4,-20.46
CA-2018-100199,18-06-2015,Customer_42,Central,California,Los Angeles,Office Supplies,Binders,281.32,5,-11.22
CA-2015-100200,15-03-2016,Customer_286,Central,Illinois,Los Angeles,Technology,Accessories,994.58,8,138.02
CA-2016-100201,09-10-2016,Customer_261,Central,Florida,New York City,Furniture,Tables,131.96,9,297.25
CA-2017-100202,17-04-2017,Customer_94,Central,Texas,Los Angeles,Office Supplies,Storage,58.84,10,-13.55
CA-2018-100203,05-02-2016,Customer_95,East,Texas,New York City,Office Supplies,Paper,293.69,6,-99.66
CA-2015-100204,28-08-2015,Customer_88,West,Florida,Miami,Furniture,Chairs,360.4,1,221.17
CA-2016-100205,14-03-2015,Customer_292,West,Florida,New York City,Office Supplies,Paper,253.89,5,232.44
CA-2017-100206,31-05-2017,Customer_136,East,Illinois,New York City,Office Supplies,Paper,85.07,7,263.25
CA-2018-100207,10-08-2016,Customer_127,Central,Florida,Los Angeles,Office Supplies,Binders,66.21,3,88.35
CA-2015-100208,04-04-2018,Customer_110,West,Florida,New York City,Furniture,Tables,91.12,4,72.91
CA-2016-100209,12-05-2016,Customer_246,Central,Texas,Los Angeles,Technology,Accessories,732.54,7,104.48
CA-2017-100210,09-12-2016,Customer_419,East,California,Miami,Office Supplies,Binders,460.38,5,87.92
CA-2018-100211,13-07-2018,Customer_232,West,California,Chicago,Furniture,Chairs,362.66,2,-70.18
CA-2015-100212,20-12-2018,Customer_288,East,New York,Los Angeles,Technology,Phones,68.18,4,235.57
CA-2016-100213,28-06-2018,Customer_298,East,New York,Los Angeles,Technology,Copiers,161.79,9,298.12
CA-2017-100214,17-03-2016,Customer_80,West,Illinois,Miami,Office Supplies,Paper,167.66,1,5.63
CA-2018-100215,17-11-2017,Customer_102,South,Florida,Los Angeles,Furniture,Chairs,756.6,7,89.5
CA-2015-100216,12-10-2017,Customer_420,East,Illinois,New York City,Technology,Phones,927.66,3,-94.05
CA-2016-100217,17-04-2015,Customer_69,East,Illinois,Los Angeles,Furniture,Chairs,219.01,10,193.2
CA-2017-100218,11-11-2015,Customer_156,West,Florida,Miami,Office Supplies,Storage,108.44,8,203.31
CA-2018-100219,07-10-2015,Customer_288,East,Illinois,Los Angeles,Office Supplies,Binders,73.33,5,180.31
CA-2015-100220,24-02-2016,Customer_179,West,Illinois,Chicago,Office Supplies,Storage,537.29,8,189.21
CA-2016-100221,27-05-2016,Customer_353,East,Florida,New York City,Office Supplies,Binders,436.7,8,-57.86
CA-2017-100222,03-08-2017,Customer_250,South,New York,Chicago,Office Supplies,Paper,882.32,2,169.74
CA-2018-100223,19-06-2015,Customer_217,East,New York,New York City,Technology,Phones,158.31,1,251.92
CA-2015-100224,15-08-2017,Customer_303,South,Texas,Chicago,Office Supplies,Paper,319.92,2,165.73
CA-2016-100225,31-03-2017,Customer_5,South,Illinois,Los Angeles,Office Supplies,Paper,729.71,10,21.97
CA-2017-100226,17-09-2018,Customer_388,East,New York,Miami,Office Supplies,Storage,977.42,8,-82.3
CA-2018-100227,27-04-2015,Customer_204,East,New York,Houston,Furniture,Bookcases,26.31,5,294.2
CA-2015-100228,15-06-2018,Customer_486,East,New York,Chicago,Technology,Phones,62.4,10,156.59
CA-2016-100229,07-04-2017,Customer_247,Central,New York,Miami,Furniture,Chairs,109.92,1,-79.04
CA-2017-100230,19-02-2018,Customer_85,South,New York,Houston,Office Supplies,Storage,996.02,1,231.3
CA-2018-100231,16-10-2017,Customer_161,South,New York,New York City,Office Supplies,Paper,566.89,8,89.33
CA-2015-100232,16-10-2017,Customer_323,Central,Illinois,Los Angeles,Technology,Copiers,300.69,1,231.37
CA-2016-100233,26-03-2018,Customer_452,South,Florida,Chicago,Office Supplies,Binders,665.05,3,-39.53
CA-2017-100234,13-01-2015,Customer_488,Central,Florida,New York City,Technology,Phones,784.57,5,19.71
CA-2018-100235,22-10-2016,Customer_500,East,New York,Miami,Furniture,Tables,47.74,4,212.32
CA-2015-100236,06-02-2017,Customer_463,West,Illinois,New York City,Furniture,Bookcases,25.34,9,94.48
CA-2016-100237,12-04-2016,Customer_349,Central,California,Chicago,Technology,Accessories,660.57,2,1.5
CA-2017-100238,11-03-2017,Customer_164,East,California,Chicago,Furniture,Tables,452.62,7,51.82
CA-2018-100239,15-12-2018,Customer_272,Central,Florida,Miami,Technology,Accessories,230.42,2,254.24
CA-2015-100240,09-08-2016,Customer_440,East,California,Los Angeles,Office Supplies,Paper,600.81,7,190.9
CA-2016-100241,04-06-2018,Customer_69,West,Texas,Miami,Furniture,Chairs,647.43,10,130.68
CA-2017-100242,10-06-2015,Customer_13,Central,Florida,Los Angeles,Office Supplies,Binders,662.5,2,-71.64
CA-2018-100243,19-01-2016,Customer_264,East,Illinois,Miami,Technology,Copiers,835.56,9,276.58
CA-2015-100244,23-04-2018,Customer_301,East,Texas,New York City,Furniture,Bookcases,686.96,3,225.11
CA-2016-100245,23-02-2018,Customer_450,East,Florida,Chicago,Furniture,Bookcases,246.18,7,237.1
CA-2017-100246,05-10-2015,Customer_312,South,New York,Miami,Furniture,Chairs,362.15,1,227.56
CA-2018-100247,12-02-2017,Customer_139,East,Illinois,Miami,Furniture,Chairs,71.4,3,-29.27
CA-2015-100248,06-07-2017,Customer_132,West,New York,Los Angeles,Technology,Phones,167.87,6,22.98
CA-2016-100249,21-05-2016,Customer_220,Central,Illinois,Los Angeles,Furniture,Tables,943.47,1,265.0
CA-2017-100250,30-03-2015,Customer_130,East,New York,Los Angeles,Office Supplies,Paper,858.39,4,-67.96
CA-2018-100251,16-02-2018,Customer_109,West,Texas,Los Angeles,Furniture,Bookcases,883.98,10,76.39
CA-2015-100252,18-06-2015,Customer_388,Central,Florida,Los Angeles,Technology,Copiers,778.33,3,90.55
CA-2016-100253,14-01-2015,Customer_36,East,New York,Chicago,Furniture,Chairs,141.75,6,20.1
CA-2017-100254,24-11-2015,Customer_422,West,Texas,Miami,Furniture,Chairs,441.85,2,93.68
CA-2018-100255,05-07-2018,Customer_236,West,New York,Los Angeles,Technology,Phones,846.73,9,105.8
CA-2015-100256,05-11-2018,Customer_411,Central,Florida,Houston,Office Supplies,Binders,367.97,8,19.1
CA-2016-100257,04-04-2017,Customer_236,West,California,Houston,Furniture,Chairs,24.98,6,236.08
CA-2017-100258,08-03-2018,Customer_202,Central,Illinois,Chicago,Technology,Copiers,827.48,6,-96.27
CA-2018-100259,24-04-2015,Customer_271,South,New York,Chicago,Technology,Accessories,476.53,5,213.25
CA-2015-100260,22-03-2018,Customer_97,South,Florida,Houston,Furniture,Bookcases,525.9,5,144.01
CA-2016-100261,07-10-2018,Customer_178,South,Illinois,New York City,Office Supplies,Binders,961.58,7,-9.21
CA-2017-100262,15-11-2018,Customer_157,South,Illinois,Los Angeles,Furniture,Tables,248.96,3,10.71
CA-2018-100263,03-11-2018,Customer_154,East,New York,Miami,Furniture,Chairs,167.42,5,247.91
CA-2015-100264,11-02-2017,Customer_24,West,Texas,Houston,Technology,Copiers,172.29,1,158.34
CA-2016-100265,19-11-2016,Customer_91,Central,New York,Houston,Office Supplies,Binders,406.92,9,-58.08
CA-2017-100266,26-05-2017,Customer_364,East,New York,Chicago,Technology,Copiers,334.34,6,253.08
CA-2018-100267,07-08-2017,Customer_110,East,Illinois,New York City,Technology,Copiers,605.15,7,237.94
CA-2015-100268,23-09-2018,Customer_160,Central,Florida,Los Angeles,Technology,Phones,180.82,7,117.44
CA-2016-100269,10-07-2017,Customer_126,East,Illinois,Houston,Technology,Phones,625.41,6,-0.06
CA-2017-100270,08-10-2016,Customer_414,West,New York,Miami,Technology,Phones,246.39,6,-47.82
CA-2018-100271,05-04-2015,Customer_178,West,Illinois,Houston,Office Supplies,Storage,427.52,6,120.81
CA-2015-100272,09-08-2018,Customer_131,West,Texas,Houston,Furniture,Tables,437.96,6,85.82
CA-2016-100273,06-07-2016,Customer_97,West,Florida,New York City,Technology,Accessories,472.07,3,215.02
CA-2017-100274,03-02-2017,Customer_300,East,Illinois,Houston,Office Supplies,Paper,907.53,10,130.02
CA-2018-100275,10-01-2019,Customer_241,Central,Florida,Chicago,Furniture,Tables,785.27,5,155.21
CA-2015-100276,31-05-2016,Customer_263,Central,California,Houston,Office Supplies,Binders,15.99,6,210.83
CA-2016-100277,01-01-2017,Customer_96,East,California,Houston,Office Supplies,Binders,277.57,1,166.38
CA-2017-100278,27-02-2016,Customer_287,South,Texas,New York City,Office Supplies,Storage,801.5,7,97.91
CA-2018-100279,20-05-2017,Customer_352,South,Illinois,Los Angeles,Technology,Copiers,262.88,2,103.9
CA-2015-100280,30-12-2016,Customer_287,South,Florida,Chicago,Office Supplies,Paper,125.17,5,153.93
CA-2016-100281,22-10-2018,Customer_350,South,Florida,Miami,Furniture,Chairs,815.55,2,70.26
CA-2017-100282,12-03-2017,Customer_356,Central,New York,Miami,Technology,Phones,584.48,6,-11.39
CA-2018-100283,31-12-2016,Customer_237,West,Illinois,Miami,Furniture,Tables,925.48,2,-21.99
CA-2015-100284,13-11-2015,Customer_496,West,Texas,Miami,Office Supplies,Storage,267.17,4,253.17
CA-2016-100285,16-12-2016,Customer_500,Central,Florida,New York City,Office Supplies,Binders,466.25,5,257.69
CA-2017-100286,21-06-2018,Customer_397,Central,Texas,Los Angeles,Technology,Phones,831.5,9,21.55
CA-2018-100287,11-11-2016,Customer_139,West,Florida,Houston,Office Supplies,Paper,324.24,1,124.1
CA-2015-100288,10-08-2016,Customer_331,South,Florida,Miami,Office Supplies,Storage,730.43,2,-93.52
CA-2016-100289,18-05-2017,Customer_337,Central,Florida,Houston,Office Supplies,Storage,949.85,7,-57.04
CA-2017-100290,26-05-2017,Customer_196,Central,Texas,Houston,Office Supplies,Binders,970.21,6,87.61
CA-2018-100291,13-07-2018,Customer_358,Central,California,Los Angeles,Office Supplies,Binders,782.88,8,-77.59
CA-2015-100292,14-04-2017,Customer_249,West,Illinois,Los Angeles,Office Supplies,Paper,495.52,8,182.27
CA-2016-100293,08-11-2015,Customer_193,Central,California,New York City,Furniture,Bookcases,602.97,6,200.24
CA-2017-100294,10-02-2015,Customer_334,Central,Texas,Houston,Technology,Phones,638.21,7,7.77
CA-2018-100295,14-12-2018,Customer_144,East,New York,Miami,Office Supplies,Binders,825.99,4,-55.0
CA-2015-100296,16-05-2016,Customer_479,South,Florida,Houston,Furniture,Bookcases,283.97,8,204.11
CA-2016-100297,15-01-2016,Customer_245,East,Illinois,Miami,Technology,Copiers,422.22,8,-26.57
CA-2017-100298,18-06-2017,Customer_495,Central,Florida,Chicago,Furniture,Chairs,398.3,7,192.84
CA-2018-100299,20-04-2015,Customer_481,South,Florida,Chicago,Office Supplies,Storage,492.47,2,-77.62
CA-2015-100300,29-11-2018,Customer_42,East,Florida,New York City,Furniture,Bookcases,628.43,3,210.38
CA-2016-100301,19-11-2016,Customer_378,Central,California,Los Angeles,Technology,Accessories,70.55,3,1.65
CA-2017-100302,30-05-2017,Customer_389,Central,Texas,Houston,Technology,Phones,772.51,9,-0.96
CA-2018-100303,01-10-2016,Customer_381,South,California,Los Angeles,Office Supplies,Binders,881.38,3,176.77
CA-2015-100304,25-01-2017,Customer_457,Central,Texas,New York City,Office Supplies,Binders,469.59,7,173.36
CA-2016-100305,04-02-2016,Customer_210,Central,California,New York City,Office Supplies,Storage,976.07,5,166.39
CA-2017-100306,12-08-2016,Customer_384,Central,Texas,New York City,Furniture,Bookcases,620.16,7,171.71
CA-2018-100307,22-01-2019,Customer_398,East,New York,New York City,Office Supplies,Paper,812.46,7,129.71
CA-2015-100308,19-02-2015,Customer_494,South,New York,Miami,Furniture,Tables,557.62,5,250.13
CA-2016-100309,01-01-2016,Customer_499,South,California,New York City,Technology,Phones,697.83,4,180.74
CA-2017-100310,18-04-2015,Customer_97,East,Texas,New York City,Technology,Accessories,394.97,2,199.07
CA-2018-100311,09-08-2016,Customer_394,West,California,Los Angeles,Furniture,Chairs,709.16,7,128.4
CA-2015-100312,15-07-2015,Customer_337,Central,Florida,Los Angeles,Office Supplies,Storage,818.22,2,186.37
CA-2016-100313,23-06-2015,Customer_105,Central,New York,Houston,Office Supplies,Binders,631.53,10,66.79
CA-2017-100314,25-01-2019,Customer_127,South,New York,New York City,Furniture,Tables,879.08,1,166.69
CA-2018-100315,01-02-2016,Customer_180,East,Illinois,Miami,Technology,Phones,800.48,9,294.01
CA-2015-100316,18-09-2016,Customer_156,Central,California,Chicago,Technology,Copiers,877.95,2,24.82
CA-2016-100317,08-03-2015,Customer_347,Central,New York,Los Angeles,Furniture,Chairs,662.4,8,55.27
CA-2017-100318,12-08-2017,Customer_385,East,Illinois,Los Angeles,Technology,Accessories,96.9,3,72.53
CA-2018-100319,20-06-2018,Customer_47,South,Illinois,Chicago,Technology,Phones,320.19,6,218.84
CA-2015-100320,15-02-2018,Customer_427,East,Texas,Chicago,Office Supplies,Binders,785.62,6,105.19
CA-2016-100321,25-12-2016,Customer_338,East,Florida,Los Angeles,Technology,Copiers,591.21,8,298.93
CA-2017-100322,02-08-2015,Customer_39,West,Illinois,Miami,Office Supplies,Binders,487.51,8,62.15
CA-2018-100323,29-10-2015,Customer_76,Central,New York,New York City,Office Supplies,Binders,337.74,10,180.91
CA-2015-100324,27-01-2016,Customer_462,Central,Texas,Chicago,Furniture,Bookcases,79.72,7,-36.5
CA-2016-100325,21-10-2016,Customer_307,East,New York,Los Angeles,Office Supplies,Paper,256.98,7,-62.85
CA-2017-100326,17-12-2015,Customer_251,Central,Illinois,Chicago,Technology,Accessories,467.17,1,127.56
CA-2018-100327,01-02-2016,Customer_214,East,Illinois,Los Angeles,Technology,Copiers,709.0,1,-4.37
CA-2015-100328,18-05-2018,Customer_270,Central,California,Houston,Furniture,Tables,507.84,8,192.68
CA-2016-100329,15-04-2017,Customer_139,East,California,Los Angeles,Technology,Phones,357.63,3,-8.36
CA-2017-100330,12-10-2015,Customer_334,South,Florida,New York City,Technology,Copiers,740.35,3,122.97
CA-2018-100331,24-03-2017,Customer_396,Central,New York,Miami,Technology,Phones,94.91,1,236.9
CA-2015-100332,08-01-2017,Customer_370,East,New York,Chicago,Office Supplies,Paper,352.42,2,263.07
CA-2016-100333,04-03-2018,Customer_422,South,Texas,Los Angeles,Office Supplies,Paper,520.47,10,269.82
CA-2017-100334,04-12-2017,Customer_434,Central,New York,Los Angeles,Furniture,Tables,397.85,3,95.89
CA-2018-100335,01-09-2015,Customer_388,West,Illinois,New York City,Office Supplies,Paper,935.63,4,16.65
CA-2015-100336,26-09-2018,Customer_42,West,Illinois,Miami,Office Supplies,Paper,170.07,4,155.38
CA-2016-100337,23-04-2018,Customer_208,East,Illinois,Chicago,Technology,Copiers,795.87,2,-53.23
CA-2017-100338,04-02-2015,Customer_426,East,California,Los Angeles,Furniture,Chairs,483.22,8,133.58
CA-2018-100339,25-08-2018,Customer_392,Central,Illinois,Houston,Furniture,Chairs,533.74,8,66.69
CA-2015-100340,23-06-2015,Customer_14,West,Texas,Chicago,Technology,Copiers,919.91,8,-93.55
CA-2016-100341,31-01-2017,Customer_409,East,Illinois,Los Angeles,Furniture,Bookcases,646.8,7,155.54
CA-2017-100342,21-02-2016,Customer_416,Central,Texas,New York City,Furniture,Bookcases,919.91,1,255.76
CA-2018-100343,14-04-2017,Customer_51,Central,California,Miami,Furniture,Chairs,352.8,6,130.02
CA-2015-100344,22-03-2015,Customer_241,East,Illinois,New York City,Office Supplies,Binders,491.38,4,45.04
CA-2016-100345,10-03-2018,Customer_243,South,California,Chicago,Technology,Copiers,88.87,10,-3.67
CA-2017-100346,20-04-2015,Customer_488,East,Illinois,Los Angeles,Furniture,Bookcases,639.21,5,53.69
CA-2018-100347,27-12-2017,Customer_485,Central,California,Houston,Furniture,Bookcases,606.92,7,131.13
CA-2015-100348,28-09-2015,Customer_439,West,Texas,Los Angeles,Furniture,Tables,591.97,4,250.58
CA-2016-100349,11-09-2017,Customer_75,East,Illinois,Miami,Office Supplies,Binders,951.63,7,34.98
CA-2017-100350,23-10-2018,Customer_455,East,Texas,Houston,Furniture,Chairs,868.34,10,169.0
CA-2018-100351,25-04-2017,Customer_487,Central,Texas,New York City,Office Supplies,Storage,888.74,8,149.21
CA-2015-100352,01-01-2015,Customer_418,South,California,Houston,Technology,Phones,755.31,8,260.96
CA-2016-100353,02-10-2017,Customer_340,Central,New York,Miami,Furniture,Tables,918.2,6,40.41
CA-2017-100354,04-01-2018,Customer_84,Central,Texas,Chicago,Furniture,Tables,881.33,3,233.79
CA-2018-100355,30-03-2015,Customer_498,West,Texas,Los Angeles,Furniture,Bookcases,380.71,9,111.15
CA-2015-100356,20-01-2017,Customer_279,West,New York,Houston,Technology,Copiers,843.7,6,191.33
CA-2016-100357,01-02-2015,Customer_275,South,Texas,Miami,Office Supplies,Paper,507.29,7,25.48
CA-2017-100358,10-11-2018,Customer_489,West,California,Los Angeles,Furniture,Tables,395.89,6,169.71
CA-2018-100359,14-05-2015,Customer_411,East,Florida,Chicago,Furniture,Chairs,497.84,7,99.16
CA-2015-100360,21-02-2015,Customer_460,South,Texas,New York City,Technology,Accessories,441.98,2,54.04
CA-2016-100361,15-04-2016,Customer_479,East,California,New York City,Furniture,Chairs,802.27,10,-46.21
CA-2017-100362,17-02-2018,Customer_99,West,Illinois,Los Angeles,Furniture,Tables,254.52,4,235.09
CA-2018-100363,17-08-2016,Customer_65,South,New York,New York City,Office Supplies,Storage,522.34,2,286.64
CA-2015-100364,08-07-2016,Customer_71,West,California,Los Angeles,Office Supplies,Storage,487.33,7,161.78
CA-2016-100365,21-01-2017,Customer_87,South,New York,Los Angeles,Technology,Phones,322.56,2,110.66
CA-2017-100366,13-11-2016,Customer_446,West,New York,Chicago,Furniture,Bookcases,345.99,3,181.54
CA-2018-100367,28-05-2016,Customer_109,South,Texas,Miami,Technology,Copiers,993.89,2,246.21
CA-2015-100368,24-04-2015,Customer_119,West,Florida,Los Angeles,Technology,Accessories,492.72,7,153.47
CA-2016-100369,29-12-2018,Customer_302,West,Illinois,Houston,Technology,Copiers,678.27,4,-45.38
CA-2017-100370,15-02-2017,Customer_459,East,Texas,Los Angeles,Office Supplies,Binders,680.07,6,82.16
CA-2018-100371,22-03-2015,Customer_57,Central,Florida,Miami,Technology,Phones,469.89,1,83.98
CA-2015-100372,07-01-2015,Customer_124,East,Illinois,New York City,Furniture,Tables,833.17,1,51.22
CA-2016-100373,19-06-2017,Customer_438,West,Illinois,Chicago,Technology,Phones,708.35,9,246.59
CA-2017-100374,26-07-2016,Customer_163,East,Florida,Houston,Office Supplies,Storage,40.51,7,197.83
CA-2018-100375,19-06-2015,Customer_308,East,Florida,New York City,Furniture,Chairs,922.19,3,55.51
CA-2015-100376,15-02-2016,Customer_438,East,Texas,Los Angeles,Technology,Copiers,377.84,7,279.37
CA-2016-100377,28-06-2018,Customer_437,East,Illinois,Miami,Furniture,Chairs,369.51,2,201.98
CA-2017-100378,02-03-2016,Customer_85,East,California,New York City,Furniture,Bookcases,232.8,7,103.48
CA-2018-100379,26-09-2016,Customer_227,South,New York,Chicago,Furniture,Bookcases,385.1,3,199.97
CA-2015-100380,14-11-2016,Customer_412,East,Texas,New York City,Technology,Phones,28.77,1,290.62
CA-2016-100381,16-12-2016,Customer_379,East,Florida,Los Angeles,Office Supplies,Paper,577.17,9,116.94
CA-2017-100382,18-01-2015,Customer_318,West,New York,Miami,Office Supplies,Paper,161.49,6,-71.83
CA-2018-100383,11-02-2015,Customer_109,West,California,Chicago,Office Supplies,Binders,919.38,5,-83.11
CA-2015-100384,30-04-2018,Customer_183,South,Texas,Chicago,Office Supplies,Storage,662.85,9,213.02
CA-2016-100385,07-08-2016,Customer_302,East,Texas,Miami,Office Supplies,Paper,829.13,8,55.93
CA-2017-100386,21-05-2017,Customer_271,West,Illinois,Los Angeles,Technology,Phones,305.5,3,209.93
CA-2018-100387,02-12-2017,Customer_446,West,Texas,Chicago,Office Supplies,Binders,746.25,8,78.57
CA-2015-100388,16-07-2018,Customer_33,Central,Texas,New York City,Office Supplies,Storage,845.85,4,71.2
CA-2016-100389,08-05-2018,Customer_119,West,Illinois,Los Angeles,Technology,Accessories,337.53,2,16.88
CA-2017-100390,09-12-2017,Customer_408,East,Illinois,Houston,Technology,Accessories,240.47,9,178.9
CA-2018-100391,02-01-2017,Customer_255,East,Florida,Chicago,Office Supplies,Paper,664.07,8,109.51
CA-2015-100392,14-06-2015,Customer_183,East,Texas,New York City,Technology,Copiers,377.05,5,125.19
CA-2016-100393,27-07-2017,Customer_103,Central,California,Los Angeles,Office Supplies,Paper,406.33,10,186.56
CA-2017-100394,12-05-2016,Customer_443,Central,New York,Miami,Office Supplies,Storage,785.48,2,162.49
CA-2018-100395,11-03-2016,Customer_448,West,Texas,Los Angeles,Furniture,Bookcases,676.26,7,118.59
CA-2015-100396,24-11-2018,Customer_26,Central,Illinois,Miami,Office Supplies,Binders,587.35,9,121.31
CA-2016-100397,05-10-2017,Customer_11,South,Florida,Miami,Office Supplies,Binders,365.51,4,273.32
CA-2017-100398,29-01-2018,Customer_256,Central,Texas,Miami,Technology,Accessories,344.47,4,81.37
CA-2018-100399,25-02-2015,Customer_54,West,Texas,Los Angeles,Office Supplies,Storage,898.65,4,107.08
CA-2015-100400,01-12-2017,Customer_370,West,California,Houston,Office Supplies,Binders,593.36,4,-69.13
CA-2016-100401,24-03-2018,Customer_378,South,Illinois,Houston,Furniture,Tables,226.92,9,152.68
CA-2017-100402,10-03-2016,Customer_20,South,Florida,New York City,Office Supplies,Paper,717.47,3,-36.04
CA-2018-100403,09-08-2016,Customer_343,East,Texas,Chicago,Furniture,Chairs,597.92,6,167.36
CA-2015-100404,01-09-2017,Customer_454,Central,Texas,New York City,Technology,Accessories,945.88,3,212.39
CA-2016-100405,10-10-2018,Customer_171,West,New York,Miami,Office Supplies,Binders,236.41,8,-18.92
CA-2017-100406,29-02-2016,Customer_122,South,Florida,Los Angeles,Technology,Accessories,839.59,3,122.48
CA-2018-100407,07-04-2016,Customer_160,Central,California,Miami,Furniture,Bookcases,845.09,8,48.13
CA-2015-100408,23-04-2017,Customer_190,South,New York,Los Angeles,Furniture,Chairs,181.21,4,261.05
CA-2016-100409,17-07-2016,Customer_343,Central,New York,Los Angeles,Furniture,Bookcases,190.02,4,184.33
CA-2017-100410,04-01-2018,Customer_167,West,New York,Los Angeles,Furniture,Tables,260.41,1,150.05
CA-2018-100411,11-07-2015,Customer_265,East,Illinois,Miami,Furniture,Tables,100.36,6,192.07
CA-2015-100412,03-03-2015,Customer_167,South,Illinois,Miami,Furniture,Chairs,288.24,3,283.38
CA-2016-100413,08-12-2015,Customer_399,West,Illinois,Los Angeles,Office Supplies,Paper,171.16,1,139.31
CA-2017-100414,24-07-2018,Customer_348,Central,California,New York City,Technology,Phones,105.43,7,186.25
CA-2018-100415,08-10-2017,Customer_228,West,Texas,Chicago,Office Supplies,Binders,396.45,8,206.99
CA-2015-100416,04-07-2017,Customer_238,East,Florida,Miami,Technology,Accessories,735.18,6,77.86
CA-2016-100417,18-11-2015,Customer_49,Central,Florida,Los Angeles,Technology,Accessories,65.85,8,7.96
CA-2017-100418,03-04-2015,Customer_109,East,Illinois,Los Angeles,Technology,Copiers,474.2,2,200.56
CA-2018-100419,17-04-2018,Customer_448,South,Florida,Miami,Technology,Copiers,699.13,4,108.85
CA-2015-100420,31-10-2017,Customer_209,West,Illinois,Chicago,Technology,Copiers,58.2,5,249.43
CA-2016-100421,08-09-2016,Customer_460,West,Illinois,Miami,Technology,Copiers,182.89,3,124.3
CA-2017-100422,26-12-2018,Customer_413,Central,California,Los Angeles,Furniture,Bookcases,256.05,3,97.28
CA-2018-100423,13-05-2015,Customer_189,East,New York,Houston,Furniture,Tables,887.98,6,-67.95
CA-2015-100424,11-08-2016,Customer_175,South,New York,Chicago,Technology,Accessories,781.83,3,231.88
CA-2016-100425,20-10-2015,Customer_23,West,New York,Chicago,Technology,Accessories,956.0,2,92.85
CA-2017-100426,19-05-2016,Customer_353,West,Florida,Miami,Furniture,Chairs,740.15,1,83.39
CA-2018-100427,27-06-2017,Customer_50,East,Texas,Chicago,Office Supplies,Storage,132.38,1,237.01
CA-2015-100428,23-11-2017,Customer_206,Central,Texas,Miami,Technology,Accessories,112.21,1,-77.04
CA-2016-100429,07-02-2015,Customer_255,West,Florida,New York City,Furniture,Chairs,535.0,3,101.76
CA-2017-100430,04-08-2017,Customer_410,South,New York,Los Angeles,Office Supplies,Paper,548.12,4,179.02
CA-2018-100431,11-12-2015,Customer_393,South,New York,Chicago,Office Supplies,Paper,930.62,7,272.53
CA-2015-100432,16-07-2018,Customer_65,East,Texas,Miami,Technology,Phones,144.49,9,194.49
CA-2016-100433,31-05-2015,Customer_479,Central,Illinois,Miami,Technology,Accessories,575.91,2,211.37
CA-2017-100434,25-04-2015,Customer_492,West,Illinois,Miami,Office Supplies,Paper,407.67,8,105.05
CA-2018-100435,09-08-2018,Customer_311,West,Illinois,New York City,Office Supplies,Paper,253.28,6,42.54
CA-2015-100436,06-09-2015,Customer_295,South,New York,Los Angeles,Furniture,Chairs,409.41,10,28.9
CA-2016-100437,01-11-2015,Customer_243,West,Florida,Los Angeles,Office Supplies,Paper,298.21,10,-27.43
CA-2017-100438,09-08-2017,Customer_117,West,Florida,Los Angeles,Technology,Phones,210.01,10,98.04
CA-2018-100439,18-10-2018,Customer_430,Central,California,Houston,Furniture,Tables,267.54,2,-80.41
CA-2015-100440,14-01-2015,Customer_221,South,New York,New York City,Furniture,Bookcases,272.97,2,200.4
CA-2016-100441,04-05-2015,Customer_217,Central,California,Chicago,Furniture,Chairs,112.15,2,172.0
CA-2017-100442,25-02-2018,Customer_197,Central,Florida,Chicago,Furniture,Chairs,611.05,2,84.91
CA-2018-100443,25-08-2018,Customer_240,East,Florida,Chicago,Furniture,Chairs,575.51,2,67.4
CA-2015-100444,03-08-2015,Customer_11,Central,Florida,Miami,Office Supplies,Binders,613.53,10,-53.03
CA-2016-100445,27-09-2015,Customer_239,East,Florida,Chicago,Office Supplies,Storage,611.88,4,-61.14
CA-2017-100446,17-12-2016,Customer_443,East,Florida,Los Angeles,Office Supplies,Storage,906.24,3,0.61
CA-2018-100447,14-05-2015,Customer_199,East,Texas,Chicago,Technology,Copiers,387.29,1,254.78
CA-2015-100448,16-01-2019,Customer_114,East,Illinois,Los Angeles,Office Supplies,Paper,953.01,9,273.06
CA-2016-100449,28-05-2015,Customer_94,East,California,Houston,Technology,Phones,876.34,1,117.5
CA-2017-100450,03-01-2016,Customer_321,West,Texas,Miami,Technology,Copiers,864.54,8,175.24
CA-2018-100451,19-01-2017,Customer_133,East,Florida,New York City,Technology,Phones,603.35,9,78.03
CA-2015-100452,17-01-2016,Customer_404,South,New York,Chicago,Technology,Copiers,398.14,8,80.48
CA-2016-100453,28-05-2018,Customer_2,East,California,Los Angeles,Furniture,Tables,800.11,3,121.65
CA-2017-100454,20-08-2018,Customer_349,West,Texas,Los Angeles,Office Supplies,Paper,934.55,6,278.21
CA-2018-100455,17-07-2017,Customer_58,West,New York,Chicago,Furniture,Bookcases,707.57,8,218.17
CA-2015-100456,23-06-2018,Customer_388,West,California,New York City,Furniture,Bookcases,526.52,10,105.14
CA-2016-100457,08-08-2015,Customer_333,East,Illinois,Los Angeles,Technology,Accessories,214.7,4,4.41
CA-2017-100458,04-09-2015,Customer_226,East,Texas,New York City,Furniture,Tables,453.17,3,-58.29
CA-2018-100459,07-02-2016,Customer_488,South,New York,Miami,Office Supplies,Paper,199.08,6,205.16
CA-2015-100460,25-01-2018,Customer_321,East,Illinois,Houston,Office Supplies,Binders,621.68,5,161.83
CA-2016-100461,03-07-2016,Customer_403,Central,California,Houston,Technology,Phones,450.81,5,-76.23
CA-2017-100462,18-01-2015,Customer_408,West,Florida,Miami,Office Supplies,Storage,106.44,9,-57.62
CA-2018-100463,06-03-2018,Customer_448,West,Illinois,Miami,Office Supplies,Binders,55.91,9,-18.36
CA-2015-100464,04-02-2015,Customer_400,South,Illinois,Houston,Office Supplies,Binders,174.47,6,245.55
CA-2016-100465,29-03-2018,Customer_134,East,Texas,Los Angeles,Office Supplies,Binders,807.4,1,52.79
CA-2017-100466,26-10-2016,Customer_357,Central,New York,Houston,Office Supplies,Storage,546.88,8,299.09
CA-2018-100467,17-10-2018,Customer_158,West,New York,New York City,Office Supplies,Storage,916.27,8,-45.26
CA-2015-100468,26-04-2016,Customer_12,South,Florida,Chicago,Office Supplies,Paper,81.54,1,-56.82
CA-2016-100469,06-08-2016,Customer_496,Central,Florida,Los Angeles,Furniture,Bookcases,630.19,1,54.07
CA-2017-100470,30-03-2016,Customer_120,West,Texas,Miami,Office Supplies,Binders,955.97,5,271.68
CA-2018-100471,21-03-2018,Customer_167,West,New York,New York City,Furniture,Chairs,51.73,3,-23.61
CA-2015-100472,09-03-2017,Customer_243,West,Illinois,New York City,Office Supplies,Paper,315.19,6,242.62
CA-2016-100473,19-02-2017,Customer_237,Central,Illinois,Miami,Office Supplies,Paper,604.31,6,193.63
CA-2017-100474,12-02-2016,Customer_276,West,New York,Los Angeles,Technology,Copiers,296.47,5,222.67
CA-2018-100475,06-11-2018,Customer_36,Central,Illinois,Houston,Technology,Copiers,619.21,9,-57.51
CA-2015-100476,22-05-2015,Customer_499,West,California,Houston,Furniture,Bookcases,252.43,4,-92.35
CA-2016-100477,15-01-2018,Customer_123,Central,Texas,New York City,Office Supplies,Binders,837.26,6,-59.45
CA-2017-100478,14-02-2017,Customer_205,Central,Illinois,Los Angeles,Furniture,Chairs,216.74,6,260.43
CA-2018-100479,18-06-2015,Customer_121,South,California,Chicago,Furniture,Chairs,889.34,8,102.4
CA-2015-100480,14-12-2016,Customer_375,Central,Florida,Los Angeles,Office Supplies,Paper,212.3,5,-3.54
CA-2016-100481,16-11-2016,Customer_135,East,New York,Houston,Furniture,Tables,480.83,6,14.26
CA-2017-100482,06-08-2016,Customer_451,South,California,Miami,Office Supplies,Paper,671.64,7,170.85
CA-2018-100483,07-11-2016,Customer_100,West,Florida,New York City,Technology,Accessories,688.95,3,123.64
CA-2015-100484,27-12-2016,Customer_51,East,Florida,Chicago,Technology,Copiers,402.28,9,294.79
CA-2016-100485,14-02-2015,Customer_455,West,New York,New York City,Technology,Accessories,700.28,5,69.06
CA-2017-100486,26-12-2015,Customer_383,East,Texas,Miami,Office Supplies,Storage,77.09,6,99.42
CA-2018-100487,03-04-2016,Customer_125,East,California,Miami,Furniture,Bookcases,928.07,6,-80.3
CA-2015-100488,23-06-2016,Customer_377,South,New York,New York City,Office Supplies,Binders,355.14,1,238.86
CA-2016-100489,15-02-2018,Customer_282,Central,Illinois,Los Angeles,Technology,Accessories,515.27,5,128.86
CA-2017-100490,20-01-2017,Customer_429,East,Illinois,Houston,Technology,Accessories,183.47,3,260.35
CA-2018-100491,07-08-2018,Customer_208,East,California,New York City,Office Supplies,Paper,350.97,2,-59.73
CA-2015-100492,13-08-2017,Customer_272,South,Texas,Houston,Technology,Copiers,49.72,9,155.12
CA-2016-100493,25-08-2016,Customer_291,South,New York,Miami,Office Supplies,Binders,984.34,7,240.84
CA-2017-100494,07-01-2017,Customer_233,East,Texas,Chicago,Technology,Copiers,356.45,4,139.44
CA-2018-100495,11-02-2015,Customer_93,East,Texas,New York City,Furniture,Tables,705.8,8,103.97
CA-2015-100496,26-02-2018,Customer_205,West,California,Houston,Furniture,Bookcases,298.96,6,205.54
CA-2016-100497,24-06-2016,Customer_97,East,New York,Houston,Furniture,Chairs,476.97,1,70.09
CA-2017-100498,16-09-2017,Customer_39,East,Texas,Los Angeles,Furniture,Bookcases,712.42,10,20.56
CA-2018-100499,16-06-2016,Customer_171,Central,California,Los Angeles,Furniture,Bookcases,220.75,8,123.28
CA-2015-100500,26-11-2018,Customer_152,West,Illinois,Chicago,Furniture,Bookcases,341.91,5,-1.46
CA-2016-100501,14-12-2015,Customer_141,East,Texas,Chicago,Technology,Accessories,735.12,1,297.07
CA-2017-100502,14-03-2018,Customer_66,Central,Texas,Los Angeles,Office Supplies,Storage,819.8,5,285.77
CA-2018-100503,07-09-2017,Customer_467,Central,New York,Chicago,Technology,Copiers,77.47,6,-56.9
CA-2015-100504,26-08-2018,Customer_315,South,Illinois,Miami,Office Supplies,Binders,396.44,2,190.82
CA-2016-100505,24-07-2015,Customer_306,South,California,Chicago,Technology,Copiers,877.29,4,47.58
CA-2017-100506,17-11-2016,Customer_85,West,New York,Miami,Furniture,Bookcases,319.93,4,15.93
CA-2018-100507,16-06-2016,Customer_343,East,New York,Chicago,Furniture,Tables,651.63,5,225.8
CA-2015-100508,24-01-2016,Customer_116,South,New York,Chicago,Office Supplies,Paper,325.67,3,167.87
CA-2016-100509,04-03-2016,Customer_227,West,Florida,New York City,Technology,Accessories,563.92,8,214.84
CA-2017-100510,06-02-2019,Customer_229,Central,Florida,Los Angeles,Technology,Copiers,569.89,9,281.69
CA-2018-100511,05-10-2017,Customer_370,Central,Texas,Chicago,Furniture,Bookcases,366.77,2,83.48
CA-2015-100512,25-01-2017,Customer_62,Central,New York,New York City,Technology,Phones,606.5,4,-35.6
CA-2016-100513,05-01-2018,Customer_196,West,Florida,Chicago,Office Supplies,Paper,865.22,2,239.15
CA-2017-100514,14-03-2018,Customer_69,South,New York,Los Angeles,Technology,Copiers,891.72,3,-98.84
CA-2018-100515,22-09-2016,Customer_433,East,Texas,Houston,Furniture,Bookcases,567.57,1,12.9
CA-2015-100516,13-02-2017,Customer_449,Central,New York,New York City,Office Supplies,Storage,633.2,10,-19.66
CA-2016-100517,26-01-2019,Customer_416,South,Florida,Miami,Office Supplies,Storage,200.27,2,91.82
CA-2017-100518,10-09-2018,Customer_439,Central,New York,Miami,Office Supplies,Binders,475.53,2,5.87
CA-2018-100519,13-05-2017,Customer_183,Central,Texas,Houston,Furniture,Tables,981.8,1,238.46
CA-2015-100520,30-01-2017,Customer_430,West,Texas,New York City,Furniture,Bookcases,199.61,8,250.5
CA-2016-100521,25-04-2016,Customer_453,West,California,New York City,Office Supplies,Storage,71.73,2,266.44
CA-2017-100522,06-04-2017,Customer_327,West,New York,Chicago,Technology,Phones,139.04,9,278.64
CA-2018-100523,23-04-2016,Customer_91,West,Illinois,New York City,Office Supplies,Paper,950.47,6,-54.57
CA-2015-100524,15-04-2017,Customer_20,East,Florida,Chicago,Furniture,Bookcases,586.7,5,247.17
CA-2016-100525,25-08-2015,Customer_392,West,California,Los Angeles,Technology,Accessories,99.31,2,26.52
CA-2017-100526,13-03-2015,Customer_21,Central,California,Chicago,Technology,Phones,463.4,10,144.5
CA-2018-100527,05-02-2019,Customer_79,South,Illinois,New York City,Office Supplies,Paper,684.81,9,181.09
CA-2015-100528,25-10-2017,Customer_30,South,Illinois,Chicago,Technology,Phones,139.44,5,182.7
CA-2016-100529,29-12-2017,Customer_331,South,New York,Miami,Furniture,Tables,437.98,10,216.8
CA-2017-100530,20-08-2018,Customer_311,East,California,Houston,Furniture,Tables,803.76,6,68.6
CA-2018-100531,23-03-2016,Customer_379,South,New York,Miami,Office Supplies,Paper,68.87,10,48.48
CA-2015-100532,14-04-2015,Customer_241,South,Illinois,New York City,Furniture,Tables,685.53,9,148.23
CA-2016-100533,19-09-2016,Customer_443,West,Texas,New York City,Furniture,Bookcases,511.11,10,-93.19
CA-2017-100534,29-11-2016,Customer_56,East,New York,Los Angeles,Furniture,Bookcases,416.66,7,145.26
CA-2018-100535,13-10-2016,Customer_459,West,Illinois,Houston,Furniture,Tables,804.67,3,277.54
CA-2015-100536,28-10-2015,Customer_367,South,New York,New York City,Office Supplies,Paper,993.65,4,17.61
CA-2016-100537,09-12-2018,Customer_454,East,California,Los Angeles,Office Supplies,Paper,162.6,9,207.41
CA-2017-100538,05-01-2016,Customer_46,Central,Texas,Los Angeles,Office Supplies,Paper,304.55,9,291.44
CA-2018-100539,11-01-2018,Customer_112,Central,California,Houston,Furniture,Chairs,193.84,9,-89.64
CA-2015-100540,17-02-2016,Customer_340,Central,Texas,Los Angeles,Office Supplies,Paper,848.65,5,289.58
CA-2016-100541,12-11-2016,Customer_63,West,Illinois,Houston,Technology,Copiers,861.96,3,77.49
CA-2017-100542,19-07-2017,Customer_85,South,New York,Los Angeles,Furniture,Tables,639.77,6,-57.73
CA-2018-100543,19-05-2017,Customer_50,East,Texas,Los Angeles,Furniture,Bookcases,146.67,2,127.6
CA-2015-100544,24-03-2017,Customer_311,Central,Texas,New York City,Office Supplies,Storage,147.18,1,5.65
CA-2016-100545,25-07-2015,Customer_8,Central,Texas,New York City,Office Supplies,Storage,134.42,4,-81.42
CA-2017-100546,01-04-2015,Customer_210,East,Illinois,Houston,Technology,Copiers,228.56,9,43.03
CA-2018-100547,15-08-2016,Customer_341,West,Florida,Chicago,Office Supplies,Paper,264.38,3,251.16
CA-2015-100548,12-01-2015,Customer_367,West,Florida,New York City,Technology,Copiers,191.52,5,291.09
CA-2016-100549,07-11-2016,Customer_183,East,New York,New York City,Technology,Accessories,812.58,8,-23.89
CA-2017-100550,27-12-2016,Customer_307,Central,Illinois,Miami,Technology,Phones,51.8,3,2.29
CA-2018-100551,25-11-2015,Customer_39,South,California,Houston,Technology,Copiers,449.55,1,160.33
CA-2015-100552,06-01-2018,Customer_198,East,California,Chicago,Office Supplies,Paper,121.93,6,235.9
CA-2016-100553,23-07-2017,Customer_230,South,Texas,New York City,Technology,Copiers,594.68,5,-20.63
CA-2017-100554,11-10-2017,Customer_209,West,New York,Los Angeles,Technology,Copiers,25.39,9,-76.53
CA-2018-100555,19-11-2015,Customer_120,East,Texas,Los Angeles,Technology,Phones,438.8,10,48.4
CA-2015-100556,15-07-2017,Customer_413,East,California,Los Angeles,Technology,Accessories,427.29,7,59.37
CA-2016-100557,23-06-2017,Customer_74,South,New York,Miami,Furniture,Chairs,893.98,6,105.75
CA-2017-100558,06-11-2015,Customer_228,Central,Florida,Chicago,Technology,Accessories,133.05,5,-54.74
CA-2018-100559,02-05-2015,Customer_308,South,Florida,Houston,Office Supplies,Paper,268.35,9,280.5
CA-2015-100560,14-09-2016,Customer_237,West,Illinois,Los Angeles,Technology,Accessories,15.3,5,157.56
CA-2016-100561,12-10-2016,Customer_4,East,Texas,Los Angeles,Furniture,Tables,226.02,5,92.22
CA-2017-100562,20-10-2016,Customer_16,West,New York,Miami,Furniture,Bookcases,983.99,5,-12.82
CA-2018-100563,15-09-2018,Customer_151,East,Texas,New York City,Technology,Accessories,497.45,6,123.61
CA-2015-100564,27-01-2018,Customer_155,South,New York,New York City,Office Supplies,Paper,695.24,2,-47.65
CA-2016-100565,17-02-2018,Customer_26,Central,Florida,Houston,Furniture,Chairs,263.35,6,250.81
CA-2017-100566,10-03-2016,Customer_409,Central,California,New York City,Furniture,Bookcases,225.29,7,67.96
CA-2018-100567,17-08-2017,Customer_438,Central,New York,New York City,Furniture,Tables,835.93,5,286.02
CA-2015-100568,05-01-2016,Customer_280,South,California,Los Angeles,Technology,Phones,499.13,2,-1.86
CA-2016-100569,22-05-2018,Customer_266,South,Texas,Los Angeles,Office Supplies,Paper,34.55,2,73.12
CA-2017-100570,26-09-2018,Customer_483,West,Texas,Los Angeles,Office Supplies,Storage,690.52,4,100.43
CA-2018-100571,16-05-2017,Customer_92,East,Texas,Chicago,Office Supplies,Paper,311.71,2,204.34
CA-2015-100572,22-05-2018,Customer_60,Central,New York,Los Angeles,Furniture,Bookcases,107.03,6,263.17
CA-2016-100573,13-10-2016,Customer_261,Central,California,Miami,Technology,Phones,578.89,9,31.44
CA-2017-100574,11-02-2017,Customer_361,West,Texas,Los Angeles,Office Supplies,Storage,975.67,5,34.78
CA-2018-100575,09-08-2016,Customer_420,Central,Florida,New York City,Technology,Accessories,271.56,9,223.29
CA-2015-100576,22-05-2016,Customer_23,East,California,Los Angeles,Office Supplies,Binders,179.81,1,-89.7
CA-2016-100577,20-10-2016,Customer_202,South,California,Miami,Furniture,Chairs,601.76,6,139.37
CA-2017-100578,04-06-2015,Customer_11,West,New York,Chicago,Furniture,Bookcases,539.41,2,208.44
CA-2018-100579,31-07-2017,Customer_494,West,Texas,Chicago,Furniture,Chairs,361.19,8,118.59
CA-2015-100580,24-03-2017,Customer_121,East,California,Los Angeles,Furniture,Tables,561.13,7,-81.81
CA-2016-100581,10-11-2016,Customer_451,East,New York,Los Angeles,Technology,Accessories,679.45,10,-84.38
CA-2017-100582,10-12-2018,Customer_75,Central,New York,Houston,Office Supplies,Paper,728.8,3,112.72
CA-2018-100583,08-05-2015,Customer_244,West,Texas,Chicago,Office Supplies,Binders,413.35,3,222.71
CA-2015-100584,27-11-2018,Customer_147,South,California,Los Angeles,Furniture,Tables,62.41,1,0.24
CA-2016-100585,18-06-2017,Customer_108,South,Texas,Los Angeles,Office Supplies,Paper,267.76,2,183.95
CA-2017-100586,02-04-2018,Customer_478,West,Illinois,New York City,Technology,Accessories,573.96,2,63.89
CA-2018-100587,08-03-2017,Customer_344,Central,Illinois,Houston,Technology,Phones,188.87,6,21.09
CA-2015-100588,14-02-2015,Customer_90,Central,Florida,Chicago,Office Supplies,Binders,761.23,4,-42.93
CA-2016-100589,31-07-2015,Customer_263,East,Texas,Los Angeles,Furniture,Tables,93.89,5,-23.74
CA-2017-100590,09-11-2015,Customer_109,West,Illinois,Miami,Technology,Phones,330.78,1,61.42
CA-2018-100591,08-08-2018,Customer_409,East,Florida,Chicago,Furniture,Tables,66.2,4,-83.58
CA-2015-100592,24-03-2015,Customer_25,East,Illinois,Los Angeles,Technology,Phones,424.64,9,152.5
CA-2016-100593,25-10-2017,Customer_478,South,Florida,Houston,Office Supplies,Storage,789.99,7,-28.73
CA-2017-100594,27-12-2017,Customer_491,West,California,Miami,Technology,Copiers,137.97,9,43.85
CA-2018-100595,02-01-2016,Customer_42,Central,Texas,Los Angeles,Office Supplies,Binders,837.69,1,-8.29
CA-2015-100596,25-12-2017,Customer_369,West,Illinois,Chicago,Office Supplies,Storage,249.34,4,46.52
CA-2016-100597,20-09-2016,Customer_121,Central,Florida,Chicago,Office Supplies,Binders,124.42,10,41.84
CA-2017-100598,19-03-2016,Customer_157,West,California,Houston,Furniture,Tables,793.27,9,126.98
CA-2018-100599,21-04-2016,Customer_485,West,Illinois,Miami,Office Supplies,Binders,461.58,2,257.71
CA-2015-100600,30-08-2017,Customer_460,South,California,Miami,Furniture,Bookcases,946.71,8,-93.64
CA-2016-100601,26-07-2018,Customer_207,Central,Texas,Houston,Office Supplies,Binders,526.19,4,38.61
CA-2017-100602,21-02-2018,Customer_246,East,New York,Houston,Furniture,Tables,490.08,5,-64.66
CA-2018-100603,23-12-2018,Customer_499,East,Illinois,Los Angeles,Office Supplies,Binders,272.46,6,41.22
CA-2015-100604,11-01-2015,Customer_77,Central,California,New York City,Technology,Phones,55.17,2,201.85
CA-2016-100605,22-07-2017,Customer_496,East,Texas,New York City,Technology,Copiers,40.6,3,65.61
CA-2017-100606,07-12-2015,Customer_152,East,California,Houston,Technology,Accessories,604.3,6,144.75
CA-2018-100607,20-12-2015,Customer_216,Central,Illinois,Chicago,Technology,Phones,642.45,4,271.61
CA-2015-100608,06-09-2016,Customer_350,East,Illinois,New York City,Furniture,Tables,155.26,2,101.66
CA-2016-100609,03-10-2015,Customer_439,East,Illinois,Chicago,Office Supplies,Paper,337.2,1,-18.47
CA-2017-100610,20-03-2016,Customer_255,West,New York,Houston,Furniture,Chairs,616.06,7,119.73
CA-2018-100611,08-03-2017,Customer_219,Central,New York,Houston,Furniture,Chairs,603.21,10,28.35
CA-2015-100612,10-11-2015,Customer_300,South,Illinois,New York City,Furniture,Tables,514.32,7,-88.73
CA-2016-100613,05-05-2016,Customer_420,East,Florida,Miami,Office Supplies,Binders,35.96,5,163.14
CA-2017-100614,02-09-2017,Customer_370,West,Illinois,New York City,Technology,Copiers,148.66,9,86.87
CA-2018-100615,12-02-2015,Customer_204,East,California,New York City,Furniture,Bookcases,116.45,4,161.08
CA-2015-100616,19-11-2016,Customer_194,Central,Texas,Miami,Technology,Phones,989.5,8,-69.46
CA-2016-100617,13-04-2017,Customer_393,East,New York,Chicago,Office Supplies,Storage,607.92,3,141.96
CA-2017-100618,26-07-2018,Customer_293,South,California,Chicago,Technology,Accessories,162.4,1,94.68
CA-2018-100619,25-01-2017,Customer_309,East,California,Houston,Technology,Accessories,274.27,4,183.41
CA-2015-100620,14-09-2016,Customer_327,East,California,New York City,Office Supplies,Storage,765.12,6,113.42
CA-2016-100621,13-06-2018,Customer_78,West,New York,Chicago,Furniture,Bookcases,452.02,5,91.04
CA-2017-100622,31-07-2015,Customer_360,South,California,Houston,Furniture,Tables,793.03,8,202.7
CA-2018-100623,11-02-2017,Customer_420,Central,New York,Miami,Furniture,Bookcases,186.63,4,275.97
CA-2015-100624,06-09-2015,Customer_66,Central,Florida,New York City,Furniture,Bookcases,831.84,4,36.64
CA-2016-100625,02-08-2018,Customer_145,Central,California,New York City,Office Supplies,Storage,590.89,5,280.47
CA-2017-100626,01-01-2018,Customer_232,South,New York,New York City,Office Supplies,Binders,179.81,10,48.3
CA-2018-100627,15-09-2015,Customer_372,West,California,Miami,Furniture,Chairs,874.81,5,140.74
CA-2015-100628,10-11-2017,Customer_444,Central,Texas,New York City,Furniture,Tables,732.12,1,165.93
CA-2016-100629,09-12-2017,Customer_244,South,New York,Los Angeles,Office Supplies,Storage,798.18,3,34.62
CA-2017-100630,04-10-2018,Customer_398,Central,California,New York City,Office Supplies,Binders,174.9,8,-40.32
CA-2018-100631,13-04-2017,Customer_257,Central,Texas,Houston,Technology,Copiers,638.11,7,226.76
CA-2015-100632,18-07-2016,Customer_425,East,Illinois,Miami,Furniture,Chairs,348.59,9,281.1
CA-2016-100633,20-03-2017,Customer_463,East,New York,Chicago,Furniture,Chairs,270.95,5,182.84
CA-2017-100634,25-11-2016,Customer_185,Central,Texas,Miami,Technology,Copiers,26.66,2,-71.69
CA-2018-100635,22-11-2017,Customer_140,East,Texas,Houston,Office Supplies,Paper,405.48,8,7.68
CA-2015-100636,21-06-2015,Customer_53,West,Florida,Chicago,Office Supplies,Storage,857.96,8,-41.25
CA-2016-100637,07-05-2017,Customer_381,Central,California,Miami,Technology,Phones,600.25,1,108.34
CA-2017-100638,16-05-2018,Customer_461,East,Texas,Houston,Furniture,Bookcases,189.33,8,171.66
CA-2018-100639,22-03-2015,Customer_414,Central,California,Chicago,Technology,Copiers,449.05,8,210.59
CA-2015-100640,04-01-2016,Customer_90,Central,Texas,Los Angeles,Office Supplies,Storage,450.48,10,231.39
CA-2016-100641,23-08-2017,Customer_336,Central,New York,Houston,Furniture,Tables,296.38,2,32.0
CA-2017-100642,12-07-2015,Customer_114,South,New York,Houston,Furniture,Chairs,77.76,7,103.68
CA-2018-100643,05-11-2015,Customer_500,Central,Illinois,Miami,Office Supplies,Paper,824.03,3,151.48
CA-2015-100644,04-09-2018,Customer_101,East,Illinois,Los Angeles,Furniture,Tables,76.2,5,99.83
CA-2016-100645,18-01-2016,Customer_430,Central,Illinois,Houston,Technology,Copiers,737.07,2,90.18
CA-2017-100646,17-07-2017,Customer_498,East,Texas,Chicago,Technology,Phones,312.95,6,110.0
CA-2018-100647,19-02-2018,Customer_123,West,Illinois,Chicago,Technology,Accessories,666.29,3,-41.47
CA-2015-100648,22-01-2018,Customer_142,East,New York,Miami,Technology,Phones,439.15,5,170.98
CA-2016-100649,07-09-2015,Customer_465,West,New York,New York City,Technology,Phones,242.68,5,-9.78
CA-2017-100650,31-10-2016,Customer_153,West,Florida,Miami,Office Supplies,Paper,51.38,10,-70.6
CA-2018-100651,05-05-2018,Customer_395,East,Florida,Houston,Technology,Copiers,170.31,9,273.48
CA-2015-100652,31-08-2016,Customer_163,Central,New York,Houston,Office Supplies,Binders,164.21,2,74.73
CA-2016-100653,21-02-2016,Customer_278,West,California,Miami,Furniture,Tables,855.1,1,-33.86
CA-2017-100654,21-02-2018,Customer_229,East,California,Chicago,Technology,Copiers,277.44,8,132.16
CA-2018-100655,02-06-2015,Customer_23,Central,New York,New York City,Furniture,Bookcases,795.82,6,184.93
CA-2015-100656,20-11-2016,Customer_226,Central,California,Los Angeles,Furniture,Chairs,538.55,3,284.83
CA-2016-100657,07-11-2017,Customer_316,West,Florida,Chicago,Office Supplies,Storage,377.64,10,114.39
CA-2017-100658,12-09-2016,Customer_256,East,New York,Chicago,Technology,Accessories,613.44,10,-77.91
CA-2018-100659,26-11-2018,Customer_464,East,Florida,Houston,Furniture,Tables,244.78,9,76.57
CA-2015-100660,05-07-2015,Customer_125,South,Florida,Miami,Furniture,Chairs,11.91,3,250.72
CA-2016-100661,01-12-2017,Customer_438,South,California,Houston,Technology,Copiers,89.38,10,-56.3
CA-2017-100662,17-04-2016,Customer_121,East,New York,Miami,Technology,Phones,147.4,1,10.56
CA-2018-100663,09-02-2018,Customer_31,West,Texas,New York City,Technology,Phones,935.25,4,81.93
CA-2015-100664,01-07-2015,Customer_494,South,New York,Los Angeles,Office Supplies,Paper,306.71,1,114.96
CA-2016-100665,20-08-2018,Customer_209,Central,Illinois,Houston,Technology,Copiers,988.59,5,-19.36
CA-2017-100666,10-10-2017,Customer_105,West,Illinois,Los Angeles,Furniture,Bookcases,224.19,2,279.41
CA-2018-100667,09-04-2015,Customer_287,South,Illinois,New York City,Furniture,Bookcases,555.43,10,-73.82
CA-2015-100668,07-01-2018,Customer_328,Central,Texas,Miami,Office Supplies,Binders,796.71,6,32.46
CA-2016-100669,03-02-2019,Customer_154,West,Texas,Houston,Office Supplies,Storage,898.53,8,74.83
CA-2017-100670,24-02-2015,Customer_414,South,Illinois,Houston,Office Supplies,Storage,734.12,8,-29.24
CA-2018-100671,13-12-2017,Customer_459,West,California,Miami,Furniture,Bookcases,864.33,3,278.55
CA-2015-100672,27-07-2016,Customer_328,South,Texas,Los Angeles,Furniture,Tables,107.19,3,180.97
CA-2016-100673,25-12-2017,Customer_325,West,Texas,Houston,Technology,Copiers,467.05,5,120.6
CA-2017-100674,05-05-2017,Customer_468,Central,Texas,Houston,Office Supplies,Storage,631.52,9,-58.76
CA-2018-100675,26-04-2017,Customer_62,South,New York,Chicago,Technology,Copiers,915.55,9,-9.52
CA-2015-100676,24-04-2018,Customer_368,Central,California,Chicago,Furniture,Chairs,107.38,10,276.63
CA-2016-100677,11-02-2016,Customer_235,South,Illinois,Miami,Technology,Accessories,456.92,2,261.23
CA-2017-100678,22-06-2018,Customer_326,South,New York,New York City,Office Supplies,Paper,325.27,6,289.1
CA-2018-100679,04-02-2019,Customer_93,East,Texas,Los Angeles,Office Supplies,Paper,489.83,1,82.71
CA-2015-100680,17-07-2016,Customer_232,East,Texas,Los Angeles,Office Supplies,Paper,343.84,5,222.3
CA-2016-100681,18-02-2016,Customer_103,West,California,New York City,Office Supplies,Storage,896.27,10,-38.73
CA-2017-100682,07-03-2018,Customer_2,South,New York,New York City,Furniture,Chairs,89.53,6,58.19
CA-2018-100683,25-08-2015,Customer_383,South,Illinois,Miami,Furniture,Tables,461.24,7,13.85
CA-2015-100684,16-03-2018,Customer_436,West,Texas,Los Angeles,Technology,Copiers,788.35,10,-65.96
CA-2016-100685,25-10-2015,Customer_481,South,Florida,Chicago,Technology,Phones,91.54,3,-55.74
CA-2017-100686,14-07-2017,Customer_294,East,Texas,Los Angeles,Furniture,Tables,10.37,6,153.86
CA-2018-100687,08-03-2018,Customer_198,East,Illinois,New York City,Office Supplies,Storage,500.95,10,266.64
CA-2015-100688,24-02-2015,Customer_209,South,New York,Houston,Technology,Accessories,722.37,6,2.68
CA-2016-100689,12-02-2018,Customer_237,South,Texas,New York City,Office Supplies,Paper,756.36,8,-57.89
CA-2017-100690,16-12-2016,Customer_228,West,Florida,Chicago,Office Supplies,Paper,599.53,2,-9.29
CA-2018-100691,23-01-2019,Customer_139,East,New York,New York City,Furniture,Bookcases,741.16,10,187.66
CA-2015-100692,15-06-2015,Customer_299,South,California,Miami,Technology,Phones,105.29,8,8.24
CA-2016-100693,16-12-2018,Customer_321,East,California,Miami,Furniture,Chairs,950.63,2,256.3
CA-2017-100694,28-12-2016,Customer_376,East,New York,New York City,Furniture,Chairs,31.01,4,72.26
CA-2018-100695,13-09-2016,Customer_213,East,Illinois,Los Angeles,Technology,Copiers,518.27,2,201.59
CA-2015-100696,15-08-2016,Customer_98,South,Florida,New York City,Technology,Accessories,246.87,3,-30.7
CA-2016-100697,13-09-2015,Customer_200,East,Texas,Chicago,Technology,Accessories,824.39,3,-67.53
CA-2017-100698,06-12-2017,Customer_162,West,Illinois,New York City,Office Supplies,Binders,868.31,3,-17.48
CA-2018-100699,29-09-2015,Customer_256,South,California,Los Angeles,Technology,Copiers,687.04,4,191.6
CA-2015-100700,18-10-2017,Customer_107,West,Florida,New York City,Office Supplies,Storage,741.74,4,25.44
CA-2016-100701,20-10-2015,Customer_348,East,Texas,New York City,Furniture,Bookcases,325.68,1,232.27
CA-2017-100702,07-01-2019,Customer_104,South,New York,Houston,Technology,Phones,184.16,2,133.42
CA-2018-100703,23-09-2018,Customer_271,Central,Illinois,Miami,Furniture,Bookcases,205.14,4,44.36
CA-2015-100704,04-09-2015,Customer_316,Central,Texas,New York City,Technology,Phones,463.04,3,247.56
CA-2016-100705,17-11-2017,Customer_18,East,New York,Los Angeles,Office Supplies,Storage,21.51,6,299.35
CA-2017-100706,21-12-2018,Customer_315,South,New York,New York City,Furniture,Bookcases,573.27,8,-33.38
CA-2018-100707,24-05-2018,Customer_436,East,New York,New York City,Furniture,Chairs,690.49,2,51.22
CA-2015-100708,09-04-2017,Customer_433,East,Florida,Houston,Office Supplies,Binders,894.94,4,-6.72
CA-2016-100709,27-11-2017,Customer_386,Central,Florida,Los Angeles,Technology,Copiers,490.03,5,164.87
CA-2017-100710,23-12-2018,Customer_220,Central,New York,Miami,Furniture,Chairs,940.82,5,252.12
CA-2018-100711,26-04-2018,Customer_404,East,Texas,Chicago,Furniture,Tables,371.09,10,294.65
CA-2015-100712,09-03-2017,Customer_489,South,Illinois,Miami,Technology,Accessories,429.16,2,98.71
CA-2016-100713,18-03-2018,Customer_312,South,California,Miami,Office Supplies,Binders,721.51,7,6.31
CA-2017-100714,27-02-2015,Customer_177,South,Texas,Los Angeles,Furniture,Chairs,837.43,1,139.16
CA-2018-100715,03-12-2017,Customer_282,West,New York,Chicago,Office Supplies,Binders,341.89,8,37.09
CA-2015-100716,03-01-2015,Customer_478,South,Illinois,Los Angeles,Furniture,Tables,161.13,6,194.66
CA-2016-100717,23-06-2017,Customer_15,Central,Florida,Miami,Furniture,Bookcases,722.43,7,-3.28
CA-2017-100718,08-10-2018,Customer_328,Central,New York,New York City,Office Supplies,Paper,230.72,3,89.27
CA-2018-100719,04-06-2016,Customer_459,East,California,Houston,Office Supplies,Binders,444.45,8,87.83
CA-2015-100720,18-08-2018,Customer_55,West,Texas,Miami,Office Supplies,Storage,719.12,6,57.54
CA-2016-100721,06-08-2018,Customer_446,South,Florida,Miami,Technology,Phones,221.12,6,125.71
CA-2017-100722,08-06-2016,Customer_487,Central,California,Houston,Office Supplies,Storage,668.34,9,244.62
CA-2018-100723,04-10-2015,Customer_90,West,New York,Chicago,Furniture,Tables,429.53,2,-56.72
CA-2015-100724,15-12-2017,Customer_368,South,New York,Los Angeles,Furniture,Chairs,409.5,1,106.08
CA-2016-100725,28-05-2015,Customer_167,West,Illinois,Chicago,Office Supplies,Binders,580.24,8,136.12
CA-2017-100726,22-11-2018,Customer_298,South,Texas,Chicago,Furniture,Bookcases,389.27,9,-5.79
CA-2018-100727,02-06-2018,Customer_94,South,Texas,Los Angeles,Furniture,Bookcases,936.1,10,-91.99
CA-2015-100728,30-03-2015,Customer_190,East,Illinois,Chicago,Office Supplies,Binders,685.32,1,-71.19
CA-2016-100729,11-12-2016,Customer_129,West,Illinois,Miami,Office Supplies,Storage,415.55,9,67.73
CA-2017-100730,26-09-2017,Customer_344,East,Texas,Los Angeles,Furniture,Bookcases,165.63,7,136.59
CA-2018-100731,17-06-2017,Customer_83,Central,Florida,Miami,Technology,Copiers,823.45,5,-38.95
CA-2015-100732,19-08-2017,Customer_463,West,New York,Houston,Furniture,Tables,424.58,8,256.12
CA-2016-100733,08-08-2017,Customer_95,West,Illinois,Houston,Office Supplies,Binders,710.95,10,41.84
CA-2017-100734,26-08-2015,Customer_474,South,New York,Houston,Office Supplies,Binders,173.68,1,234.29
CA-2018-100735,23-07-2018,Customer_180,East,Florida,Los Angeles,Technology,Accessories,112.43,5,251.52
CA-2015-100736,25-12-2016,Customer_431,South,Texas,Houston,Technology,Accessories,249.01,5,73.89
CA-2016-100737,08-04-2016,Customer_276,South,Illinois,Chicago,Office Supplies,Binders,196.01,2,-76.13
CA-2017-100738,21-01-2018,Customer_376,West,Texas,Chicago,Furniture,Bookcases,800.31,9,87.93
CA-2018-100739,19-08-2015,Customer_210,Central,California,Chicago,Furniture,Chairs,478.26,3,-75.21
CA-2015-100740,16-05-2018,Customer_433,East,New York,Los Angeles,Technology,Accessories,769.63,7,2.73
CA-2016-100741,04-08-2015,Customer_229,East,Texas,Houston,Office Supplies,Storage,363.76,2,199.94
CA-2017-100742,15-10-2018,Customer_240,East,Texas,Los Angeles,Technology,Copiers,301.78,10,258.14
CA-2018-100743,15-10-2018,Customer_171,East,California,Los Angeles,Office Supplies,Paper,789.77,8,-65.72
CA-2015-100744,21-04-2018,Customer_80,South,Florida,Miami,Office Supplies,Storage,396.06,6,167.76
CA-2016-100745,12-03-2018,Customer_421,West,Texas,Los Angeles,Technology,Phones,390.23,4,-41.15
CA-2017-100746,11-05-2016,Customer_398,Central,Illinois,New York City,Technology,Phones,131.11,7,177.41
CA-2018-100747,25-01-2016,Customer_236,West,Florida,Los Angeles,Office Supplies,Paper,422.68,1,221.09
CA-2015-100748,02-10-2017,Customer_459,South,New York,Chicago,Technology,Phones,47.6,8,190.16
CA-2016-100749,18-12-2015,Customer_46,West,Florida,Houston,Office Supplies,Binders,255.58,6,55.01
CA-2017-100750,20-04-2017,Customer_418,East,New York,Los Angeles,Office Supplies,Paper,327.4,4,186.25
CA-2018-100751,16-05-2015,Customer_456,South,Texas,Miami,Technology,Copiers,581.74,10,108.69
CA-2015-100752,15-05-2018,Customer_180,West,Florida,Los Angeles,Furniture,Tables,638.86,1,92.43
CA-2016-100753,21-07-2015,Customer_221,West,Illinois,Houston,Office Supplies,Binders,900.78,1,31.61
CA-2017-100754,11-01-2016,Customer_240,Central,Texas,Los Angeles,Office Supplies,Storage,862.2,4,221.63
CA-2018-100755,21-04-2015,Customer_203,East,Illinois,Houston,Furniture,Bookcases,268.06,5,-29.43
CA-2015-100756,05-08-2018,Customer_152,South,New York,Miami,Furniture,Tables,380.96,7,278.65
CA-2016-100757,14-03-2018,Customer_306,Central,New York,Los Angeles,Office Supplies,Paper,874.71,9,196.62
CA-2017-100758,28-10-2018,Customer_486,West,Texas,Los Angeles,Furniture,Chairs,91.26,9,270.93
CA-2018-100759,14-10-2016,Customer_323,West,California,Los Angeles,Office Supplies,Paper,574.83,9,132.21
CA-2015-100760,14-12-2017,Customer_291,East,New York,New York City,Furniture,Tables,328.08,4,14.57
CA-2016-100761,23-12-2018,Customer_144,East,California,Houston,Furniture,Chairs,248.05,5,-0.71
CA-2017-100762,05-11-2015,Customer_264,West,Illinois,Los Angeles,Furniture,Tables,886.64,9,-2.26
CA-2018-100763,29-07-2018,Customer_105,Central,Texas,Miami,Technology,Copiers,391.28,5,-91.52
CA-2015-100764,01-02-2017,Customer_4,South,Illinois,Chicago,Technology,Phones,322.7,2,79.9
CA-2016-100765,02-09-2016,Customer_269,Central,Illinois,Houston,Furniture,Tables,716.84,9,182.24
CA-2017-100766,03-03-2015,Customer_175,South,New York,Los Angeles,Office Supplies,Storage,322.72,10,269.29
CA-2018-100767,27-04-2016,Customer_317,West,Florida,Miami,Technology,Phones,390.01,10,224.85
CA-2015-100768,02-11-2016,Customer_169,Central,Texas,Los Angeles,Technology,Accessories,881.26,10,248.01
CA-2016-100769,19-10-2018,Customer_137,South,Texas,Houston,Office Supplies,Binders,657.88,2,-88.65
CA-2017-100770,10-11-2018,Customer_179,East,New York,Houston,Office Supplies,Binders,41.61,3,208.41
CA-2018-100771,03-08-2017,Customer_15,South,Texas,Chicago,Office Supplies,Storage,345.07,3,62.14
CA-2015-100772,21-10-2017,Customer_316,South,New York,Chicago,Furniture,Bookcases,512.86,5,191.27
CA-2016-100773,25-10-2015,Customer_261,East,Illinois,Miami,Technology,Phones,619.13,4,154.19
CA-2017-100774,04-06-2017,Customer_251,West,New York,Houston,Technology,Copiers,322.31,1,46.16
CA-2018-100775,03-12-2016,Customer_32,South,California,Miami,Office Supplies,Paper,581.55,1,143.83
CA-2015-100776,26-06-2016,Customer_371,West,Illinois,Miami,Technology,Phones,579.87,7,239.97
CA-2016-100777,31-07-2016,Customer_483,West,New York,Los Angeles,Furniture,Chairs,884.58,6,31.28
CA-2017-100778,20-04-2017,Customer_148,Central,New York,Miami,Technology,Phones,470.87,3,289.3
CA-2018-100779,05-05-2015,Customer_397,West,New York,Houston,Furniture,Chairs,661.33,10,-99.56
CA-2015-100780,15-07-2018,Customer_106,West,California,New York City,Furniture,Tables,733.86,1,268.22
CA-2016-100781,17-01-2018,Customer_100,South,Illinois,Miami,Furniture,Chairs,614.76,4,141.34
CA-2017-100782,01-06-2015,Customer_337,Central,New York,Los Angeles,Office Supplies,Storage,465.38,4,-43.09
CA-2018-100783,16-12-2017,Customer_441,Central,California,Chicago,Technology,Copiers,154.92,6,-60.06
CA-2015-100784,22-02-2018,Customer_214,West,California,Houston,Office Supplies,Storage,718.02,2,262.61
CA-2016-100785,27-01-2016,Customer_447,Central,Illinois,Los Angeles,Office Supplies,Paper,232.87,4,161.42
CA-2017-100786,12-12-2015,Customer_364,South,New York,Miami,Office Supplies,Binders,735.6,1,181.35
CA-2018-100787,16-02-2017,Customer_438,Central,New York,Chicago,Technology,Copiers,835.85,6,66.85
CA-2015-100788,18-04-2017,Customer_372,Central,New York,Houston,Technology,Phones,92.93,9,6.98
CA-2016-100789,04-04-2015,Customer_265,East,New York,Los Angeles,Technology,Phones,685.91,5,255.7
CA-2017-100790,25-12-2016,Customer_474,East,Texas,New York City,Furniture,Bookcases,279.82,10,76.08
CA-2018-100791,15-11-2018,Customer_371,West,New York,New York City,Furniture,Chairs,472.95,5,-89.46
CA-2015-100792,23-07-2017,Customer_88,Central,New York,Chicago,Office Supplies,Storage,212.96,9,122.21
CA-2016-100793,24-01-2016,Customer_381,South,California,New York City,Office Supplies,Paper,817.06,6,46.31
CA-2017-100794,02-04-2015,Customer_369,Central,Florida,Houston,Office Supplies,Paper,436.1,9,286.07
CA-2018-100795,28-01-2019,Customer_305,East,Illinois,Chicago,Office Supplies,Binders,985.69,8,40.1
CA-2015-100796,16-05-2016,Customer_498,South,Florida,Miami,Office Supplies,Storage,352.84,5,175.73
CA-2016-100797,09-06-2017,Customer_181,South,Texas,Chicago,Technology,Phones,312.96,6,3.97
CA-2017-100798,26-12-2018,Customer_102,South,Illinois,Chicago,Furniture,Tables,710.16,2,39.94
CA-2018-100799,14-06-2018,Customer_386,West,New York,New York City,Office Supplies,Storage,575.63,1,-25.72
CA-2015-100800,20-11-2016,Customer_113,South,Illinois,Chicago,Technology,Phones,584.83,6,133.58
CA-2016-100801,06-01-2015,Customer_163,Central,Florida,Miami,Technology,Accessories,580.46,4,-36.06
CA-2017-100802,08-04-2016,Customer_313,East,Texas,Houston,Technology,Phones,468.31,5,-55.13
CA-2018-100803,30-06-2016,Customer_371,Central,Illinois,Miami,Office Supplies,Binders,82.81,3,133.97
CA-2015-100804,12-07-2018,Customer_51,East,Florida,Houston,Furniture,Bookcases,381.11,5,105.84
CA-2016-100805,04-04-2016,Customer_367,West,Illinois,Miami,Furniture,Tables,95.11,6,-41.97
CA-2017-100806,12-06-2017,Customer_46,South,Illinois,Chicago,Office Supplies,Paper,998.53,9,177.91
CA-2018-100807,27-05-2018,Customer_175,East,Florida,Miami,Technology,Phones,116.21,5,-58.47
CA-2015-100808,29-11-2017,Customer_381,East,California,Los Angeles,Furniture,Bookcases,383.46,6,92.95
CA-2016-100809,11-11-2018,Customer_479,East,Illinois,Miami,Office Supplies,Paper,235.65,5,62.64
CA-2017-100810,12-02-2016,Customer_79,Central,New York,Miami,Office Supplies,Binders,364.72,5,-34.76
CA-2018-100811,03-02-2016,Customer_361,Central,Texas,New York City,Office Supplies,Binders,414.08,9,23.1
CA-2015-100812,13-09-2016,Customer_445,Central,New York,Los Angeles,Furniture,Tables,935.02,1,36.13
CA-2016-100813,15-02-2016,Customer_54,East,Illinois,Chicago,Office Supplies,Paper,886.0,2,26.96
CA-2017-100814,25-09-2018,Customer_176,Central,New York,Miami,Furniture,Tables,402.79,4,208.7
CA-2018-100815,13-09-2016,Customer_304,South,California,New York City,Office Supplies,Paper,356.25,10,21.11
CA-2015-100816,01-11-2018,Customer_385,East,Illinois,Los Angeles,Office Supplies,Paper,652.89,3,164.3
CA-2016-100817,23-11-2018,Customer_93,East,New York,Los Angeles,Office Supplies,Storage,429.78,4,45.95
CA-2017-100818,15-01-2015,Customer_244,West,Illinois,Houston,Office Supplies,Paper,911.7,8,64.84
CA-2018-100819,16-05-2018,Customer_98,East,Texas,Houston,Furniture,Bookcases,451.17,1,-56.21
CA-2015-100820,19-01-2016,Customer_219,Central,New York,Miami,Furniture,Tables,650.81,10,141.37
CA-2016-100821,13-03-2017,Customer_113,South,California,Miami,Technology,Copiers,280.91,4,104.62
CA-2017-100822,02-08-2015,Customer_9,South,California,Chicago,Technology,Copiers,217.47,1,174.32
CA-2018-100823,10-09-2018,Customer_345,South,Texas,New York City,Office Supplies,Binders,48.97,9,144.36
CA-2015-100824,19-03-2018,Customer_382,West,Florida,New York City,Furniture,Bookcases,157.34,8,106.35
CA-2016-100825,05-09-2018,Customer_458,West,Florida,Los Angeles,Furniture,Chairs,102.77,1,-37.21
CA-2017-100826,28-05-2017,Customer_328,East,Illinois,New York City,Furniture,Tables,509.39,7,135.3
CA-2018-100827,23-11-2018,Customer_263,Central,New York,New York City,Office Supplies,Paper,209.69,5,144.46
CA-2015-100828,21-11-2015,Customer_100,East,California,Los Angeles,Technology,Accessories,760.86,9,202.51
CA-2016-100829,01-11-2017,Customer_132,West,California,New York City,Furniture,Tables,636.49,7,70.47
CA-2017-100830,05-02-2015,Customer_242,West,Florida,Chicago,Office Supplies,Storage,374.11,5,-38.84
CA-2018-100831,29-08-2016,Customer_321,Central,New York,Houston,Technology,Copiers,186.78,6,171.19
CA-2015-100832,08-01-2017,Customer_41,South,Illinois,Miami,Office Supplies,Binders,978.5,7,92.14
CA-2016-100833,09-05-2017,Customer_83,South,California,New York City,Furniture,Bookcases,977.63,6,132.68
CA-2017-100834,12-02-2018,Customer_118,West,Texas,Chicago,Technology,Accessories,616.69,9,109.9
CA-2018-100835,29-03-2018,Customer_304,South,Illinois,Houston,Office Supplies,Paper,60.39,7,-32.3
CA-2015-100836,19-02-2015,Customer_459,East,California,Chicago,Furniture,Tables,498.58,10,299.68
CA-2016-100837,15-05-2015,Customer_185,West,Florida,Miami,Office Supplies,Paper,417.26,5,246.49
CA-2017-100838,06-12-2018,Customer_484,East,New York,Chicago,Furniture,Chairs,270.04,3,-64.81
CA-2018-100839,23-01-2017,Customer_461,East,Illinois,Houston,Furniture,Tables,641.59,3,73.08
CA-2015-100840,28-08-2017,Customer_472,South,Illinois,Miami,Office Supplies,Paper,171.82,10,294.79
CA-2016-100841,12-01-2017,Customer_395,East,New York,New York City,Furniture,Tables,341.83,8,-70.18
CA-2017-100842,31-07-2017,Customer_399,Central,New York,Miami,Technology,Phones,433.38,4,275.09
CA-2018-100843,27-07-2015,Customer_492,East,California,Los Angeles,Furniture,Chairs,109.13,4,69.03
CA-2015-100844,19-04-2016,Customer_42,East,Florida,Houston,Office Supplies,Paper,688.14,9,256.64
CA-2016-100845,29-08-2017,Customer_337,East,Florida,Miami,Technology,Copiers,706.37,3,146.32
CA-2017-100846,27-01-2015,Customer_383,West,Florida,Miami,Technology,Accessories,869.85,6,153.42
CA-2018-100847,25-09-2016,Customer_322,South,New York,New York City,Furniture,Bookcases,439.85,5,-0.64
CA-2015-100848,13-03-2017,Customer_155,East,California,Houston,Office Supplies,Binders,185.76,9,129.42
CA-2016-100849,20-11-2018,Customer_469,South,Texas,Chicago,Technology,Accessories,946.52,5,-68.43
CA-2017-100850,05-02-2016,Customer_222,South,Florida,New York City,Office Supplies,Binders,720.05,1,-29.94
CA-2018-100851,21-06-2017,Customer_413,East,Texas,Los Angeles,Furniture,Tables,246.49,6,89.39
CA-2015-100852,17-01-2016,Customer_343,Central,New York,Miami,Furniture,Chairs,246.27,4,169.44
CA-2016-100853,25-06-2015,Customer_464,Central,Texas,Chicago,Office Supplies,Storage,170.49,8,-48.39
CA-2017-100854,16-02-2017,Customer_178,West,New York,Miami,Furniture,Chairs,67.88,6,30.62
CA-2018-100855,21-11-2017,Customer_365,East,Illinois,Los Angeles,Technology,Phones,782.23,4,-49.92
CA-2015-100856,27-02-2017,Customer_420,Central,Texas,New York City,Technology,Accessories,411.57,4,-85.73
CA-2016-100857,04-01-2018,Customer_437,West,California,Miami,Technology,Copiers,449.6,8,-31.32
CA-2017-100858,02-02-2019,Customer_79,Central,Texas,Chicago,Furniture,Tables,591.77,8,207.89
CA-2018-100859,23-05-2016,Customer_196,South,Florida,Chicago,Technology,Phones,384.3,6,222.42
CA-2015-100860,06-05-2015,Customer_289,West,California,Miami,Technology,Copiers,587.23,8,32.85
CA-2016-100861,17-08-2016,Customer_110,East,Illinois,Los Angeles,Office Supplies,Paper,772.45,4,249.35
CA-2017-100862,04-10-2018,Customer_139,East,California,Houston,Office Supplies,Storage,173.04,2,254.63
CA-2018-100863,21-07-2015,Customer_437,West,California,Miami,Office Supplies,Paper,379.48,8,292.88
CA-2015-100864,22-10-2018,Customer_33,East,Texas,Miami,Furniture,Chairs,611.51,4,79.27
CA-2016-100865,18-08-2017,Customer_238,Central,Florida,Miami,Technology,Accessories,991.83,4,-72.69
CA-2017-100866,03-09-2015,Customer_420,South,New York,Chicago,Furniture,Chairs,254.08,9,-75.68
CA-2018-100867,04-01-2019,Customer_347,South,New York,Miami,Furniture,Chairs,373.73,6,-38.75
CA-2015-100868,24-03-2017,Customer_165,South,Florida,Houston,Furniture,Tables,226.57,10,94.76
CA-2016-100869,07-12-2016,Customer_136,East,Texas,Houston,Technology,Accessories,191.81,1,232.44
CA-2017-100870,22-12-2018,Customer_347,West,Florida,Miami,Furniture,Tables,330.34,5,30.33
CA-2018-100871,11-09-2016,Customer_228,Central,Florida,Houston,Office Supplies,Paper,334.21,9,-20.76
CA-2015-100872,18-11-2018,Customer_266,Central,Illinois,Houston,Furniture,Chairs,689.12,10,275.43
CA-2016-100873,27-03-2015,Customer_338,East,California,Los Angeles,Office Supplies,Binders,340.73,7,108.19
CA-2017-100874,15-01-2015,Customer_465,East,New York,New York City,Furniture,Tables,591.1,3,166.27
CA-2018-100875,03-08-2016,Customer_21,Central,Florida,Houston,Furniture,Tables,134.18,9,263.39
CA-2015-100876,05-04-2017,Customer_73,West,California,Chicago,Office Supplies,Storage,505.11,9,-37.07
CA-2016-100877,20-01-2018,Customer_328,South,Illinois,Chicago,Furniture,Chairs,517.57,10,284.85
CA-2017-100878,26-12-2017,Customer_312,South,Florida,New York City,Technology,Phones,455.98,4,207.58
CA-2018-100879,09-10-2015,Customer_360,South,New York,Miami,Technology,Accessories,273.9,5,155.15
CA-2015-100880,07-04-2015,Customer_464,Central,California,Houston,Furniture,Chairs,559.66,4,75.76
CA-2016-100881,24-06-2015,Customer_21,Central,Texas,Miami,Office Supplies,Paper,51.87,1,226.2
CA-2017-100882,01-12-2018,Customer_365,South,California,New York City,Furniture,Bookcases,287.39,10,186.24
CA-2018-100883,21-01-2016,Customer_261,East,Illinois,Chicago,Office Supplies,Binders,31.53,6,131.68
CA-2015-100884,08-12-2016,Customer_281,East,Florida,Houston,Furniture,Bookcases,230.78,5,-62.58
CA-2016-100885,03-09-2017,Customer_397,East,Illinois,New York City,Office Supplies,Storage,627.88,10,33.99
CA-2017-100886,28-11-2016,Customer_327,South,Florida,Chicago,Office Supplies,Binders,970.7,1,26.97
CA-2018-100887,31-01-2019,Customer_132,West,Florida,New York City,Furniture,Chairs,718.45,5,235.59
CA-2015-100888,09-01-2015,Customer_469,Central,New York,Houston,Furniture,Bookcases,340.78,8,-47.3
CA-2016-100889,15-04-2015,Customer_186,East,Florida,Miami,Office Supplies,Paper,620.6,2,-96.89
CA-2017-100890,03-04-2017,Customer_265,Central,Florida,Chicago,Office Supplies,Storage,575.24,3,-98.96
CA-2018-100891,28-03-2017,Customer_397,South,Texas,Houston,Technology,Phones,46.77,7,219.36
CA-2015-100892,28-06-2016,Customer_254,East,California,Miami,Furniture,Chairs,942.18,6,1.58
CA-2016-100893,24-03-2016,Customer_176,West,New York,Los Angeles,Office Supplies,Binders,624.64,6,157.71
CA-2017-100894,13-09-2015,Customer_327,West,New York,Los Angeles,Furniture,Chairs,687.13,10,149.06
CA-2018-100895,26-08-2017,Customer_451,West,Illinois,Los Angeles,Office Supplies,Paper,417.92,8,82.53
CA-2015-100896,31-12-2017,Customer_170,South,Illinois,Los Angeles,Technology,Copiers,846.46,1,53.22
CA-2016-100897,08-04-2018,Customer_9,South,New York,Los Angeles,Office Supplies,Storage,700.64,5,88.32
CA-2017-100898,06-11-2018,Customer_226,East,Texas,Miami,Technology,Phones,955.59,10,-94.71
CA-2018-100899,28-07-2016,Customer_247,West,New York,New York City,Office Supplies,Binders,344.1,2,-86.11
CA-2015-100900,27-08-2018,Customer_482,South,Texas,Los Angeles,Office Supplies,Binders,57.93,2,168.3
CA-2016-100901,28-06-2016,Customer_249,South,California,Chicago,Office Supplies,Binders,87.64,5,81.79
CA-2017-100902,15-06-2018,Customer_222,West,New York,Los Angeles,Technology,Copiers,206.24,8,278.95
CA-2018-100903,07-05-2016,Customer_167,South,Illinois,Miami,Technology,Accessories,911.07,9,288.36
CA-2015-100904,29-09-2016,Customer_437,East,California,Houston,Office Supplies,Paper,485.63,7,-45.2
CA-2016-100905,24-12-2016,Customer_132,South,California,Chicago,Technology,Phones,458.7,4,224.19
CA-2017-100906,15-11-2015,Customer_343,West,New York,Los Angeles,Office Supplies,Binders,536.01,5,275.29
CA-2018-100907,29-06-2017,Customer_411,South,Illinois,Chicago,Office Supplies,Binders,553.04,10,95.23
CA-2015-100908,21-11-2015,Customer_495,Central,Texas,Los Angeles,Technology,Phones,796.21,5,210.84
CA-2016-100909,14-01-2017,Customer_85,East,Texas,Houston,Technology,Accessories,435.39,5,61.62
CA-2017-100910,06-06-2015,Customer_218,West,California,Los Angeles,Technology,Phones,311.46,8,97.03
CA-2018-100911,09-05-2018,Customer_241,West,Florida,Miami,Furniture,Chairs,687.43,9,218.53
CA-2015-100912,08-03-2018,Customer_7,West,Illinois,Chicago,Technology,Accessories,452.9,1,149.03
CA-2016-100913,04-02-2016,Customer_406,South,Florida,Houston,Technology,Phones,508.76,4,93.75
CA-2017-100914,08-03-2018,Customer_477,West,New York,Los Angeles,Furniture,Tables,325.78,4,-30.46
CA-2018-100915,11-12-2017,Customer_464,South,Illinois,Chicago,Furniture,Tables,687.4,2,226.47
CA-2015-100916,04-03-2016,Customer_93,East,California,Chicago,Furniture,Tables,705.92,5,209.79
CA-2016-100917,19-05-2017,Customer_220,South,Illinois,Houston,Office Supplies,Paper,306.65,6,-85.94
CA-2017-100918,27-08-2018,Customer_129,Central,Florida,Los Angeles,Technology,Phones,495.49,9,155.98
CA-2018-100919,16-05-2017,Customer_238,South,New York,Miami,Office Supplies,Storage,224.27,10,-72.93
CA-2015-100920,11-11-2017,Customer_372,Central,California,Miami,Office Supplies,Binders,43.23,2,29.82
CA-2016-100921,14-02-2017,Customer_172,South,Texas,Houston,Furniture,Bookcases,385.09,8,67.54
CA-2017-100922,11-09-2016,Customer_465,West,Texas,New York City,Furniture,Bookcases,16.51,6,189.47
CA-2018-100923,13-09-2016,Customer_8,Central,Texas,Miami,Office Supplies,Binders,905.01,10,277.74
CA-2015-100924,17-03-2018,Customer_218,Central,California,Chicago,Furniture,Bookcases,683.35,1,72.79
CA-2016-100925,18-06-2017,Customer_259,South,Texas,Chicago,Technology,Accessories,532.95,7,184.71
CA-2017-100926,06-08-2016,Customer_368,West,Texas,Los Angeles,Technology,Phones,21.16,9,-53.59
CA-2018-100927,01-06-2018,Customer_177,Central,New York,Chicago,Office Supplies,Binders,263.47,6,150.32
CA-2015-100928,03-08-2017,Customer_201,South,New York,Houston,Technology,Phones,566.84,1,60.33
CA-2016-100929,21-03-2015,Customer_32,South,Florida,Chicago,Technology,Accessories,276.84,2,58.24
CA-2017-100930,16-11-2018,Customer_446,East,Illinois,Houston,Technology,Phones,116.83,6,192.06
CA-2018-100931,01-11-2016,Customer_156,Central,Texas,Chicago,Technology,Copiers,956.74,3,-87.27
CA-2015-100932,29-08-2018,Customer_382,East,New York,Los Angeles,Office Supplies,Binders,230.37,1,-90.44
CA-2016-100933,02-02-2015,Customer_440,East,California,Houston,Technology,Phones,125.49,8,19.98
CA-2017-100934,08-02-2019,Customer_80,East,California,Miami,Technology,Copiers,21.6,9,-10.62
CA-2018-100935,27-01-2018,Customer_250,East,Texas,New York City,Office Supplies,Storage,137.09,2,75.95
CA-2015-100936,27-03-2018,Customer_453,South,California,Houston,Technology,Copiers,540.68,10,-54.12
CA-2016-100937,28-01-2019,Customer_327,West,California,Houston,Technology,Copiers,771.43,5,28.17
CA-2017-100938,16-11-2017,Customer_480,Central,California,Chicago,Technology,Copiers,85.19,5,59.6
CA-2018-100939,20-09-2017,Customer_254,West,Illinois,Chicago,Furniture,Bookcases,200.13,2,10.26
CA-2015-100940,03-01-2016,Customer_160,East,Texas,Los Angeles,Furniture,Tables,913.28,10,125.38
CA-2016-100941,11-10-2016,Customer_121,Central,Texas,Los Angeles,Office Supplies,Binders,61.68,2,233.72
CA-2017-100942,08-09-2015,Customer_129,East,Texas,New York City,Office Supplies,Storage,263.06,1,-67.51
CA-2018-100943,10-03-2017,Customer_187,West,Texas,Los Angeles,Office Supplies,Storage,847.12,9,-22.08
CA-2015-100944,06-06-2017,Customer_414,West,Texas,Houston,Furniture,Bookcases,899.02,10,-85.39
CA-2016-100945,28-10-2018,Customer_158,Central,Florida,New York City,Technology,Phones,163.5,1,153.53
CA-2017-100946,28-08-2016,Customer_413,South,California,Los Angeles,Furniture,Tables,123.91,10,258.44
CA-2018-100947,16-09-2016,Customer_44,West,Florida,Miami,Office Supplies,Storage,390.57,6,137.34
CA-2015-100948,23-10-2017,Customer_34,East,Texas,New York City,Office Supplies,Binders,852.8,8,-24.96
CA-2016-100949,10-12-2018,Customer_34,East,Illinois,Los Angeles,Furniture,Bookcases,429.74,2,243.91
CA-2017-100950,12-04-2016,Customer_245,East,New York,Miami,Office Supplies,Binders,123.8,1,-69.05
CA-2018-100951,13-02-2017,Customer_263,East,California,Houston,Furniture,Tables,61.02,7,234.15
CA-2015-100952,20-08-2017,Customer_434,South,Florida,New York City,Office Supplies,Binders,166.21,5,-21.61
CA-2016-100953,15-11-2015,Customer_480,Central,Florida,Los Angeles,Office Supplies,Storage,996.98,1,253.83
CA-2017-100954,08-08-2015,Customer_11,West,California,Miami,Office Supplies,Binders,256.65,10,-36.86
CA-2018-100955,12-01-2019,Customer_6,West,Texas,Chicago,Office Supplies,Paper,829.93,4,289.36
CA-2015-100956,03-02-2016,Customer_310,South,Illinois,Los Angeles,Office Supplies,Storage,853.27,8,-91.1
CA-2016-100957,28-07-2018,Customer_400,West,California,Chicago,Furniture,Chairs,894.61,3,204.08
CA-2017-100958,24-04-2017,Customer_21,South,Texas,Los Angeles,Office Supplies,Paper,546.92,5,-39.9
CA-2018-100959,25-07-2015,Customer_330,Central,New York,Los Angeles,Furniture,Bookcases,481.21,7,-5.78
CA-2015-100960,07-02-2015,Customer_364,South,Illinois,New York City,Furniture,Tables,880.27,10,-75.4
CA-2016-100961,22-12-2016,Customer_22,South,California,Chicago,Furniture,Bookcases,409.74,4,-50.11
CA-2017-100962,18-03-2015,Customer_380,East,California,Los Angeles,Office Supplies,Binders,312.55,9,-15.2
CA-2018-100963,01-08-2018,Customer_11,Central,Texas,New York City,Office Supplies,Binders,474.44,1,205.59
CA-2015-100964,07-02-2016,Customer_277,East,Florida,New York City,Furniture,Tables,687.21,7,122.06
CA-2016-100965,26-07-2016,Customer_235,East,New York,Miami,Furniture,Tables,56.13,6,-29.49
CA-2017-100966,13-12-2017,Customer_250,South,Texas,New York City,Furniture,Chairs,834.57,4,75.34
CA-2018-100967,28-07-2015,Customer_122,South,Illinois,Chicago,Technology,Phones,244.74,5,-42.41
CA-2015-100968,05-09-2018,Customer_325,West,Texas,Los Angeles,Furniture,Bookcases,751.75,4,209.06
CA-2016-100969,15-01-2019,Customer_60,East,California,New York City,Office Supplies,Storage,518.05,4,71.84
CA-2017-100970,05-04-2017,Customer_418,South,Illinois,New York City,Technology,Copiers,548.68,5,31.85
CA-2018-100971,04-02-2019,Customer_225,West,Texas,Chicago,Office Supplies,Binders,438.16,5,292.88
CA-2015-100972,20-11-2018,Customer_260,East,Florida,New York City,Technology,Copiers,394.98,6,211.06
CA-2016-100973,20-10-2018,Customer_186,East,California,Houston,Office Supplies,Paper,520.46,8,136.89
CA-2017-100974,23-08-2016,Customer_221,West,Illinois,Chicago,Furniture,Bookcases,406.13,7,137.7
CA-2018-100975,27-02-2018,Customer_55,West,Illinois,Houston,Technology,Accessories,902.59,2,-83.5
CA-2015-100976,24-12-2017,Customer_124,East,California,New York City,Furniture,Chairs,860.51,3,47.4
CA-2016-100977,14-09-2016,Customer_110,South,New York,Miami,Office Supplies,Binders,625.38,5,75.52
CA-2017-100978,09-08-2015,Customer_381,South,California,New York City,Furniture,Chairs,450.55,3,111.77
CA-2018-100979,01-09-2016,Customer_340,East,Illinois,Los Angeles,Office Supplies,Binders,71.44,8,-15.42
CA-2015-100980,06-04-2017,Customer_61,East,New York,Los Angeles,Technology,Copiers,852.75,9,193.58
CA-2016-100981,04-08-2015,Customer_132,South,California,Chicago,Office Supplies,Paper,28.16,3,-82.74
CA-2017-100982,08-02-2016,Customer_98,South,California,Chicago,Technology,Accessories,21.58,4,75.75
CA-2018-100983,02-09-2017,Customer_321,South,Illinois,Los Angeles,Technology,Phones,890.73,8,179.28
CA-2015-100984,18-08-2018,Customer_135,South,California,Los Angeles,Technology,Accessories,359.05,6,166.99
CA-2016-100985,24-09-2018,Customer_424,Central,New York,Los Angeles,Technology,Accessories,597.28,1,230.16
CA-2017-100986,05-03-2017,Customer_443,Central,California,Houston,Office Supplies,Storage,218.01,7,185.85
CA-2018-100987,14-11-2017,Customer_470,Central,Florida,Houston,Furniture,Bookcases,97.24,5,64.2
CA-2015-100988,26-03-2017,Customer_71,East,Illinois,Miami,Furniture,Tables,10.84,8,-25.09
CA-2016-100989,01-01-2018,Customer_456,East,New York,Houston,Office Supplies,Paper,684.87,9,292.59
CA-2017-100990,06-03-2015,Customer_265,Central,Florida,Chicago,Furniture,Tables,360.73,9,148.03
CA-2018-100991,21-09-2018,Customer_337,South,Texas,Miami,Furniture,Tables,119.55,1,-32.58
CA-2015-100992,23-02-2015,Customer_26,South,Texas,New York City,Office Supplies,Storage,574.92,9,187.72
CA-2016-100993,22-02-2018,Customer_47,South,Florida,Los Angeles,Furniture,Bookcases,835.47,6,185.48
CA-2017-100994,03-10-2018,Customer_107,West,Texas,Miami,Furniture,Bookcases,673.93,10,181.23
CA-2018-100995,11-01-2019,Customer_394,South,Illinois,New York City,Office Supplies,Paper,865.39,1,6.61
CA-2015-100996,21-01-2018,Customer_231,South,Texas,Los Angeles,Office Supplies,Binders,532.48,1,176.02
CA-2016-100997,31-07-2016,Customer_186,East,Illinois,New York City,Technology,Accessories,426.61,4,20.28
CA-2017-100998,28-02-2018,Customer_417,West,New York,Miami,Furniture,Bookcases,292.22,3,11.8
CA-2018-100999,06-01-2018,Customer_24,Central,New York,Los Angeles,Technology,Accessories,33.0,6,69.97
CA-2015-101000,19-12-2015,Customer_328,West,Florida,Los Angeles,Furniture,Tables,884.78,7,-34.48
CA-2016-101001,10-04-2015,Customer_376,Central,Illinois,Houston,Technology,Accessories,790.42,8,39.94
CA-2017-101002,09-09-2016,Customer_45,South,California,New York City,Office Supplies,Storage,592.25,9,-22.24
CA-2018-101003,26-01-2016,Customer_327,South,Florida,Chicago,Office Supplies,Binders,519.01,4,219.36
CA-2015-101004,30-09-2015,Customer_120,East,New York,Los Angeles,Technology,Copiers,604.63,2,-59.22
CA-2016-101005,19-02-2016,Customer_128,West,Florida,New York City,Furniture,Chairs,846.76,4,-95.36
CA-2017-101006,05-09-2016,Customer_220,West,Illinois,Houston,Furniture,Bookcases,720.36,3,152.34
CA-2018-101007,14-03-2016,Customer_88,East,Texas,Miami,Technology,Copiers,787.81,2,-57.46
CA-2015-101008,16-03-2017,Customer_86,Central,Florida,Chicago,Technology,Phones,174.34,1,127.21
CA-2016-101009,18-05-2015,Customer_102,Central,New York,Chicago,Office Supplies,Paper,96.73,10,222.48
CA-2017-101010,25-12-2015,Customer_187,East,Florida,Houston,Furniture,Bookcases,582.55,8,-7.85
CA-2018-101011,31-01-2019,Customer_278,South,Illinois,Miami,Technology,Copiers,759.45,1,177.43
CA-2015-101012,09-05-2018,Customer_104,Central,California,Miami,Furniture,Tables,64.84,8,231.05
CA-2016-101013,23-08-2016,Customer_264,Central,California,New York City,Furniture,Chairs,627.73,3,176.3
CA-2017-101014,21-03-2017,Customer_350,Central,California,Miami,Furniture,Tables,821.39,8,-19.28
CA-2018-101015,27-08-2016,Customer_77,East,Illinois,Houston,Office Supplies,Storage,919.75,4,242.71
CA-2015-101016,09-08-2017,Customer_207,East,California,Miami,Office Supplies,Storage,40.96,1,13.0
CA-2016-101017,17-06-2018,Customer_386,West,Florida,Los Angeles,Technology,Phones,661.42,10,104.37
CA-2017-101018,05-07-2017,Customer_64,Central,Florida,Houston,Technology,Accessories,307.3,5,125.57
CA-2018-101019,23-10-2016,Customer_242,Central,Florida,Houston,Technology,Phones,112.31,2,235.81
CA-2015-101020,19-11-2017,Customer_192,Central,New York,Houston,Technology,Accessories,868.57,2,68.64
CA-2016-101021,11-10-2016,Customer_370,East,California,Chicago,Furniture,Chairs,993.55,4,155.84
CA-2017-101022,12-06-2016,Customer_58,East,Florida,Chicago,Office Supplies,Paper,161.65,8,34.6
CA-2018-101023,14-06-2015,Customer_297,East,New York,New York City,Furniture,Bookcases,770.26,7,107.66
CA-2015-101024,24-01-2018,Customer_136,South,California,Houston,Furniture,Chairs,705.8,2,-94.33
CA-2016-101025,29-01-2016,Customer_394,South,Texas,Chicago,Office Supplies,Paper,966.33,10,6.94
CA-2017-101026,24-03-2016,Customer_171,Central,Illinois,Chicago,Office Supplies,Storage,248.56,6,108.62
CA-2018-101027,11-02-2017,Customer_349,West,Illinois,Houston,Office Supplies,Paper,581.08,10,112.9
CA-2015-101028,24-01-2019,Customer_444,Central,Texas,Miami,Furniture,Chairs,276.49,4,-86.0
CA-2016-101029,26-08-2016,Customer_357,West,Texas,Miami,Office Supplies,Paper,842.7,8,121.76
CA-2017-101030,15-05-2016,Customer_56,West,Texas,Houston,Office Supplies,Paper,690.91,8,185.01
CA-2018-101031,07-05-2016,Customer_297,West,New York,Los Angeles,Office Supplies,Paper,474.78,3,237.71
CA-2015-101032,09-09-2016,Customer_157,West,Florida,Chicago,Furniture,Bookcases,846.22,3,89.31
CA-2016-101033,31-08-2018,Customer_418,South,California,Los Angeles,Furniture,Bookcases,641.82,4,-70.23
CA-2017-101034,26-03-2017,Customer_71,South,Illinois,Chicago,Furniture,Bookcases,674.94,1,-21.39
CA-2018-101035,13-12-2016,Customer_62,Central,Texas,New York City,Office Supplies,Paper,456.85,2,-70.45
CA-2015-101036,20-07-2018,Customer_469,Central,Texas,Houston,Office Supplies,Storage,804.8,8,151.59
CA-2016-101037,10-10-2016,Customer_282,Central,Texas,New York City,Office Supplies,Storage,615.55,8,45.96
CA-2017-101038,15-09-2017,Customer_468,West,Illinois,Chicago,Office Supplies,Storage,173.86,4,195.85
CA-2018-101039,31-05-2017,Customer_259,East,Illinois,New York City,Office Supplies,Storage,977.51,8,7.64
CA-2015-101040,05-04-2018,Customer_90,South,California,Los Angeles,Furniture,Bookcases,705.58,10,9.16
CA-2016-101041,23-01-2019,Customer_33,Central,Texas,Miami,Furniture,Bookcases,216.96,7,84.39
CA-2017-101042,15-08-2017,Customer_82,East,Illinois,Houston,Technology,Copiers,153.69,7,240.22
CA-2018-101043,27-01-2019,Customer_242,West,California,Chicago,Office Supplies,Binders,224.88,4,88.76
CA-2015-101044,09-05-2017,Customer_497,East,Texas,Chicago,Furniture,Chairs,322.33,8,23.18
CA-2016-101045,16-02-2017,Customer_107,West,Texas,Los Angeles,Technology,Copiers,533.98,4,-61.67
CA-2017-101046,30-05-2016,Customer_188,East,New York,New York City,Technology,Copiers,977.88,7,23.09
CA-2018-101047,02-07-2015,Customer_414,West,California,Houston,Technology,Copiers,104.63,8,-91.66
CA-2015-101048,02-01-2017,Customer_487,Central,Florida,Chicago,Technology,Copiers,401.59,6,201.66
CA-2016-101049,05-04-2017,Customer_466,Central,California,Houston,Office Supplies,Binders,827.75,3,110.05
CA-2017-101050,21-01-2017,Customer_73,South,New York,New York City,Office Supplies,Storage,972.13,9,-9.16
CA-2018-101051,01-08-2018,Customer_213,East,New York,New York City,Furniture,Chairs,739.4,1,188.45
CA-2015-101052,01-12-2015,Customer_16,East,California,New York City,Technology,Phones,167.38,2,71.64
CA-2016-101053,03-12-2016,Customer_170,South,New York,Miami,Technology,Accessories,206.58,10,72.05
CA-2017-101054,23-04-2015,Customer_345,West,Texas,New York City,Technology,Phones,707.78,3,273.01
CA-2018-101055,28-05-2018,Customer_463,South,Florida,Chicago,Furniture,Tables,315.92,10,-51.65
CA-2015-101056,09-08-2017,Customer_277,South,Texas,Chicago,Office Supplies,Storage,940.76,5,138.89
CA-2016-101057,24-02-2017,Customer_213,South,Texas,Houston,Technology,Accessories,661.31,1,-54.93
CA-2017-101058,12-10-2018,Customer_41,West,California,Chicago,Office Supplies,Storage,756.32,9,88.48
CA-2018-101059,08-06-2016,Customer_297,East,New York,Chicago,Furniture,Bookcases,665.12,2,238.07
CA-2015-101060,18-05-2016,Customer_213,South,Texas,Houston,Office Supplies,Binders,34.47,4,151.96
CA-2016-101061,18-03-2018,Customer_112,South,Illinois,New York City,Technology,Accessories,664.79,5,57.76
CA-2017-101062,06-05-2016,Customer_156,West,California,New York City,Office Supplies,Paper,99.99,6,-24.67
CA-2018-101063,19-01-2016,Customer_222,Central,Illinois,New York City,Office Supplies,Binders,586.89,4,136.84
CA-2015-101064,10-01-2018,Customer_243,West,Texas,Chicago,Furniture,Tables,439.77,10,88.53
CA-2016-101065,22-11-2015,Customer_406,West,California,Los Angeles,Furniture,Bookcases,18.23,9,125.48
CA-2017-101066,15-06-2016,Customer_233,West,New York,New York City,Furniture,Tables,734.3,2,280.3
CA-2018-101067,16-06-2018,Customer_9,East,Florida,Houston,Office Supplies,Binders,789.52,6,229.65
CA-2015-101068,10-01-2015,Customer_355,South,Texas,Los Angeles,Furniture,Tables,969.68,8,184.59
CA-2016-101069,05-05-2018,Customer_27,South,Texas,Chicago,Office Supplies,Storage,205.92,5,-40.98
CA-2017-101070,02-07-2016,Customer_88,South,California,Los Angeles,Furniture,Chairs,35.15,6,187.47
CA-2018-101071,31-05-2015,Customer_193,Central,California,New York City,Office Supplies,Binders,205.03,6,245.79
CA-2015-101072,31-01-2015,Customer_200,Central,Illinois,Miami,Office Supplies,Storage,151.0,5,284.38
CA-2016-101073,25-09-2018,Customer_385,South,Texas,Houston,Furniture,Bookcases,471.03,2,113.96
CA-2017-101074,20-02-2017,Customer_45,East,California,New York City,Technology,Accessories,729.13,5,-68.13
CA-2018-101075,18-05-2015,Customer_444,South,Illinois,Miami,Furniture,Chairs,722.08,1,205.31
CA-2015-101076,01-11-2015,Customer_34,Central,Florida,Houston,Furniture,Bookcases,882.94,9,170.77
CA-2016-101077,28-10-2018,Customer_30,Central,Florida,Miami,Office Supplies,Storage,376.21,1,15.32
CA-2017-101078,04-01-2017,Customer_402,South,California,New York City,Office Supplies,Storage,977.74,4,-37.06
CA-2018-101079,09-07-2017,Customer_60,East,Illinois,Houston,Furniture,Bookcases,698.15,6,-83.44
CA-2015-101080,09-05-2016,Customer_253,South,Texas,New York City,Technology,Accessories,721.29,9,109.9
CA-2016-101081,18-03-2015,Customer_236,South,New York,Miami,Technology,Accessories,363.82,6,-19.33
CA-2017-101082,01-01-2018,Customer_289,Central,Texas,Los Angeles,Office Supplies,Binders,295.71,2,52.21
CA-2018-101083,16-11-2017,Customer_365,Central,New York,Miami,Office Supplies,Binders,795.81,1,-33.36
CA-2015-101084,08-07-2018,Customer_465,South,New York,Miami,Technology,Accessories,517.9,4,-7.82
CA-2016-101085,17-02-2015,Customer_291,South,California,Miami,Furniture,Chairs,552.62,10,234.61
CA-2017-101086,07-07-2015,Customer_370,East,California,Houston,Furniture,Tables,31.06,2,164.91
CA-2018-101087,26-06-2015,Customer_484,West,Illinois,Houston,Furniture,Tables,156.97,7,247.34
CA-2015-101088,28-05-2018,Customer_162,West,New York,Los Angeles,Technology,Phones,566.92,5,29.89
CA-2016-101089,29-08-2015,Customer_147,West,Florida,Miami,Technology,Accessories,21.23,6,134.87
CA-2017-101090,18-10-2016,Customer_121,East,Texas,Houston,Furniture,Tables,324.73,5,183.36
CA-2018-101091,11-09-2017,Customer_113,West,Texas,New York City,Office Supplies,Storage,131.67,4,40.75
CA-2015-101092,21-03-2015,Customer_34,South,Florida,Chicago,Office Supplies,Storage,987.6,3,-59.46
CA-2016-101093,04-12-2016,Customer_499,East,New York,Chicago,Technology,Phones,412.91,10,3.96
CA-2017-101094,25-02-2018,Customer_26,Central,Illinois,Los Angeles,Office Supplies,Binders,17.92,5,-92.47
CA-2018-101095,02-01-2019,Customer_158,East,Florida,New York City,Technology,Accessories,759.06,3,31.89
CA-2015-101096,29-03-2016,Customer_142,East,California,New York City,Office Supplies,Storage,472.03,6,193.7
CA-2016-101097,17-01-2018,Customer_254,Central,Texas,Los Angeles,Furniture,Bookcases,915.6,1,261.53
CA-2017-101098,20-10-2016,Customer_135,Central,New York,Miami,Office Supplies,Storage,951.8,4,240.32
CA-2018-101099,16-09-2015,Customer_402,Central,Illinois,Los Angeles,Technology,Copiers,677.72,5,272.72
CA-2015-101100,06-12-2016,Customer_253,East,Texas,New York City,Technology,Copiers,452.35,3,174.92
CA-2016-101101,27-09-2017,Customer_184,West,California,New York City,Furniture,Bookcases,376.42,3,109.36
CA-2017-101102,05-10-2015,Customer_6,East,California,Miami,Furniture,Bookcases,241.89,6,137.46
CA-2018-101103,30-10-2017,Customer_136,West,Florida,New York City,Office Supplies,Storage,889.19,10,234.97
CA-2015-101104,07-06-2018,Customer_135,West,California,Los Angeles,Furniture,Chairs,409.29,1,243.85
CA-2016-101105,24-09-2017,Customer_235,East,Texas,New York City,Technology,Copiers,328.05,2,-71.45
CA-2017-101106,19-02-2015,Customer_293,East,California,New York City,Furniture,Chairs,249.42,4,130.08
CA-2018-101107,30-03-2017,Customer_241,South,Texas,Houston,Technology,Accessories,452.92,7,-14.36
CA-2015-101108,08-02-2018,Customer_372,East,New York,Chicago,Technology,Accessories,369.12,10,122.3
CA-2016-101109,12-11-2018,Customer_144,Central,Florida,New York City,Furniture,Bookcases,42.25,3,19.16
CA-2017-101110,21-05-2016,Customer_353,West,California,Houston,Office Supplies,Binders,842.59,10,130.1
CA-2018-101111,06-12-2017,Customer_106,South,California,New York City,Office Supplies,Binders,739.25,9,254.8
CA-2015-101112,10-03-2016,Customer_285,South,New York,Houston,Technology,Accessories,885.92,4,-23.71
CA-2016-101113,26-01-2016,Customer_270,South,Illinois,Houston,Technology,Accessories,376.34,6,270.79
CA-2017-101114,20-05-2017,Customer_47,East,Florida,Houston,Technology,Copiers,974.8,3,42.71
CA-2018-101115,18-04-2018,Customer_236,South,California,Chicago,Furniture,Bookcases,552.89,5,23.67
CA-2015-101116,16-07-2018,Customer_326,East,Texas,Los Angeles,Office Supplies,Storage,176.63,8,55.39
CA-2016-101117,08-08-2015,Customer_445,Central,Illinois,Miami,Office Supplies,Paper,784.76,1,181.41
CA-2017-101118,13-04-2016,Customer_210,West,New York,Chicago,Technology,Phones,130.33,3,177.24
CA-2018-101119,02-09-2016,Customer_150,South,California,New York City,Office Supplies,Storage,701.83,6,78.04
CA-2015-101120,17-08-2017,Customer_363,East,Florida,New York City,Furniture,Tables,30.97,10,16.76
CA-2016-101121,22-09-2016,Customer_122,West,Illinois,Los Angeles,Furniture,Bookcases,173.56,5,17.15
CA-2017-101122,28-02-2017,Customer_178,West,New York,Los Angeles,Furniture,Chairs,926.11,6,288.28
CA-2018-101123,09-01-2015,Customer_342,West,California,Chicago,Office Supplies,Paper,816.28,8,213.59
CA-2015-101124,02-04-2018,Customer_80,South,California,Houston,Technology,Accessories,140.64,5,-14.46
CA-2016-101125,12-01-2015,Customer_104,East,Texas,Chicago,Office Supplies,Binders,130.08,9,69.8
CA-2017-101126,17-09-2016,Customer_355,Central,Texas,Los Angeles,Office Supplies,Paper,562.22,6,25.02
CA-2018-101127,17-03-2017,Customer_310,West,Florida,Houston,Technology,Phones,523.04,1,121.18
CA-2015-101128,21-03-2018,Customer_57,South,New York,New York City,Technology,Phones,40.52,5,118.26
CA-2016-101129,20-06-2017,Customer_371,West,Texas,Los Angeles,Office Supplies,Binders,448.79,7,180.66
CA-2017-101130,20-08-2018,Customer_486,West,Texas,Houston,Office Supplies,Paper,961.43,8,131.95
CA-2018-101131,06-11-2017,Customer_234,West,Texas,Houston,Technology,Phones,20.96,2,156.27
CA-2015-101132,12-03-2016,Customer_429,Central,California,Miami,Furniture,Chairs,473.48,10,38.38
CA-2016-101133,28-10-2018,Customer_2,West,Illinois,Houston,Technology,Accessories,762.78,4,273.79
CA-2017-101134,07-12-2018,Customer_118,South,New York,Chicago,Office Supplies,Storage,295.73,9,277.37
CA-2018-101135,16-08-2016,Customer_240,South,California,Chicago,Furniture,Tables,964.4,5,280.11
CA-2015-101136,15-04-2018,Customer_237,West,Florida,Chicago,Furniture,Bookcases,16.87,10,279.68
CA-2016-101137,01-02-2016,Customer_433,West,Texas,Miami,Furniture,Chairs,42.46,6,-78.52
CA-2017-101138,17-07-2018,Customer_451,West,Texas,Miami,Office Supplies,Storage,549.1,1,25.25
CA-2018-101139,10-06-2015,Customer_420,West,Texas,New York City,Furniture,Bookcases,598.01,5,115.71
CA-2015-101140,09-02-2016,Customer_29,Central,Texas,Chicago,Technology,Phones,248.27,4,202.7
CA-2016-101141,05-02-2015,Customer_279,Central,Texas,Chicago,Office Supplies,Binders,839.8,8,-87.84
CA-2017-101142,29-06-2015,Customer_21,South,Florida,Miami,Technology,Phones,47.8,9,54.69
CA-2018-101143,20-04-2016,Customer_169,East,New York,Houston,Furniture,Tables,760.41,9,72.02
CA-2015-101144,16-03-2015,Customer_32,South,California,Miami,Office Supplies,Storage,504.75,6,49.42
CA-2016-101145,18-09-2018,Customer_290,East,Illinois,Chicago,Furniture,Tables,498.49,6,251.38
CA-2017-101146,31-10-2016,Customer_180,West,California,Miami,Technology,Copiers,471.02,2,-59.81
CA-2018-101147,02-04-2018,Customer_233,East,Texas,New York City,Furniture,Bookcases,399.81,10,66.3
CA-2015-101148,29-12-2018,Customer_466,South,California,Los Angeles,Furniture,Tables,462.07,9,226.89
CA-2016-101149,25-03-2016,Customer_444,West,Florida,Miami,Technology,Phones,560.16,9,136.43
CA-2017-101150,15-10-2017,Customer_23,South,Texas,Miami,Furniture,Bookcases,619.06,2,-25.64
CA-2018-101151,12-07-2016,Customer_4,Central,California,Los Angeles,Technology,Phones,140.83,4,-54.17
CA-2015-101152,28-08-2018,Customer_23,West,Florida,Chicago,Technology,Phones,876.76,9,9.09
CA-2016-101153,14-01-2016,Customer_374,Central,New York,Houston,Office Supplies,Storage,967.23,8,0.62
CA-2017-101154,21-03-2018,Customer_289,Central,New York,New York City,Technology,Copiers,691.37,10,65.76
CA-2018-101155,21-11-2016,Customer_106,East,New York,Los Angeles,Office Supplies,Storage,204.74,4,18.72
CA-2015-101156,13-01-2016,Customer_396,West,California,New York City,Office Supplies,Binders,74.14,10,172.49
CA-2016-101157,02-10-2015,Customer_69,South,New York,Miami,Technology,Phones,306.23,2,130.54
CA-2017-101158,06-02-2017,Customer_378,Central,Florida,Houston,Technology,Phones,508.49,5,203.62
CA-2018-101159,21-05-2016,Customer_64,West,New York,Los Angeles,Office Supplies,Storage,60.54,10,276.52
CA-2015-101160,06-04-2015,Customer_76,West,California,Houston,Office Supplies,Binders,116.15,9,102.25
CA-2016-101161,12-10-2016,Customer_127,South,New York,Miami,Furniture,Bookcases,854.79,6,183.86
CA-2017-101162,12-07-2017,Customer_353,West,Illinois,Los Angeles,Technology,Copiers,331.8,10,191.78
CA-2018-101163,24-12-2017,Customer_288,Central,New York,Houston,Technology,Accessories,425.93,4,284.6
CA-2015-101164,23-05-2017,Customer_196,East,Florida,Miami,Furniture,Bookcases,805.16,2,-88.53
CA-2016-101165,03-07-2018,Customer_304,East,Florida,Los Angeles,Technology,Phones,198.95,10,262.45
CA-2017-101166,27-05-2018,Customer_99,South,California,Los Angeles,Furniture,Bookcases,999.14,6,228.23
CA-2018-101167,06-06-2017,Customer_126,South,Illinois,Los Angeles,Office Supplies,Paper,181.74,2,37.41
CA-2015-101168,28-08-2015,Customer_469,South,Texas,New York City,Technology,Phones,615.74,6,121.99
CA-2016-101169,28-10-2018,Customer_287,South,Florida,New York City,Technology,Phones,615.63,7,202.3
CA-2017-101170,09-01-2017,Customer_166,South,Texas,Houston,Furniture,Bookcases,34.52,5,88.67
CA-2018-101171,06-12-2015,Customer_467,West,New York,Los Angeles,Technology,Phones,409.38,3,111.96
CA-2015-101172,03-08-2015,Customer_111,West,California,Los Angeles,Furniture,Tables,958.6,9,171.98
CA-2016-101173,17-09-2015,Customer_238,Central,Florida,Chicago,Technology,Phones,568.13,4,65.93
CA-2017-101174,12-01-2016,Customer_313,East,New York,Houston,Furniture,Chairs,141.37,4,150.9
CA-2018-101175,08-07-2018,Customer_307,Central,California,Houston,Furniture,Chairs,245.43,7,85.15
CA-2015-101176,31-12-2017,Customer_445,South,California,Chicago,Technology,Copiers,325.21,5,239.63
CA-2016-101177,24-08-2017,Customer_39,Central,Illinois,Chicago,Office Supplies,Paper,291.51,2,11.62
CA-2017-101178,10-11-2017,Customer_291,Central,Florida,Houston,Furniture,Chairs,878.46,1,292.15
CA-2018-101179,16-03-2017,Customer_106,Central,California,New York City,Office Supplies,Binders,300.09,4,138.01
CA-2015-101180,16-10-2018,Customer_452,South,California,Los Angeles,Technology,Accessories,748.22,8,-97.14
CA-2016-101181,28-09-2016,Customer_80,Central,California,New York City,Furniture,Bookcases,839.83,9,206.0
CA-2017-101182,15-03-2016,Customer_54,East,Texas,New York City,Furniture,Tables,923.41,5,264.47
CA-2018-101183,18-01-2019,Customer_443,West,Illinois,Los Angeles,Furniture,Chairs,723.77,4,287.68
CA-2015-101184,09-07-2017,Customer_69,Central,Texas,Los Angeles,Office Supplies,Storage,177.11,2,296.26
CA-2016-101185,23-05-2018,Customer_324,Central,Illinois,Houston,Technology,Accessories,931.41,6,198.31
CA-2017-101186,23-09-2016,Customer_81,South,Florida,Miami,Technology,Copiers,826.63,10,175.17
CA-2018-101187,15-10-2016,Customer_106,East,Florida,Los Angeles,Furniture,Bookcases,997.81,1,191.62
CA-2015-101188,31-08-2018,Customer_76,East,Texas,Los Angeles,Furniture,Tables,573.8,1,-26.07
CA-2016-101189,21-03-2016,Customer_461,South,Florida,Los Angeles,Technology,Phones,688.68,8,236.49
CA-2017-101190,07-03-2015,Customer_218,East,California,Miami,Furniture,Bookcases,586.0,1,81.24
CA-2018-101191,14-01-2018,Customer_29,Central,Florida,Miami,Office Supplies,Storage,914.09,9,128.43
CA-2015-101192,28-08-2015,Customer_470,West,Florida,Houston,Technology,Phones,843.82,6,269.49
CA-2016-101193,04-07-2016,Customer_446,East,Illinois,New York City,Technology,Copiers,403.89,5,-2.81
CA-2017-101194,13-01-2018,Customer_166,South,Florida,Houston,Furniture,Chairs,634.97,2,-9.63
CA-2018-101195,09-06-2017,Customer_327,South,Florida,Chicago,Technology,Phones,869.14,1,-91.77
CA-2015-101196,22-04-2015,Customer_466,South,Illinois,Miami,Office Supplies,Binders,169.69,5,77.81
CA-2016-101197,10-11-2017,Customer_321,East,Texas,New York City,Furniture,Tables,927.88,1,86.05
CA-2017-101198,14-02-2016,Customer_417,West,Texas,New York City,Furniture,Chairs,137.0,7,207.12
CA-2018-101199,22-04-2016,Customer_461,East,Illinois,Los Angeles,Technology,Copiers,323.91,2,78.75
CA-2015-101200,22-10-2018,Customer_300,South,Florida,Houston,Furniture,Chairs,556.21,4,282.38
CA-2016-101201,13-06-2015,Customer_465,East,Illinois,Miami,Furniture,Chairs,271.58,8,73.66
CA-2017-101202,12-07-2017,Customer_347,East,California,Chicago,Technology,Accessories,390.65,8,-91.61
CA-2018-101203,20-05-2017,Customer_20,South,Texas,Chicago,Furniture,Bookcases,54.61,2,29.48
CA-2015-101204,22-07-2015,Customer_23,South,Illinois,Los Angeles,Furniture,Bookcases,582.52,2,-83.98
CA-2016-101205,12-05-2017,Customer_76,East,California,Chicago,Furniture,Bookcases,417.42,9,-96.0
CA-2017-101206,07-04-2016,Customer_26,South,Texas,Miami,Technology,Accessories,376.63,1,60.94
CA-2018-101207,25-09-2015,Customer_56,South,Texas,Miami,Technology,Copiers,845.24,4,227.18
CA-2015-101208,18-09-2017,Customer_403,South,California,Los Angeles,Technology,Phones,996.52,2,16.32
CA-2016-101209,01-01-2016,Customer_413,East,Texas,New York City,Technology,Accessories,669.52,8,103.34
CA-2017-101210,06-09-2015,Customer_197,East,New York,Miami,Technology,Accessories,409.22,4,164.83
CA-2018-101211,23-12-2017,Customer_75,Central,New York,Chicago,Office Supplies,Binders,443.33,1,213.56
CA-2015-101212,15-02-2018,Customer_456,East,Texas,Los Angeles,Office Supplies,Binders,812.28,1,-14.81
CA-2016-101213,13-01-2015,Customer_202,Central,Illinois,Los Angeles,Technology,Phones,71.59,6,148.39
CA-2017-101214,06-07-2016,Customer_148,Central,Illinois,New York City,Technology,Copiers,736.55,3,299.78
CA-2018-101215,04-07-2017,Customer_14,Central,New York,Chicago,Technology,Phones,307.96,5,141.49
CA-2015-101216,20-04-2016,Customer_469,West,New York,Los Angeles,Office Supplies,Binders,591.88,3,76.65
CA-2016-101217,16-02-2015,Customer_404,West,California,Miami,Technology,Copiers,291.59,8,158.39
CA-2017-101218,18-08-2015,Customer_72,South,New York,Los Angeles,Technology,Phones,854.3,8,8.85
CA-2018-101219,18-09-2018,Customer_272,South,Illinois,Houston,Office Supplies,Binders,868.98,10,208.87
CA-2015-101220,20-08-2018,Customer_243,South,Florida,New York City,Technology,Copiers,81.35,10,280.65
CA-2016-101221,29-08-2015,Customer_443,Central,California,Los Angeles,Technology,Copiers,393.2,7,245.89
CA-2017-101222,11-01-2017,Customer_224,East,New York,Miami,Furniture,Tables,228.89,8,-60.8
CA-2018-101223,28-12-2015,Customer_66,South,Florida,New York City,Office Supplies,Binders,78.26,2,88.42
CA-2015-101224,01-07-2015,Customer_439,South,New York,Los Angeles,Furniture,Chairs,45.16,9,-78.73
CA-2016-101225,31-08-2018,Customer_312,East,Texas,New York City,Office Supplies,Storage,213.23,5,25.06
CA-2017-101226,16-08-2018,Customer_432,Central,California,Miami,Office Supplies,Storage,988.28,10,255.11
CA-2018-101227,26-12-2015,Customer_434,East,New York,Miami,Office Supplies,Storage,112.41,1,115.37
CA-2015-101228,25-10-2015,Customer_234,Central,New York,Miami,Furniture,Tables,946.85,6,287.33
CA-2016-101229,16-01-2017,Customer_228,South,Florida,New York City,Technology,Phones,824.83,8,273.35
CA-2017-101230,04-06-2015,Customer_145,South,Florida,New York City,Technology,Accessories,193.26,10,254.42
CA-2018-101231,02-02-2018,Customer_481,Central,California,Miami,Office Supplies,Storage,643.65,9,222.51
CA-2015-101232,05-06-2017,Customer_15,West,California,Houston,Technology,Copiers,643.48,3,213.39
CA-2016-101233,26-07-2017,Customer_102,East,Florida,Chicago,Technology,Copiers,933.59,3,262.96
CA-2017-101234,19-10-2015,Customer_498,Central,Texas,New York City,Furniture,Bookcases,950.74,5,277.36
CA-2018-101235,11-03-2018,Customer_337,East,New York,Houston,Technology,Phones,134.8,10,266.09
CA-2015-101236,08-02-2015,Customer_460,East,Texas,Houston,Technology,Copiers,263.6,4,114.55
CA-2016-101237,26-11-2015,Customer_113,West,New York,Houston,Office Supplies,Paper,620.37,4,160.26
CA-2017-101238,28-04-2015,Customer_207,South,Florida,Chicago,Furniture,Chairs,894.28,3,266.49
CA-2018-101239,06-11-2016,Customer_379,East,Illinois,New York City,Technology,Copiers,471.26,10,-78.57
CA-2015-101240,16-06-2018,Customer_80,East,New York,Chicago,Furniture,Tables,834.08,7,-32.74
CA-2016-101241,19-05-2015,Customer_285,Central,Texas,Houston,Furniture,Tables,82.69,3,280.06
CA-2017-101242,19-01-2015,Customer_154,West,California,New York City,Technology,Accessories,932.87,7,4.09
CA-2018-101243,30-12-2017,Customer_214,South,California,New York City,Furniture,Tables,49.93,3,-14.13
CA-2015-101244,15-01-2018,Customer_57,South,Florida,Chicago,Furniture,Tables,846.24,9,106.66
CA-2016-101245,18-03-2015,Customer_290,West,Florida,Houston,Technology,Phones,400.62,5,-24.19
CA-2017-101246,19-03-2017,Customer_414,East,California,New York City,Technology,Accessories,497.78,6,-28.05
CA-2018-101247,13-05-2016,Customer_384,West,California,New York City,Furniture,Chairs,757.54,9,81.66
CA-2015-101248,06-12-2016,Customer_191,East,California,Los Angeles,Technology,Phones,139.32,4,90.25
CA-2016-101249,29-10-2017,Customer_68,Central,Illinois,New York City,Furniture,Tables,268.1,4,108.59
CA-2017-101250,06-01-2017,Customer_39,East,Florida,New York City,Office Supplies,Binders,446.63,6,224.02
CA-2018-101251,06-01-2016,Customer_192,East,New York,Los Angeles,Technology,Phones,980.18,7,-83.62
CA-2015-101252,09-11-2016,Customer_493,East,Texas,Houston,Office Supplies,Paper,807.8,6,1.25
CA-2016-101253,28-01-2017,Customer_339,Central,Texas,Los Angeles,Furniture,Bookcases,996.63,5,81.25
CA-2017-101254,24-01-2018,Customer_69,West,Texas,New York City,Office Supplies,Binders,283.33,6,267.47
CA-2018-101255,03-07-2017,Customer_271,West,New York,Los Angeles,Furniture,Tables,884.63,10,139.36
CA-2015-101256,23-05-2017,Customer_41,South,Texas,Miami,Technology,Copiers,493.72,9,131.5
CA-2016-101257,25-08-2016,Customer_359,Central,Illinois,Miami,Office Supplies,Storage,382.06,2,119.12
CA-2017-101258,02-07-2016,Customer_18,South,New York,Houston,Technology,Copiers,574.54,1,279.47
CA-2018-101259,22-07-2015,Customer_144,Central,California,New York City,Office Supplies,Storage,702.75,5,211.83
CA-2015-101260,20-08-2018,Customer_291,East,Florida,New York City,Furniture,Chairs,909.02,8,-36.24
CA-2016-101261,11-07-2017,Customer_460,West,New York,Houston,Technology,Accessories,32.88,1,229.81
CA-2017-101262,28-02-2018,Customer_288,East,California,Miami,Furniture,Tables,53.88,4,-6.73
CA-2018-101263,19-06-2016,Customer_297,Central,New York,Houston,Technology,Copiers,166.35,3,219.33
CA-2015-101264,06-03-2016,Customer_258,West,Illinois,Los Angeles,Office Supplies,Paper,570.58,9,-61.83
CA-2016-101265,02-01-2016,Customer_498,West,Illinois,Miami,Furniture,Bookcases,892.15,6,189.42
CA-2017-101266,27-12-2016,Customer_152,South,New York,Houston,Furniture,Chairs,445.63,5,186.29
CA-2018-101267,01-12-2018,Customer_430,Central,California,Chicago,Technology,Phones,621.98,9,277.96
CA-2015-101268,11-11-2017,Customer_107,West,Illinois,Los Angeles,Technology,Copiers,627.24,1,-37.11
CA-2016-101269,06-04-2018,Customer_115,South,Texas,New York City,Office Supplies,Paper,586.8,1,114.78
CA-2017-101270,18-01-2015,Customer_441,East,Florida,Los Angeles,Office Supplies,Storage,928.3,5,-77.13
CA-2018-101271,05-03-2016,Customer_174,South,Texas,Chicago,Technology,Accessories,264.92,1,-42.55
CA-2015-101272,30-09-2015,Customer_28,South,Illinois,New York City,Technology,Phones,968.72,4,256.91
CA-2016-101273,30-01-2015,Customer_70,West,California,Houston,Technology,Phones,896.36,9,276.19
CA-2017-101274,16-03-2018,Customer_475,South,California,Chicago,Furniture,Tables,584.3,8,167.91
CA-2018-101275,28-02-2016,Customer_150,Central,Illinois,Houston,Office Supplies,Storage,796.37,5,212.27
CA-2015-101276,03-03-2015,Customer_308,West,California,Los Angeles,Furniture,Chairs,528.82,6,50.12
CA-2016-101277,20-08-2015,Customer_428,East,Texas,Miami,Office Supplies,Paper,313.39,4,208.51
CA-2017-101278,01-01-2019,Customer_411,South,Texas,Los Angeles,Technology,Phones,768.35,10,149.17
CA-2018-101279,10-08-2016,Customer_379,East,Illinois,Houston,Furniture,Bookcases,995.16,3,-9.57
CA-2015-101280,15-12-2016,Customer_140,East,Illinois,New York City,Technology,Copiers,948.79,4,218.11
CA-2016-101281,03-10-2017,Customer_177,Central,Illinois,Houston,Office Supplies,Storage,929.93,2,257.63
CA-2017-101282,07-03-2018,Customer_47,West,California,Chicago,Technology,Phones,950.51,9,286.17
CA-2018-101283,27-11-2016,Customer_10,East,New York,New York City,Technology,Accessories,53.24,7,-96.31
CA-2015-101284,16-01-2016,Customer_120,West,New York,Los Angeles,Furniture,Bookcases,886.01,3,-67.15
CA-2016-101285,03-03-2016,Customer_424,West,Florida,Miami,Furniture,Bookcases,733.58,2,262.93
CA-2017-101286,18-05-2018,Customer_363,East,New York,Chicago,Furniture,Tables,830.6,7,299.62
CA-2018-101287,16-05-2018,Customer_60,West,New York,Miami,Furniture,Chairs,571.52,2,-79.82
CA-2015-101288,12-06-2018,Customer_377,East,Texas,Miami,Office Supplies,Storage,736.62,9,179.97
CA-2016-101289,24-10-2016,Customer_434,West,California,Houston,Furniture,Chairs,611.47,9,4.4
CA-2017-101290,03-08-2017,Customer_170,South,Illinois,Chicago,Office Supplies,Binders,61.92,7,251.86
CA-2018-101291,21-11-2017,Customer_111,West,New York,Houston,Furniture,Chairs,737.9,10,191.58
CA-2015-101292,24-10-2015,Customer_425,West,Florida,Chicago,Technology,Accessories,693.52,8,25.18
CA-2016-101293,19-09-2018,Customer_392,East,Florida,Miami,Furniture,Chairs,518.16,7,179.52
CA-2017-101294,25-09-2017,Customer_40,East,Florida,Chicago,Furniture,Chairs,463.56,1,182.87
CA-2018-101295,20-08-2017,Customer_438,West,Illinois,Miami,Furniture,Chairs,515.22,9,24.42
CA-2015-101296,11-08-2016,Customer_80,South,Texas,New York City,Office Supplies,Paper,522.23,10,-96.05
CA-2016-101297,15-03-2016,Customer_244,West,Texas,Los Angeles,Furniture,Tables,660.88,5,192.83
CA-2017-101298,13-06-2017,Customer_367,Central,New York,Houston,Office Supplies,Binders,110.99,2,291.76
CA-2018-101299,03-06-2015,Customer_230,East,New York,Chicago,Office Supplies,Binders,104.6,7,40.23
CA-2015-101300,21-10-2016,Customer_23,Central,Texas,Chicago,Technology,Accessories,385.73,7,276.79
CA-2016-101301,18-11-2016,Customer_10,West,Florida,Los Angeles,Office Supplies,Paper,41.13,5,-98.07
CA-2017-101302,30-05-2018,Customer_406,East,Florida,Houston,Technology,Phones,538.55,2,229.64
CA-2018-101303,07-02-2016,Customer_153,East,Florida,New York City,Furniture,Bookcases,847.3,6,13.98
CA-2015-101304,23-06-2015,Customer_355,West,California,Los Angeles,Furniture,Chairs,874.05,8,-85.06
CA-2016-101305,15-04-2015,Customer_245,South,Texas,Houston,Furniture,Tables,72.16,8,290.28
CA-2017-101306,08-10-2015,Customer_40,Central,Texas,Miami,Furniture,Chairs,217.0,6,251.0
CA-2018-101307,18-03-2016,Customer_85,West,Florida,Chicago,Technology,Phones,554.47,10,124.49
CA-2015-101308,12-04-2018,Customer_126,South,Illinois,Miami,Furniture,Tables,442.84,10,-53.52
CA-2016-101309,29-12-2018,Customer_365,Central,New York,Houston,Office Supplies,Paper,964.64,4,103.71
CA-2017-101310,15-09-2016,Customer_5,South,Texas,New York City,Furniture,Chairs,558.3,3,156.46
CA-2018-101311,03-04-2017,Customer_174,West,New York,Chicago,Technology,Accessories,571.57,5,198.98
CA-2015-101312,22-12-2016,Customer_30,South,California,Chicago,Office Supplies,Paper,857.42,9,206.75
CA-2016-101313,02-11-2017,Customer_335,South,Texas,New York City,Furniture,Bookcases,494.21,1,-22.37
CA-2017-101314,12-01-2019,Customer_138,West,Texas,Houston,Furniture,Chairs,591.21,5,269.9
CA-2018-101315,27-01-2017,Customer_426,Central,California,Chicago,Office Supplies,Binders,605.06,7,-84.03
CA-2015-101316,21-12-2016,Customer_103,West,New York,New York City,Technology,Copiers,797.47,7,260.64
CA-2016-101317,12-06-2016,Customer_463,East,California,New York City,Office Supplies,Binders,865.59,9,141.55
CA-2017-101318,05-09-2016,Customer_4,East,New York,Houston,Office Supplies,Binders,856.83,3,285.09
CA-2018-101319,19-10-2018,Customer_267,West,New York,Houston,Technology,Accessories,83.27,1,-3.92
CA-2015-101320,23-12-2018,Customer_396,Central,Florida,Miami,Furniture,Bookcases,808.49,9,-80.25
CA-2016-101321,01-02-2018,Customer_195,South,Illinois,New York City,Technology,Accessories,782.03,9,218.8
CA-2017-101322,16-08-2017,Customer_156,East,Illinois,Chicago,Technology,Copiers,880.64,9,47.65
CA-2018-101323,06-09-2016,Customer_80,South,Florida,Chicago,Office Supplies,Storage,616.55,1,-36.06
CA-2015-101324,08-06-2016,Customer_39,South,Florida,Chicago,Furniture,Tables,96.02,7,238.7
CA-2016-101325,09-02-2016,Customer_257,East,Florida,New York City,Office Supplies,Binders,43.21,5,164.54
CA-2017-101326,14-05-2015,Customer_454,Central,Illinois,Miami,Technology,Copiers,110.47,3,130.59
CA-2018-101327,09-11-2015,Customer_121,Central,Texas,Houston,Office Supplies,Storage,721.72,6,171.53
CA-2015-101328,06-07-2018,Customer_87,West,Florida,Miami,Technology,Phones,611.61,9,9.53
CA-2016-101329,23-10-2018,Customer_94,West,New York,Miami,Technology,Accessories,893.16,5,219.83
CA-2017-101330,02-12-2017,Customer_206,East,Illinois,New York City,Furniture,Tables,399.77,6,119.79
CA-2018-101331,03-03-2017,Customer_197,South,New York,New York City,Technology,Copiers,657.13,3,-36.78
CA-2015-101332,21-10-2016,Customer_174,Central,Florida,Miami,Office Supplies,Paper,884.11,10,-23.3
CA-2016-101333,22-06-2015,Customer_192,South,New York,Chicago,Technology,Accessories,28.6,1,212.3
CA-2017-101334,06-05-2015,Customer_427,West,Illinois,Miami,Office Supplies,Paper,595.76,6,293.99
CA-2018-101335,04-03-2015,Customer_111,Central,Florida,Los Angeles,Furniture,Bookcases,84.15,6,125.91
CA-2015-101336,23-10-2015,Customer_456,West,Texas,Chicago,Technology,Phones,612.25,4,-70.04
CA-2016-101337,02-01-2017,Customer_343,Central,Texas,New York City,Furniture,Tables,291.5,1,3.31
CA-2017-101338,17-08-2016,Customer_83,South,Florida,Los Angeles,Office Supplies,Paper,528.69,4,223.2
CA-2018-101339,27-11-2017,Customer_153,East,New York,Los Angeles,Technology,Copiers,834.12,3,105.34
CA-2015-101340,14-07-2016,Customer_336,Central,New York,Los Angeles,Technology,Accessories,592.26,5,136.86
CA-2016-101341,01-06-2017,Customer_80,West,New York,Houston,Office Supplies,Paper,112.77,3,30.09
CA-2017-101342,02-02-2019,Customer_232,East,Texas,Miami,Office Supplies,Storage,268.08,3,199.29
CA-2018-101343,04-01-2016,Customer_124,South,Texas,Los Angeles,Office Supplies,Binders,845.33,4,43.52
CA-2015-101344,27-11-2016,Customer_300,West,New York,Miami,Technology,Accessories,382.88,1,280.84
CA-2016-101345,28-12-2017,Customer_349,South,Illinois,Houston,Technology,Accessories,103.11,10,-73.45
CA-2017-101346,11-12-2016,Customer_409,East,California,Los Angeles,Furniture,Tables,328.48,10,86.99
CA-2018-101347,30-03-2017,Customer_290,East,Florida,Los Angeles,Furniture,Chairs,906.96,8,62.4
CA-2015-101348,09-06-2017,Customer_328,Central,Texas,Miami,Office Supplies,Storage,606.86,1,281.08
CA-2016-101349,10-12-2018,Customer_340,Central,Illinois,Chicago,Office Supplies,Paper,769.35,3,132.98
CA-2017-101350,17-01-2015,Customer_176,South,Texas,Miami,Office Supplies,Binders,958.75,1,-21.9
CA-2018-101351,11-10-2017,Customer_146,East,California,New York City,Office Supplies,Paper,886.93,7,59.24
CA-2015-101352,16-01-2018,Customer_102,South,Texas,Houston,Furniture,Bookcases,545.48,7,-69.18
CA-2016-101353,01-02-2015,Customer_421,East,California,Miami,Technology,Accessories,965.26,6,289.9
CA-2017-101354,03-01-2015,Customer_84,West,New York,Miami,Technology,Accessories,278.84,4,62.15
CA-2018-101355,29-09-2016,Customer_377,Central,California,New York City,Office Supplies,Binders,718.65,4,-44.11
CA-2015-101356,24-12-2018,Customer_253,East,New York,Miami,Furniture,Tables,265.91,6,108.77
CA-2016-101357,12-07-2016,Customer_86,South,Florida,Houston,Technology,Copiers,26.21,3,-19.9
CA-2017-101358,26-08-2018,Customer_430,South,California,Miami,Office Supplies,Storage,144.64,5,48.23
CA-2018-101359,03-02-2018,Customer_89,East,Texas,Miami,Office Supplies,Paper,908.92,7,290.92
CA-2015-101360,27-11-2018,Customer_165,Central,California,Chicago,Furniture,Tables,765.06,9,13.74
CA-2016-101361,12-12-2018,Customer_182,East,Texas,Miami,Office Supplies,Paper,901.63,7,260.84
CA-2017-101362,23-01-2015,Customer_461,South,New York,New York City,Office Supplies,Binders,964.95,8,-88.7
CA-2018-101363,31-12-2016,Customer_220,Central,California,Miami,Office Supplies,Binders,623.05,10,-25.8
CA-2015-101364,06-07-2017,Customer_120,Central,California,Los Angeles,Office Supplies,Binders,823.82,7,-87.6
CA-2016-101365,26-06-2015,Customer_311,South,New York,Chicago,Technology,Accessories,927.57,2,157.46
CA-2017-101366,02-01-2016,Customer_164,East,New York,New York City,Office Supplies,Storage,315.84,4,185.08
CA-2018-101367,21-01-2018,Customer_185,South,Florida,Miami,Office Supplies,Binders,646.22,6,-12.85
CA-2015-101368,05-01-2016,Customer_407,West,California,Chicago,Technology,Phones,287.31,9,237.54
CA-2016-101369,31-10-2018,Customer_100,South,Texas,Los Angeles,Technology,Phones,67.96,9,132.04
CA-2017-101370,15-12-2017,Customer_359,East,Texas,Houston,Technology,Phones,240.31,1,197.32
CA-2018-101371,02-02-2019,Customer_363,West,New York,Miami,Office Supplies,Storage,831.96,1,-33.43
CA-2015-101372,20-09-2015,Customer_494,West,Texas,Miami,Furniture,Tables,609.56,9,-91.59
CA-2016-101373,29-12-2016,Customer_498,West,New York,Houston,Furniture,Chairs,437.43,7,193.36
CA-2017-101374,09-05-2018,Customer_391,West,California,Los Angeles,Office Supplies,Storage,440.43,6,288.67
CA-2018-101375,02-01-2016,Customer_273,West,California,Chicago,Furniture,Tables,946.12,5,271.7
CA-2015-101376,08-07-2017,Customer_489,Central,Texas,Miami,Office Supplies,Storage,583.84,6,162.82
CA-2016-101377,04-10-2016,Customer_355,East,Texas,Los Angeles,Office Supplies,Binders,611.07,8,-91.0
CA-2017-101378,29-09-2018,Customer_31,West,Illinois,Miami,Furniture,Chairs,118.29,1,119.64
CA-2018-101379,10-10-2017,Customer_126,West,Florida,Houston,Office Supplies,Paper,69.49,1,198.38
CA-2015-101380,18-04-2015,Customer_209,West,California,New York City,Furniture,Tables,339.06,4,69.57
CA-2016-101381,12-09-2016,Customer_176,Central,Florida,New York City,Furniture,Bookcases,503.44,6,50.89
CA-2017-101382,28-02-2015,Customer_397,South,California,Los Angeles,Technology,Copiers,911.12,2,268.74
CA-2018-101383,17-03-2017,Customer_440,West,Florida,Chicago,Technology,Phones,631.5,1,1.88
CA-2015-101384,28-08-2015,Customer_493,West,Texas,New York City,Furniture,Bookcases,809.66,8,263.11
CA-2016-101385,31-12-2017,Customer_367,South,New York,New York City,Furniture,Bookcases,800.52,5,-44.76
CA-2017-101386,23-07-2018,Customer_461,Central,Illinois,Chicago,Office Supplies,Binders,887.58,6,135.06
CA-2018-101387,13-01-2015,Customer_496,South,Illinois,Los Angeles,Technology,Copiers,168.96,2,-26.31
CA-2015-101388,19-01-2018,Customer_439,Central,California,New York City,Technology,Copiers,387.21,5,196.15
CA-2016-101389,08-05-2016,Customer_436,Central,New York,New York City,Office Supplies,Paper,145.14,4,127.9
CA-2017-101390,13-08-2017,Customer_73,South,Florida,Los Angeles,Technology,Accessories,582.76,5,233.51
CA-2018-101391,27-10-2016,Customer_492,West,Texas,Miami,Office Supplies,Binders,740.24,7,260.9
CA-2015-101392,04-08-2015,Customer_467,South,California,Miami,Furniture,Bookcases,698.9,7,-37.48
CA-2016-101393,06-11-2018,Customer_416,East,Texas,Houston,Furniture,Bookcases,149.33,5,111.46
CA-2017-101394,09-11-2016,Customer_460,South,New York,Miami,Technology,Accessories,500.17,3,253.31
CA-2018-101395,24-05-2017,Customer_67,East,California,Los Angeles,Technology,Copiers,676.29,9,129.9
CA-2015-101396,04-05-2016,Customer_314,Central,California,Chicago,Furniture,Bookcases,632.84,6,-31.81
CA-2016-101397,26-02-2018,Customer_166,South,California,Miami,Technology,Phones,554.32,3,-78.24
CA-2017-101398,01-05-2017,Customer_107,West,Illinois,Los Angeles,Furniture,Bookcases,647.59,5,-87.87
CA-2018-101399,17-02-2017,Customer_455,South,California,Los Angeles,Office Supplies,Binders,320.6,6,150.95
CA-2015-101400,30-07-2017,Customer_123,West,Texas,Los Angeles,Furniture,Chairs,808.98,5,279.66
CA-2016-101401,17-12-2015,Customer_114,South,Texas,Miami,Technology,Accessories,311.03,1,24.25
CA-2017-101402,22-02-2017,Customer_110,Central,Texas,Houston,Office Supplies,Storage,175.48,6,164.79
CA-2018-101403,02-04-2017,Customer_344,East,California,Chicago,Office Supplies,Binders,560.09,8,107.12
CA-2015-101404,08-10-2017,Customer_93,South,Illinois,Chicago,Furniture,Bookcases,309.68,8,221.83
CA-2016-101405,26-05-2016,Customer_244,Central,Texas,Miami,Office Supplies,Storage,908.79,6,243.47
CA-2017-101406,20-04-2016,Customer_264,South,New York,Miami,Technology,Copiers,406.96,5,-51.68
CA-2018-101407,05-09-2017,Customer_69,East,California,Miami,Furniture,Bookcases,842.58,2,-63.83
CA-2015-101408,25-02-2015,Customer_341,East,Illinois,Chicago,Technology,Accessories,632.43,6,110.6
CA-2016-101409,21-03-2015,Customer_152,East,New York,Chicago,Office Supplies,Storage,447.78,10,159.44
CA-2017-101410,25-03-2015,Customer_310,South,California,Los Angeles,Furniture,Chairs,822.04,1,70.2
CA-2018-101411,25-09-2018,Customer_477,West,California,Chicago,Technology,Accessories,234.8,8,5.12
CA-2015-101412,05-10-2017,Customer_34,West,Florida,New York City,Office Supplies,Storage,31.0,4,-7.19
CA-2016-101413,27-06-2016,Customer_453,West,New York,Miami,Office Supplies,Storage,442.81,9,241.87
CA-2017-101414,28-03-2017,Customer_440,East,Illinois,Houston,Technology,Phones,233.11,10,212.28
CA-2018-101415,10-07-2016,Customer_348,South,Illinois,Houston,Furniture,Bookcases,391.92,6,10.97
CA-2015-101416,17-04-2015,Customer_330,Central,Florida,Chicago,Office Supplies,Paper,728.32,8,261.87
CA-2016-101417,12-09-2016,Customer_408,South,Florida,Miami,Office Supplies,Paper,869.01,2,156.07
CA-2017-101418,18-06-2018,Customer_89,Central,Florida,Houston,Technology,Accessories,131.62,1,4.23
CA-2018-101419,26-12-2017,Customer_214,West,Florida,Houston,Furniture,Chairs,387.32,2,-1.68
CA-2015-101420,11-06-2016,Customer_276,East,Illinois,New York City,Office Supplies,Binders,246.14,2,125.54
CA-2016-101421,27-12-2016,Customer_160,Central,New York,Los Angeles,Technology,Copiers,178.52,2,211.26
CA-2017-101422,11-03-2018,Customer_119,East,New York,Miami,Technology,Accessories,267.83,7,130.98
CA-2018-101423,29-05-2017,Customer_444,East,Texas,Houston,Technology,Phones,997.84,6,182.46
CA-2015-101424,25-01-2017,Customer_281,South,Texas,Los Angeles,Furniture,Tables,956.66,7,-30.87
CA-2016-101425,08-07-2017,Customer_337,East,New York,Houston,Technology,Phones,394.97,9,-45.27
CA-2017-101426,24-11-2015,Customer_263,Central,Florida,Miami,Office Supplies,Binders,794.55,2,238.92
CA-2018-101427,13-01-2015,Customer_6,East,California,Los Angeles,Technology,Copiers,224.95,7,53.98
CA-2015-101428,11-08-2017,Customer_261,East,Florida,Chicago,Furniture,Chairs,259.92,10,133.4
CA-2016-101429,20-05-2018,Customer_128,South,California,New York City,Furniture,Chairs,556.32,1,220.18
CA-2017-101430,22-07-2017,Customer_41,South,California,Los Angeles,Furniture,Tables,303.72,9,80.45
CA-2018-101431,26-05-2017,Customer_188,Central,California,Miami,Office Supplies,Binders,147.0,9,286.12
CA-2015-101432,09-06-2018,Customer_185,West,Florida,Houston,Furniture,Chairs,970.28,4,69.69
CA-2016-101433,08-10-2016,Customer_309,Central,Texas,Houston,Furniture,Chairs,578.91,1,-29.16
CA-2017-101434,18-06-2017,Customer_389,Central,Illinois,Chicago,Office Supplies,Binders,344.55,8,210.69
CA-2018-101435,15-03-2016,Customer_179,Central,New York,New York City,Office Supplies,Binders,736.4,6,-48.18
CA-2015-101436,17-09-2018,Customer_312,West,New York,Chicago,Technology,Phones,550.92,7,53.95
CA-2016-101437,18-05-2016,Customer_285,West,Florida,New York City,Office Supplies,Binders,65.17,4,-70.41
CA-2017-101438,17-04-2018,Customer_173,Central,Texas,Chicago,Office Supplies,Paper,569.53,4,159.6
CA-2018-101439,15-02-2015,Customer_381,West,Texas,New York City,Furniture,Bookcases,910.1,10,-7.45
CA-2015-101440,12-05-2017,Customer_376,Central,New York,Miami,Technology,Copiers,311.23,6,-38.67
CA-2016-101441,30-07-2015,Customer_431,West,New York,Los Angeles,Technology,Phones,839.63,7,270.92
CA-2017-101442,09-06-2015,Customer_235,South,Texas,New York City,Office Supplies,Storage,591.95,10,209.91
CA-2018-101443,18-08-2018,Customer_393,South,Florida,New York City,Furniture,Bookcases,460.22,6,-86.84
CA-2015-101444,30-04-2016,Customer_126,West,Illinois,Houston,Furniture,Chairs,730.07,1,114.19
CA-2016-101445,21-12-2015,Customer_218,West,Illinois,Houston,Technology,Accessories,988.03,7,23.53
CA-2017-101446,14-04-2016,Customer_312,East,Texas,Chicago,Furniture,Tables,304.2,6,-15.37
CA-2018-101447,07-03-2017,Customer_58,Central,New York,Chicago,Furniture,Chairs,508.02,3,146.88
CA-2015-101448,29-06-2018,Customer_68,East,Texas,Houston,Technology,Copiers,530.87,7,1.0
CA-2016-101449,06-08-2018,Customer_449,Central,Texas,New York City,Office Supplies,Paper,549.15,3,-64.34
CA-2017-101450,18-05-2017,Customer_123,West,Illinois,Houston,Furniture,Tables,441.61,3,239.27
CA-2018-101451,15-09-2017,Customer_288,South,New York,New York City,Office Supplies,Paper,197.0,10,171.87
CA-2015-101452,23-09-2018,Customer_433,South,Florida,Chicago,Technology,Copiers,593.95,8,-73.23
CA-2016-101453,22-03-2017,Customer_99,East,Illinois,New York City,Furniture,Bookcases,243.19,7,84.16
CA-2017-101454,17-11-2017,Customer_199,South,Florida,Chicago,Technology,Copiers,27.87,10,103.06
CA-2018-101455,07-12-2018,Customer_224,Central,New York,New York City,Office Supplies,Binders,92.0,8,259.39
CA-2015-101456,10-10-2018,Customer_243,West,Florida,Los Angeles,Office Supplies,Binders,616.27,6,205.82
CA-2016-101457,07-05-2015,Customer_115,West,Florida,New York City,Office Supplies,Paper,426.5,1,151.91
CA-2017-101458,04-03-2015,Customer_141,East,California,Miami,Office Supplies,Binders,121.05,8,-38.64
CA-2018-101459,23-10-2017,Customer_386,East,California,Los Angeles,Furniture,Chairs,334.23,6,167.16
CA-2015-101460,14-12-2016,Customer_300,East,Texas,Houston,Furniture,Chairs,929.14,8,-27.46
CA-2016-101461,16-06-2016,Customer_130,Central,New York,Miami,Technology,Copiers,219.2,4,177.68
CA-2017-101462,02-02-2016,Customer_475,South,Texas,Miami,Furniture,Chairs,896.9,5,217.38
CA-2018-101463,18-04-2015,Customer_270,West,Texas,New York City,Technology,Phones,118.35,5,255.68
CA-2015-101464,12-01-2017,Customer_473,West,New York,Los Angeles,Office Supplies,Storage,879.96,7,190.93
CA-2016-101465,12-04-2016,Customer_468,West,Illinois,Chicago,Technology,Copiers,484.69,7,62.9
CA-2017-101466,26-07-2015,Customer_144,West,Florida,Miami,Furniture,Tables,96.44,8,63.28
CA-2018-101467,29-12-2015,Customer_282,Central,New York,New York City,Technology,Copiers,97.06,7,202.97
CA-2015-101468,06-03-2018,Customer_168,West,Texas,Los Angeles,Technology,Accessories,438.59,3,-35.87
CA-2016-101469,15-02-2018,Customer_467,South,Illinois,New York City,Furniture,Chairs,268.46,6,-27.82
CA-2017-101470,21-10-2016,Customer_72,Central,California,New York City,Office Supplies,Paper,489.61,10,-23.75
CA-2018-101471,09-09-2018,Customer_364,East,Florida,Chicago,Furniture,Bookcases,441.35,4,-33.27
CA-2015-101472,05-03-2018,Customer_447,South,California,Miami,Technology,Phones,924.19,6,-94.29
CA-2016-101473,21-11-2016,Customer_389,Central,Texas,Chicago,Technology,Copiers,927.69,2,20.92
CA-2017-101474,01-02-2018,Customer_131,Central,California,Los Angeles,Office Supplies,Paper,436.08,3,66.14
CA-2018-101475,14-03-2018,Customer_128,South,California,New York City,Office Supplies,Paper,944.34,8,266.26
CA-2015-101476,12-11-2015,Customer_33,East,Florida,New York City,Technology,Phones,159.46,1,-64.43
CA-2016-101477,13-11-2016,Customer_26,South,Florida,New York City,Office Supplies,Binders,865.64,2,222.87
CA-2017-101478,10-05-2015,Customer_452,Central,Illinois,New York City,Furniture,Chairs,938.86,8,133.35
CA-2018-101479,30-04-2017,Customer_366,South,Florida,Chicago,Technology,Accessories,180.4,3,161.99
CA-2015-101480,21-09-2016,Customer_216,East,Illinois,Los Angeles,Office Supplies,Storage,668.1,1,-35.62
CA-2016-101481,06-02-2018,Customer_109,West,California,Los Angeles,Furniture,Bookcases,717.15,9,257.63
CA-2017-101482,08-04-2015,Customer_216,South,New York,Miami,Office Supplies,Storage,493.35,4,230.13
CA-2018-101483,05-12-2018,Customer_278,West,New York,Miami,Furniture,Chairs,139.72,8,57.62
CA-2015-101484,11-12-2015,Customer_17,Central,Illinois,New York City,Technology,Copiers,59.55,2,35.53
CA-2016-101485,08-03-2016,Customer_401,West,Texas,Miami,Technology,Phones,361.33,8,156.14
CA-2017-101486,12-01-2016,Customer_451,East,New York,New York City,Technology,Copiers,650.39,4,-45.66
CA-2018-101487,15-05-2016,Customer_495,South,California,Miami,Office Supplies,Binders,336.25,7,215.92
CA-2015-101488,17-11-2015,Customer_26,South,New York,Miami,Furniture,Chairs,549.4,5,219.07
CA-2016-101489,20-11-2017,Customer_21,Central,California,Houston,Office Supplies,Storage,884.48,2,-18.96
CA-2017-101490,26-07-2018,Customer_368,East,Florida,Miami,Office Supplies,Binders,704.57,2,198.18
CA-2018-101491,19-11-2015,Customer_280,West,New York,New York City,Furniture,Bookcases,805.14,1,71.43
CA-2015-101492,26-03-2018,Customer_401,South,New York,Los Angeles,Technology,Phones,824.29,9,161.46
CA-2016-101493,12-11-2015,Customer_163,South,New York,Miami,Furniture,Tables,32.8,8,107.64
CA-2017-101494,16-11-2017,Customer_311,West,Texas,Los Angeles,Technology,Phones,966.69,3,-34.38
CA-2018-101495,19-06-2018,Customer_173,East,Illinois,New York City,Technology,Accessories,679.25,10,68.23
CA-2015-101496,23-01-2017,Customer_362,East,Florida,New York City,Technology,Accessories,947.9,5,-71.56
CA-2016-101497,17-10-2018,Customer_266,East,California,Los Angeles,Technology,Accessories,563.68,8,61.24
CA-2017-101498,27-12-2016,Customer_213,West,Illinois,Los Angeles,Furniture,Chairs,534.18,7,188.77
CA-2018-101499,19-12-2018,Customer_212,East,Illinois,Chicago,Technology,Accessories,621.38,3,151.32
CA-2015-101500,25-05-2017,Customer_446,East,Florida,Chicago,Technology,Accessories,242.77,9,-63.82
CA-2016-101501,12-09-2016,Customer_60,South,Illinois,Los Angeles,Technology,Phones,786.36,3,48.36
CA-2017-101502,16-11-2018,Customer_95,West,Florida,Miami,Furniture,Chairs,79.43,5,12.33
CA-2018-101503,30-12-2015,Customer_202,South,Illinois,New York City,Furniture,Bookcases,974.47,4,163.97
CA-2015-101504,15-07-2017,Customer_249,Central,Illinois,Miami,Technology,Accessories,740.97,10,182.82
CA-2016-101505,26-09-2017,Customer_246,East,Illinois,New York City,Technology,Accessories,636.8,9,186.99
CA-2017-101506,25-10-2018,Customer_316,East,Illinois,New York City,Furniture,Chairs,942.84,1,132.45
CA-2018-101507,12-03-2015,Customer_147,East,New York,Houston,Technology,Copiers,506.15,5,84.69
CA-2015-101508,19-11-2016,Customer_450,East,Texas,Los Angeles,Furniture,Tables,699.82,2,30.52
CA-2016-101509,26-07-2015,Customer_229,Central,Texas,Miami,Furniture,Chairs,495.27,3,278.53
CA-2017-101510,30-10-2017,Customer_380,South,Illinois,Chicago,Technology,Copiers,342.72,5,229.96
CA-2018-101511,14-01-2015,Customer_350,South,Florida,Miami,Office Supplies,Storage,584.85,4,255.1
CA-2015-101512,20-08-2016,Customer_42,East,New York,Houston,Technology,Accessories,537.53,7,151.34
CA-2016-101513,23-01-2016,Customer_80,West,Texas,New York City,Furniture,Chairs,106.62,10,32.33
CA-2017-101514,28-05-2015,Customer_500,East,New York,Los Angeles,Technology,Accessories,782.03,5,105.53
CA-2018-101515,08-05-2017,Customer_431,Central,California,New York City,Furniture,Tables,111.63,5,138.33
CA-2015-101516,03-06-2015,Customer_269,Central,California,Houston,Furniture,Chairs,98.47,8,104.92
CA-2016-101517,03-04-2018,Customer_463,Central,Illinois,Miami,Technology,Accessories,733.19,3,119.73
CA-2017-101518,25-07-2017,Customer_365,Central,California,New York City,Office Supplies,Storage,248.16,5,161.29
CA-2018-101519,03-12-2017,Customer_434,East,California,Houston,Office Supplies,Binders,437.65,10,1.24
CA-2015-101520,03-03-2015,Customer_316,East,Florida,Miami,Technology,Copiers,225.6,6,167.77
CA-2016-101521,19-10-2016,Customer_331,Central,Texas,Los Angeles,Furniture,Tables,753.86,7,115.21
CA-2017-101522,03-03-2018,Customer_92,East,Florida,Houston,Office Supplies,Binders,695.0,4,170.72
CA-2018-101523,16-10-2018,Customer_106,East,Illinois,Miami,Technology,Phones,249.69,9,-76.17
CA-2015-101524,13-01-2017,Customer_16,East,Illinois,Los Angeles,Office Supplies,Binders,783.32,8,241.83
CA-2016-101525,04-02-2016,Customer_484,Central,New York,Miami,Technology,Accessories,679.26,5,8.62
CA-2017-101526,05-03-2017,Customer_315,East,Florida,Chicago,Technology,Copiers,360.68,3,282.6
CA-2018-101527,03-09-2015,Customer_83,West,California,Chicago,Office Supplies,Binders,185.91,6,237.55
CA-2015-101528,28-08-2015,Customer_399,West,Illinois,New York City,Technology,Copiers,472.11,4,125.74
CA-2016-101529,20-02-2015,Customer_243,South,New York,Chicago,Office Supplies,Paper,334.35,10,279.49
CA-2017-101530,25-07-2016,Customer_434,South,Illinois,Chicago,Technology,Accessories,769.61,7,174.81
CA-2018-101531,26-02-2018,Customer_82,West,Illinois,Chicago,Office Supplies,Paper,39.7,4,228.31
CA-2015-101532,02-05-2017,Customer_267,East,Illinois,Miami,Technology,Copiers,262.01,10,-78.11
CA-2016-101533,29-09-2016,Customer_382,East,Florida,Chicago,Technology,Copiers,262.56,3,-1.59
CA-2017-101534,27-12-2015,Customer_57,South,Texas,Miami,Furniture,Chairs,390.25,4,119.8
CA-2018-101535,14-01-2015,Customer_10,Central,Texas,Houston,Technology,Accessories,101.8,5,41.59
CA-2015-101536,02-09-2018,Customer_204,Central,California,Miami,Technology,Phones,918.6,7,125.04
CA-2016-101537,09-01-2016,Customer_397,South,Florida,Miami,Office Supplies,Storage,387.68,10,68.87
CA-2017-101538,17-01-2018,Customer_60,East,California,Los Angeles,Technology,Accessories,443.63,7,130.04
CA-2018-101539,06-01-2015,Customer_131,South,California,Chicago,Technology,Accessories,439.68,4,240.98
CA-2015-101540,14-11-2016,Customer_139,East,Illinois,Los Angeles,Furniture,Chairs,793.03,9,200.11
CA-2016-101541,10-02-2015,Customer_165,West,Texas,New York City,Furniture,Tables,276.86,8,20.81
CA-2017-101542,02-02-2018,Customer_295,Central,New York,Miami,Technology,Phones,323.81,10,-11.87
CA-2018-101543,30-01-2015,Customer_72,East,Illinois,Chicago,Furniture,Bookcases,379.1,6,166.33
CA-2015-101544,17-01-2019,Customer_156,Central,Texas,New York City,Furniture,Chairs,80.81,6,179.1
CA-2016-101545,03-09-2017,Customer_2,West,Illinois,New York City,Office Supplies,Binders,791.82,10,146.18
CA-2017-101546,02-12-2017,Customer_404,South,New York,Chicago,Furniture,Bookcases,310.05,7,179.4
CA-2018-101547,16-02-2015,Customer_338,Central,New York,New York City,Technology,Phones,470.38,10,34.02
CA-2015-101548,23-04-2016,Customer_232,South,New York,Chicago,Furniture,Tables,182.25,9,291.91
CA-2016-101549,08-01-2017,Customer_385,West,Illinois,New York City,Furniture,Chairs,350.14,6,-50.9
CA-2017-101550,13-06-2018,Customer_495,Central,Illinois,Chicago,Furniture,Chairs,517.75,8,87.24
CA-2018-101551,08-08-2015,Customer_310,South,Florida,Miami,Office Supplies,Storage,605.53,6,13.18
CA-2015-101552,09-12-2015,Customer_197,South,Texas,Houston,Furniture,Chairs,928.54,9,101.05
CA-2016-101553,02-06-2018,Customer_293,East,Florida,Houston,Technology,Copiers,953.03,4,275.75
CA-2017-101554,03-08-2018,Customer_291,East,New York,Los Angeles,Furniture,Tables,955.11,10,-63.43
CA-2018-101555,01-01-2019,Customer_349,East,Florida,Miami,Furniture,Bookcases,126.55,1,92.94
CA-2015-101556,20-06-2017,Customer_191,Central,Florida,Chicago,Furniture,Tables,797.37,4,54.2
CA-2016-101557,19-03-2016,Customer_8,East,Illinois,Miami,Furniture,Chairs,939.46,7,213.25
CA-2017-101558,02-05-2017,Customer_252,West,New York,Houston,Office Supplies,Storage,235.13,4,78.73
CA-2018-101559,21-05-2017,Customer_346,Central,New York,Chicago,Technology,Accessories,767.48,2,205.07
CA-2015-101560,05-01-2019,Customer_278,South,New York,Chicago,Technology,Phones,75.2,6,-30.36
CA-2016-101561,25-09-2016,Customer_52,West,California,Chicago,Furniture,Chairs,313.54,5,272.66
CA-2017-101562,08-02-2018,Customer_425,West,Florida,Houston,Furniture,Bookcases,308.54,5,-82.43
CA-2018-101563,13-02-2016,Customer_5,South,Illinois,Chicago,Office Supplies,Paper,392.27,3,180.28
CA-2015-101564,25-04-2016,Customer_157,East,Texas,Los Angeles,Office Supplies,Binders,278.15,4,71.9
CA-2016-101565,25-02-2017,Customer_420,Central,Illinois,Los Angeles,Office Supplies,Binders,796.92,1,-82.13
CA-2017-101566,13-05-2017,Customer_377,East,New York,Houston,Technology,Copiers,232.17,8,113.59
CA-2018-101567,09-07-2016,Customer_370,West,Texas,Miami,Furniture,Bookcases,414.36,10,-40.86
CA-2015-101568,29-09-2018,Customer_346,South,Florida,Los Angeles,Technology,Copiers,249.57,8,75.06
CA-2016-101569,02-02-2019,Customer_39,West,Texas,Chicago,Technology,Accessories,26.26,5,-58.69
CA-2017-101570,17-07-2018,Customer_289,South,Florida,New York City,Technology,Accessories,272.61,9,67.63
CA-2018-101571,03-01-2019,Customer_298,Central,Texas,Houston,Technology,Phones,750.9,10,282.3
CA-2015-101572,05-07-2016,Customer_249,East,California,Miami,Technology,Accessories,938.35,4,39.22
CA-2016-101573,08-02-2019,Customer_298,West,Florida,New York City,Technology,Copiers,454.81,7,221.92
CA-2017-101574,11-01-2016,Customer_197,West,Illinois,Chicago,Technology,Phones,225.81,3,-72.86
CA-2018-101575,30-12-2018,Customer_344,West,Florida,Miami,Furniture,Tables,726.68,10,293.63
CA-2015-101576,13-12-2018,Customer_151,Central,Illinois,Los Angeles,Technology,Phones,134.73,7,-96.45
CA-2016-101577,14-09-2016,Customer_3,South,Illinois,Houston,Technology,Accessories,275.72,6,117.09
CA-2017-101578,16-03-2018,Customer_347,West,New York,Houston,Office Supplies,Binders,986.75,10,-86.55
CA-2018-101579,14-08-2017,Customer_244,West,Illinois,Los Angeles,Office Supplies,Binders,938.17,2,174.12
CA-2015-101580,26-09-2016,Customer_29,Central,Florida,Los Angeles,Technology,Copiers,68.91,1,-52.0
CA-2016-101581,22-02-2016,Customer_41,East,New York,Houston,Technology,Copiers,160.27,7,256.61
CA-2017-101582,02-12-2016,Customer_156,South,Florida,Houston,Furniture,Tables,155.0,1,-3.35
CA-2018-101583,01-05-2016,Customer_86,Central,Texas,New York City,Technology,Phones,644.88,4,-61.32
CA-2015-101584,02-02-2015,Customer_133,Central,Florida,Los Angeles,Furniture,Bookcases,591.78,7,78.96
CA-2016-101585,30-07-2016,Customer_4,West,Texas,New York City,Office Supplies,Paper,511.59,1,205.75
CA-2017-101586,27-01-2019,Customer_386,South,Illinois,Los Angeles,Office Supplies,Storage,288.36,6,-99.45
CA-2018-101587,08-03-2015,Customer_329,South,Florida,New York City,Technology,Copiers,727.81,7,60.01
CA-2015-101588,08-07-2017,Customer_41,South,California,Los Angeles,Office Supplies,Storage,218.16,5,280.19
CA-2016-101589,21-12-2017,Customer_309,West,Illinois,Los Angeles,Office Supplies,Paper,126.36,9,-28.26
CA-2017-101590,08-03-2017,Customer_416,South,California,Houston,Technology,Copiers,192.11,8,256.35
CA-2018-101591,28-07-2016,Customer_92,South,Florida,Chicago,Furniture,Chairs,255.58,10,144.95
CA-2015-101592,15-01-2018,Customer_460,West,Florida,Los Angeles,Technology,Copiers,75.2,5,-99.97
CA-2016-101593,05-09-2017,Customer_276,South,California,New York City,Furniture,Bookcases,607.34,4,76.5
CA-2017-101594,29-03-2018,Customer_229,East,Illinois,Miami,Technology,Phones,289.15,7,286.72
CA-2018-101595,14-09-2016,Customer_163,Central,California,Houston,Furniture,Tables,27.46,4,151.63
CA-2015-101596,06-01-2018,Customer_357,East,California,Chicago,Furniture,Chairs,605.92,4,-88.09
CA-2016-101597,26-10-2015,Customer_445,East,Illinois,New York City,Furniture,Bookcases,303.04,9,-67.73
CA-2017-101598,18-10-2017,Customer_210,South,Texas,Houston,Technology,Phones,64.78,4,287.66
CA-2018-101599,27-11-2017,Customer_123,South,Florida,Houston,Furniture,Bookcases,194.38,7,251.61
CA-2015-101600,13-09-2016,Customer_162,Central,Texas,New York City,Technology,Copiers,700.74,8,198.07
CA-2016-101601,15-11-2016,Customer_78,East,Florida,Houston,Technology,Copiers,145.12,3,241.84
CA-2017-101602,30-12-2015,Customer_245,East,Texas,Chicago,Furniture,Chairs,318.19,3,61.3
CA-2018-101603,20-11-2018,Customer_55,East,Illinois,New York City,Office Supplies,Binders,173.35,8,187.6
CA-2015-101604,10-05-2018,Customer_187,West,California,Los Angeles,Office Supplies,Storage,579.61,1,-66.23
CA-2016-101605,04-10-2018,Customer_474,Central,New York,Chicago,Furniture,Chairs,546.81,7,-7.43
CA-2017-101606,23-09-2016,Customer_133,East,California,Houston,Office Supplies,Storage,237.14,1,55.92
CA-2018-101607,24-10-2018,Customer_88,East,New York,Los Angeles,Furniture,Bookcases,181.64,8,-52.37
CA-2015-101608,15-02-2018,Customer_2,Central,Texas,Los Angeles,Technology,Accessories,46.49,8,-23.79
CA-2016-101609,11-07-2017,Customer_361,West,Texas,Miami,Office Supplies,Paper,97.29,7,91.16
CA-2017-101610,07-02-2017,Customer_320,Central,California,Chicago,Technology,Copiers,796.67,4,262.04
CA-2018-101611,01-10-2018,Customer_219,East,Texas,Houston,Technology,Accessories,621.92,4,231.54
CA-2015-101612,19-05-2016,Customer_430,South,Florida,Houston,Technology,Phones,938.37,8,276.91
CA-2016-101613,11-08-2016,Customer_64,West,Texas,New York City,Office Supplies,Binders,602.76,2,-94.1
CA-2017-101614,17-04-2015,Customer_431,Central,New York,Houston,Furniture,Chairs,680.7,3,146.66
CA-2018-101615,09-01-2017,Customer_111,South,New York,Houston,Office Supplies,Binders,701.92,10,-3.97
CA-2015-101616,28-09-2016,Customer_219,West,New York,Houston,Furniture,Chairs,835.54,5,109.41
CA-2016-101617,06-09-2016,Customer_15,Central,Texas,New York City,Technology,Accessories,993.44,3,283.95
CA-2017-101618,03-05-2016,Customer_140,West,Florida,New York City,Technology,Copiers,151.65,6,106.99
CA-2018-101619,19-08-2015,Customer_248,East,New York,Miami,Furniture,Chairs,242.82,2,224.35
CA-2015-101620,29-09-2018,Customer_93,West,Florida,New York City,Office Supplies,Storage,831.69,3,208.35
CA-2016-101621,18-01-2017,Customer_70,South,Texas,New York City,Office Supplies,Storage,201.35,4,-63.95
CA-2017-101622,12-04-2015,Customer_210,South,New York,Chicago,Furniture,Tables,455.53,7,146.42
CA-2018-101623,27-04-2017,Customer_141,East,New York,Chicago,Furniture,Tables,779.96,3,133.34
CA-2015-101624,14-07-2015,Customer_329,West,New York,Chicago,Technology,Copiers,268.77,7,18.78
CA-2016-101625,17-08-2016,Customer_494,East,Illinois,Los Angeles,Office Supplies,Paper,427.71,1,14.96
CA-2017-101626,11-07-2018,Customer_99,Central,Florida,Los Angeles,Furniture,Tables,351.53,6,212.12
CA-2018-101627,10-06-2018,Customer_129,West,Florida,Los Angeles,Office Supplies,Storage,464.95,8,276.74
CA-2015-101628,12-06-2015,Customer_147,Central,Illinois,Houston,Office Supplies,Storage,708.23,6,166.85
CA-2016-101629,14-07-2018,Customer_463,Central,Texas,Miami,Furniture,Tables,756.55,8,-50.56
CA-2017-101630,22-02-2018,Customer_347,South,California,Miami,Technology,Phones,339.28,8,280.47
CA-2018-101631,22-10-2017,Customer_101,West,New York,New York City,Office Supplies,Paper,996.67,8,-53.4
CA-2015-101632,22-03-2018,Customer_221,East,Texas,Miami,Furniture,Chairs,247.95,5,242.16
CA-2016-101633,27-05-2016,Customer_413,Central,Illinois,Houston,Furniture,Chairs,371.37,1,196.87
CA-2017-101634,22-10-2016,Customer_96,West,Florida,New York City,Office Supplies,Storage,117.76,3,82.63
CA-2018-101635,26-06-2018,Customer_495,East,New York,Houston,Technology,Copiers,712.87,9,-43.13
CA-2015-101636,18-08-2016,Customer_127,East,Illinois,Miami,Technology,Accessories,323.53,3,29.51
CA-2016-101637,02-05-2018,Customer_51,East,New York,Chicago,Office Supplies,Paper,592.83,8,-61.49
CA-2017-101638,20-03-2016,Customer_10,Central,Florida,Houston,Office Supplies,Paper,381.9,8,194.7
CA-2018-101639,12-03-2015,Customer_101,South,Texas,New York City,Furniture,Tables,265.37,6,198.7
CA-2015-101640,19-05-2018,Customer_485,Central,Illinois,Houston,Office Supplies,Paper,230.83,2,-91.2
CA-2016-101641,21-11-2018,Customer_233,South,Texas,Chicago,Technology,Accessories,129.25,8,11.56
CA-2017-101642,13-12-2015,Customer_223,West,New York,Houston,Furniture,Tables,245.95,6,-41.18
CA-2018-101643,16-07-2017,Customer_205,Central,California,New York City,Furniture,Tables,532.56,5,111.53
CA-2015-101644,10-06-2018,Customer_230,South,California,Chicago,Office Supplies,Paper,481.3,1,41.55
CA-2016-101645,04-11-2016,Customer_150,West,Illinois,Chicago,Technology,Phones,761.86,9,13.56
CA-2017-101646,03-02-2016,Customer_55,East,New York,Chicago,Office Supplies,Paper,12.41,7,-90.11
CA-2018-101647,05-11-2018,Customer_348,South,New York,New York City,Furniture,Bookcases,477.44,10,-69.88
CA-2015-101648,22-09-2018,Customer_391,South,New York,New York City,Furniture,Bookcases,442.96,8,-56.94
CA-2016-101649,24-04-2018,Customer_263,Central,New York,Houston,Furniture,Tables,44.94,9,186.76
CA-2017-101650,25-03-2016,Customer_310,South,New York,Los Angeles,Furniture,Bookcases,844.88,4,77.67
CA-2018-101651,01-12-2015,Customer_168,West,Texas,Los Angeles,Furniture,Tables,152.04,6,277.18
CA-2015-101652,09-03-2017,Customer_305,East,Texas,New York City,Office Supplies,Paper,75.06,3,298.86
CA-2016-101653,30-01-2019,Customer_386,West,New York,Miami,Furniture,Bookcases,507.86,6,-61.13
CA-2017-101654,31-07-2015,Customer_328,Central,Florida,Los Angeles,Office Supplies,Binders,921.14,3,262.1
CA-2018-101655,08-09-2016,Customer_278,West,Texas,Chicago,Furniture,Tables,524.78,5,-75.93
CA-2015-101656,12-11-2016,Customer_334,Central,California,Chicago,Furniture,Chairs,403.9,8,197.88
CA-2016-101657,16-04-2017,Customer_243,East,Florida,Los Angeles,Office Supplies,Storage,604.04,2,206.04
CA-2017-101658,24-03-2016,Customer_32,South,New York,Los Angeles,Furniture,Chairs,95.94,2,142.68
CA-2018-101659,11-01-2016,Customer_325,South,Texas,Miami,Furniture,Tables,385.48,7,217.72
CA-2015-101660,21-06-2018,Customer_193,East,Texas,Chicago,Furniture,Bookcases,488.64,6,-50.87
CA-2016-101661,03-01-2019,Customer_345,South,Texas,Houston,Furniture,Bookcases,190.76,7,13.88
CA-2017-101662,21-12-2018,Customer_73,Central,Illinois,Chicago,Office Supplies,Paper,866.3,4,44.35
CA-2018-101663,02-05-2015,Customer_325,Central,Florida,Chicago,Furniture,Chairs,89.79,4,96.31
CA-2015-101664,22-01-2016,Customer_125,South,New York,Los Angeles,Technology,Phones,96.64,9,-75.89
CA-2016-101665,21-04-2018,Customer_83,West,New York,New York City,Office Supplies,Paper,905.34,3,-23.09
CA-2017-101666,06-08-2017,Customer_50,South,California,Houston,Office Supplies,Binders,837.77,10,65.64
CA-2018-101667,24-10-2015,Customer_258,West,New York,Chicago,Technology,Phones,129.05,1,75.67
CA-2015-101668,16-05-2016,Customer_151,Central,Texas,Houston,Technology,Phones,402.32,7,242.26
CA-2016-101669,14-08-2017,Customer_409,Central,California,Houston,Technology,Copiers,82.07,4,144.98
CA-2017-101670,16-08-2018,Customer_21,Central,New York,Chicago,Office Supplies,Binders,359.6,9,274.49
CA-2018-101671,09-03-2015,Customer_341,West,Florida,Los Angeles,Office Supplies,Paper,480.25,1,276.81
CA-2015-101672,19-01-2019,Customer_485,Central,New York,Chicago,Office Supplies,Paper,557.35,8,7.24
CA-2016-101673,04-01-2019,Customer_399,South,New York,New York City,Office Supplies,Binders,640.16,10,252.42
CA-2017-101674,12-05-2018,Customer_83,Central,California,Los Angeles,Furniture,Bookcases,922.47,7,182.51
CA-2018-101675,20-01-2016,Customer_108,East,California,New York City,Office Supplies,Storage,356.8,3,169.42
CA-2015-101676,12-05-2017,Customer_428,South,Texas,New York City,Technology,Phones,292.35,9,-90.97
CA-2016-101677,18-01-2015,Customer_291,South,California,Chicago,Technology,Copiers,933.21,6,119.91
CA-2017-101678,20-06-2018,Customer_293,Central,Illinois,Los Angeles,Furniture,Chairs,781.95,9,-61.18
CA-2018-101679,10-12-2017,Customer_498,Central,Illinois,New York City,Office Supplies,Binders,139.98,10,33.26
CA-2015-101680,03-03-2016,Customer_460,West,Florida,Chicago,Furniture,Bookcases,445.92,4,-74.19
CA-2016-101681,13-11-2018,Customer_82,West,California,Miami,Office Supplies,Storage,716.57,2,273.71
CA-2017-101682,02-01-2019,Customer_374,Central,Texas,Chicago,Furniture,Bookcases,992.08,4,126.15
CA-2018-101683,29-07-2018,Customer_281,East,Illinois,Miami,Technology,Copiers,378.23,5,196.28
CA-2015-101684,29-09-2016,Customer_148,South,Texas,Houston,Technology,Phones,965.14,3,-14.68
CA-2016-101685,14-05-2015,Customer_374,West,Florida,Houston,Office Supplies,Storage,52.96,3,54.59
CA-2017-101686,05-08-2017,Customer_408,South,California,Houston,Furniture,Chairs,505.8,5,-76.91
CA-2018-101687,10-12-2017,Customer_153,West,Illinois,New York City,Technology,Accessories,89.17,8,295.04
CA-2015-101688,06-09-2017,Customer_62,West,Florida,Miami,Furniture,Chairs,461.38,8,98.53
CA-2016-101689,03-07-2018,Customer_182,Central,Illinois,New York City,Technology,Copiers,228.76,2,191.05
CA-2017-101690,29-06-2015,Customer_232,South,California,Miami,Office Supplies,Binders,873.23,10,-1.9
CA-2018-101691,10-08-2018,Customer_40,Central,California,Chicago,Furniture,Tables,643.17,6,-66.58
CA-2015-101692,04-01-2019,Customer_335,West,California,Los Angeles,Technology,Phones,883.43,1,47.04
CA-2016-101693,14-08-2015,Customer_34,Central,California,New York City,Office Supplies,Binders,859.58,8,273.29
CA-2017-101694,19-08-2015,Customer_300,South,New York,Los Angeles,Technology,Copiers,791.42,5,220.69
CA-2018-101695,14-06-2018,Customer_357,South,California,Los Angeles,Office Supplies,Storage,126.55,8,93.51
CA-2015-101696,12-05-2018,Customer_457,West,Illinois,Miami,Office Supplies,Storage,174.09,1,120.1
CA-2016-101697,25-01-2017,Customer_74,South,Florida,Miami,Furniture,Bookcases,866.74,10,-0.18
CA-2017-101698,30-03-2015,Customer_57,South,Texas,Chicago,Furniture,Chairs,880.17,7,271.71
CA-2018-101699,09-01-2017,Customer_396,West,Florida,New York City,Office Supplies,Binders,823.55,10,26.37
CA-2015-101700,29-05-2017,Customer_332,South,Illinois,New York City,Technology,Phones,471.96,8,-12.53
CA-2016-101701,24-03-2016,Customer_346,East,California,New York City,Technology,Accessories,215.88,9,45.6
CA-2017-101702,20-07-2016,Customer_182,Central,California,Miami,Technology,Copiers,49.05,1,193.72
CA-2018-101703,16-07-2015,Customer_218,West,California,New York City,Technology,Phones,232.26,4,51.27
CA-2015-101704,25-01-2017,Customer_351,West,New York,Chicago,Furniture,Bookcases,277.18,7,55.62
CA-2016-101705,20-04-2015,Customer_490,South,Texas,Houston,Furniture,Chairs,368.07,6,-80.16
CA-2017-101706,15-01-2019,Customer_211,South,Florida,Chicago,Office Supplies,Storage,829.7,2,103.9
CA-2018-101707,29-01-2019,Customer_494,East,New York,Los Angeles,Furniture,Tables,816.68,5,-69.44
CA-2015-101708,10-10-2015,Customer_39,East,Texas,Los Angeles,Technology,Copiers,374.77,6,214.38
CA-2016-101709,28-02-2018,Customer_329,Central,Texas,Houston,Office Supplies,Paper,857.19,4,-74.57
CA-2017-101710,21-07-2016,Customer_413,East,California,Miami,Technology,Copiers,647.72,5,210.02
CA-2018-101711,05-10-2017,Customer_242,Central,Texas,Los Angeles,Technology,Phones,864.79,2,186.1
CA-2015-101712,15-07-2017,Customer_285,South,New York,New York City,Furniture,Bookcases,426.41,1,120.21
CA-2016-101713,19-07-2018,Customer_106,East,California,Houston,Office Supplies,Storage,86.26,7,56.46
CA-2017-101714,31-08-2018,Customer_20,South,Florida,Miami,Office Supplies,Binders,426.03,3,45.14
CA-2018-101715,13-09-2017,Customer_182,South,Florida,Miami,Office Supplies,Binders,70.39,2,9.42
CA-2015-101716,27-08-2018,Customer_427,East,Texas,Houston,Technology,Phones,930.83,8,-85.72
CA-2016-101717,02-08-2017,Customer_148,Central,Florida,Houston,Office Supplies,Storage,31.03,2,68.04
CA-2017-101718,24-01-2016,Customer_70,West,Texas,New York City,Office Supplies,Storage,799.68,10,56.5
CA-2018-101719,06-09-2015,Customer_253,West,Illinois,Los Angeles,Technology,Copiers,233.05,5,75.82
CA-2015-101720,29-07-2015,Customer_431,Central,California,New York City,Furniture,Chairs,716.95,10,162.69
CA-2016-101721,18-01-2016,Customer_8,South,Illinois,Los Angeles,Technology,Accessories,793.73,2,-54.37
CA-2017-101722,14-09-2017,Customer_437,Central,New York,New York City,Technology,Accessories,88.05,6,-63.04
CA-2018-101723,24-07-2017,Customer_217,East,Illinois,Miami,Technology,Phones,363.09,6,144.14
CA-2015-101724,24-08-2016,Customer_241,West,Illinois,New York City,Office Supplies,Storage,587.26,3,-56.09
CA-2016-101725,03-01-2015,Customer_35,West,California,Chicago,Office Supplies,Storage,887.8,4,225.09
CA-2017-101726,10-06-2016,Customer_389,Central,New York,Houston,Furniture,Chairs,16.23,9,101.02
CA-2018-101727,08-08-2018,Customer_359,South,New York,Chicago,Technology,Phones,512.78,8,183.51
CA-2015-101728,03-06-2016,Customer_449,West,California,Miami,Office Supplies,Paper,897.96,3,72.95
CA-2016-101729,22-12-2017,Customer_58,South,Texas,Miami,Furniture,Tables,840.21,1,147.63
CA-2017-101730,08-07-2017,Customer_311,South,Illinois,Miami,Technology,Copiers,694.93,4,-6.49
CA-2018-101731,02-02-2017,Customer_454,Central,Florida,Miami,Furniture,Tables,303.07,6,33.36
CA-2015-101732,22-05-2017,Customer_210,Central,California,Los Angeles,Technology,Accessories,307.61,9,-25.44
CA-2016-101733,01-05-2017,Customer_84,South,Florida,New York City,Office Supplies,Storage,619.63,6,-53.51
CA-2017-101734,21-01-2017,Customer_52,Central,Illinois,Chicago,Technology,Accessories,675.58,7,243.18
CA-2018-101735,14-09-2017,Customer_47,South,Illinois,New York City,Technology,Accessories,465.23,2,21.18
CA-2015-101736,22-05-2017,Customer_59,South,Illinois,New York City,Office Supplies,Storage,15.25,9,-79.64
CA-2016-101737,13-11-2015,Customer_487,East,California,New York City,Technology,Phones,939.17,9,-27.09
CA-2017-101738,28-04-2015,Customer_313,Central,New York,New York City,Office Supplies,Binders,906.69,2,52.71
CA-2018-101739,23-03-2015,Customer_33,Central,Florida,Los Angeles,Office Supplies,Paper,416.94,2,-38.56
CA-2015-101740,03-09-2018,Customer_359,West,Texas,New York City,Furniture,Tables,608.63,3,-41.65
CA-2016-101741,17-06-2018,Customer_456,Central,New York,Miami,Technology,Phones,489.18,5,-14.45
CA-2017-101742,22-02-2017,Customer_386,Central,New York,Los Angeles,Furniture,Tables,100.41,3,-67.27
CA-2018-101743,25-06-2017,Customer_185,East,New York,Chicago,Technology,Copiers,939.04,5,48.07
CA-2015-101744,10-07-2015,Customer_261,West,Florida,Miami,Furniture,Chairs,884.38,2,-38.22
CA-2016-101745,26-12-2018,Customer_258,East,California,Chicago,Office Supplies,Storage,402.41,5,87.58
CA-2017-101746,06-07-2016,Customer_213,Central,Illinois,Houston,Office Supplies,Storage,835.32,3,63.78
CA-2018-101747,27-03-2017,Customer_235,Central,Texas,Chicago,Furniture,Chairs,802.51,5,156.0
CA-2015-101748,09-01-2017,Customer_453,East,Florida,Los Angeles,Furniture,Bookcases,586.66,3,19.01
CA-2016-101749,13-09-2018,Customer_277,Central,Illinois,Houston,Office Supplies,Binders,783.42,10,-44.0
CA-2017-101750,09-01-2015,Customer_86,South,Texas,Los Angeles,Technology,Copiers,994.63,8,-64.34
CA-2018-101751,02-12-2015,Customer_48,West,Illinois,New York City,Office Supplies,Paper,563.23,7,251.35
CA-2015-101752,16-08-2015,Customer_264,East,Florida,New York City,Technology,Copiers,931.79,10,202.8
CA-2016-101753,31-08-2016,Customer_274,West,Illinois,Miami,Furniture,Bookcases,335.48,2,128.1
CA-2017-101754,12-03-2018,Customer_380,East,Texas,Los Angeles,Office Supplies,Paper,158.62,5,133.1
CA-2018-101755,25-02-2017,Customer_267,West,New York,New York City,Technology,Accessories,689.14,8,232.33
CA-2015-101756,29-11-2015,Customer_438,West,Texas,Chicago,Furniture,Tables,130.96,3,48.93
CA-2016-101757,14-02-2017,Customer_361,South,Texas,Miami,Office Supplies,Binders,144.85,2,232.93
CA-2017-101758,16-12-2018,Customer_480,Central,California,Houston,Technology,Copiers,190.58,7,189.0
CA-2018-101759,26-11-2018,Customer_359,East,California,Los Angeles,Technology,Copiers,475.5,4,147.95
CA-2015-101760,17-01-2015,Customer_233,West,Florida,Houston,Technology,Phones,42.39,3,101.04
CA-2016-101761,24-05-2015,Customer_51,West,California,Chicago,Office Supplies,Storage,868.88,8,193.44
CA-2017-101762,07-01-2017,Customer_137,South,Illinois,Los Angeles,Technology,Accessories,805.84,10,293.43
CA-2018-101763,05-01-2017,Customer_423,Central,Illinois,Chicago,Furniture,Tables,873.71,7,-97.77
CA-2015-101764,13-11-2017,Customer_186,West,Illinois,Houston,Office Supplies,Binders,725.25,5,247.42
CA-2016-101765,09-04-2017,Customer_171,South,Florida,Houston,Office Supplies,Storage,226.37,2,155.3
CA-2017-101766,08-11-2018,Customer_483,Central,Texas,Miami,Technology,Copiers,58.19,6,123.3
CA-2018-101767,26-07-2015,Customer_316,East,Florida,New York City,Furniture,Tables,29.43,7,52.67
CA-2015-101768,21-09-2015,Customer_244,West,Illinois,Houston,Furniture,Tables,408.21,7,139.03
CA-2016-101769,13-10-2017,Customer_390,Central,New York,Chicago,Office Supplies,Storage,993.59,8,238.81
CA-2017-101770,21-11-2017,Customer_41,Central,Texas,Chicago,Office Supplies,Storage,163.9,1,57.14
CA-2018-101771,27-05-2016,Customer_216,South,Illinois,Chicago,Office Supplies,Paper,577.93,5,-11.1
CA-2015-101772,31-03-2018,Customer_404,West,Texas,Miami,Technology,Accessories,522.9,9,1.83
CA-2016-101773,22-07-2017,Customer_425,East,Texas,Los Angeles,Furniture,Tables,189.49,3,129.3
CA-2017-101774,21-06-2016,Customer_445,Central,California,Chicago,Technology,Accessories,994.81,2,7.84
CA-2018-101775,17-10-2016,Customer_7,South,New York,Los Angeles,Furniture,Chairs,967.5,1,237.84
CA-2015-101776,15-06-2015,Customer_357,South,California,New York City,Office Supplies,Storage,236.95,2,228.01
CA-2016-101777,14-11-2016,Customer_67,West,Florida,New York City,Furniture,Chairs,144.16,8,-82.77
CA-2017-101778,26-09-2018,Customer_86,South,Texas,Houston,Furniture,Bookcases,393.21,10,-85.08
CA-2018-101779,18-10-2017,Customer_349,West,Texas,Miami,Office Supplies,Storage,320.52,5,264.83
CA-2015-101780,18-01-2017,Customer_355,West,New York,Los Angeles,Furniture,Chairs,534.21,1,185.68
CA-2016-101781,09-11-2016,Customer_438,West,Florida,Miami,Furniture,Tables,614.24,7,239.78
CA-2017-101782,03-01-2015,Customer_495,South,Illinois,Miami,Furniture,Bookcases,333.5,7,234.46
CA-2018-101783,09-06-2018,Customer_99,West,Texas,New York City,Office Supplies,Paper,847.45,7,81.05
CA-2015-101784,01-10-2017,Customer_159,East,Texas,Houston,Technology,Accessories,849.21,4,55.8
CA-2016-101785,16-08-2017,Customer_489,West,Illinois,Chicago,Office Supplies,Binders,41.76,4,270.06
CA-2017-101786,12-12-2015,Customer_38,West,Texas,New York City,Technology,Phones,980.54,1,246.08
CA-2018-101787,07-04-2015,Customer_31,West,New York,Chicago,Technology,Accessories,286.85,8,260.78
CA-2015-101788,08-12-2015,Customer_24,South,Florida,Los Angeles,Office Supplies,Storage,39.85,4,190.04
CA-2016-101789,23-12-2017,Customer_442,West,Florida,Houston,Technology,Accessories,187.21,10,54.35
CA-2017-101790,19-02-2018,Customer_170,Central,California,Houston,Office Supplies,Binders,148.13,6,293.05
CA-2018-101791,07-05-2017,Customer_233,West,New York,New York City,Furniture,Bookcases,633.45,2,4.77
CA-2015-101792,22-02-2016,Customer_366,South,Florida,Los Angeles,Technology,Copiers,786.75,1,-69.65
CA-2016-101793,17-09-2016,Customer_432,Central,Illinois,Chicago,Office Supplies,Binders,305.32,5,178.23
CA-2017-101794,14-10-2016,Customer_84,East,New York,Los Angeles,Technology,Accessories,881.93,6,275.54
CA-2018-101795,18-12-2017,Customer_6,West,New York,Miami,Furniture,Bookcases,419.78,9,215.26
CA-2015-101796,08-10-2015,Customer_477,Central,Texas,Miami,Office Supplies,Binders,829.85,7,-48.18
CA-2016-101797,12-07-2016,Customer_222,East,Illinois,Houston,Technology,Phones,386.93,6,9.72
CA-2017-101798,10-12-2018,Customer_96,East,New York,Los Angeles,Furniture,Chairs,271.51,9,134.18
CA-2018-101799,24-05-2017,Customer_264,East,Florida,Houston,Office Supplies,Binders,850.49,4,-95.48
CA-2015-101800,08-01-2017,Customer_498,East,New York,Miami,Furniture,Bookcases,783.88,4,14.16
CA-2016-101801,19-11-2015,Customer_333,West,New York,Houston,Technology,Accessories,545.64,8,65.45
CA-2017-101802,29-01-2017,Customer_93,South,Florida,Miami,Furniture,Chairs,283.62,3,-89.93
CA-2018-101803,22-09-2018,Customer_262,West,Illinois,Houston,Furniture,Chairs,593.48,1,-78.6
CA-2015-101804,06-08-2015,Customer_452,Central,Florida,Chicago,Furniture,Tables,728.66,4,160.8
CA-2016-101805,29-07-2018,Customer_98,Central,Florida,Houston,Office Supplies,Binders,842.22,10,240.19
CA-2017-101806,20-12-2017,Customer_243,East,Texas,Los Angeles,Office Supplies,Storage,653.63,5,64.87
CA-2018-101807,20-11-2015,Customer_182,East,Texas,Los Angeles,Office Supplies,Binders,706.3,4,195.35
CA-2015-101808,11-11-2016,Customer_84,West,Texas,Chicago,Office Supplies,Paper,68.25,4,193.95
CA-2016-101809,03-04-2015,Customer_358,East,Illinois,Miami,Office Supplies,Paper,208.44,4,29.82
CA-2017-101810,26-05-2018,Customer_150,West,New York,Los Angeles,Technology,Accessories,116.57,9,127.07
CA-2018-101811,17-11-2018,Customer_269,Central,Texas,Houston,Office Supplies,Paper,193.9,8,221.25
CA-2015-101812,27-01-2017,Customer_311,Central,Florida,Los Angeles,Technology,Copiers,52.62,8,278.86
CA-2016-101813,21-06-2017,Customer_54,East,Florida,Chicago,Office Supplies,Paper,331.06,7,281.23
CA-2017-101814,27-03-2017,Customer_59,East,California,Houston,Technology,Phones,175.06,4,48.66
CA-2018-101815,27-08-2016,Customer_42,Central,Texas,Chicago,Furniture,Bookcases,941.27,8,119.52
CA-2015-101816,14-04-2016,Customer_269,West,California,Chicago,Furniture,Bookcases,115.48,5,190.54
CA-2016-101817,30-06-2016,Customer_26,Central,New York,Los Angeles,Office Supplies,Storage,421.7,1,-53.17
CA-2017-101818,06-04-2015,Customer_497,East,Illinois,Chicago,Furniture,Chairs,952.72,7,-98.78
CA-2018-101819,13-03-2017,Customer_188,West,Illinois,Los Angeles,Furniture,Tables,312.7,2,-2.4
CA-2015-101820,21-11-2018,Customer_432,East,New York,Los Angeles,Furniture,Bookcases,135.06,1,-38.67
CA-2016-101821,21-04-2018,Customer_306,Central,Texas,Houston,Technology,Phones,91.13,9,283.39
CA-2017-101822,17-08-2018,Customer_3,West,California,Chicago,Office Supplies,Binders,551.69,2,224.88
CA-2018-101823,26-11-2018,Customer_464,Central,Texas,New York City,Furniture,Tables,890.85,7,161.89
CA-2015-101824,10-09-2017,Customer_485,West,California,New York City,Furniture,Bookcases,283.57,3,224.23
CA-2016-101825,07-12-2017,Customer_407,West,Texas,Houston,Furniture,Chairs,350.24,9,85.93
CA-2017-101826,07-01-2019,Customer_181,South,California,Chicago,Technology,Phones,41.62,9,290.63
CA-2018-101827,10-03-2018,Customer_179,East,California,Houston,Office Supplies,Binders,805.87,6,-74.22
CA-2015-101828,30-07-2017,Customer_301,East,Illinois,Miami,Office Supplies,Storage,814.52,10,197.86
CA-2016-101829,18-03-2017,Customer_2,West,Illinois,Chicago,Furniture,Bookcases,117.41,4,46.95
CA-2017-101830,11-04-2018,Customer_230,East,New York,Miami,Office Supplies,Binders,284.77,4,253.48
CA-2018-101831,11-09-2016,Customer_150,South,New York,New York City,Technology,Accessories,169.5,10,156.1
CA-2015-101832,20-12-2015,Customer_50,Central,Texas,Miami,Technology,Copiers,769.74,4,143.95
CA-2016-101833,11-05-2015,Customer_220,South,New York,New York City,Technology,Phones,445.02,2,-68.44
CA-2017-101834,03-04-2015,Customer_67,South,New York,Los Angeles,Furniture,Tables,151.15,1,173.85
CA-2018-101835,09-04-2017,Customer_305,South,California,Chicago,Office Supplies,Storage,808.42,6,200.91
CA-2015-101836,03-08-2017,Customer_358,West,California,Chicago,Furniture,Bookcases,966.09,8,55.36
CA-2016-101837,25-08-2018,Customer_406,West,New York,New York City,Furniture,Tables,137.06,6,89.67
CA-2017-101838,16-08-2016,Customer_491,South,Illinois,Los Angeles,Technology,Accessories,390.81,8,-33.32
CA-2018-101839,14-06-2018,Customer_489,Central,New York,Houston,Technology,Phones,479.71,7,256.5
CA-2015-101840,25-10-2017,Customer_196,Central,California,Miami,Technology,Accessories,316.29,8,153.63
CA-2016-101841,03-10-2017,Customer_430,South,Illinois,Houston,Technology,Phones,653.18,9,296.6
CA-2017-101842,27-05-2018,Customer_435,South,California,Los Angeles,Technology,Accessories,584.01,5,92.73
CA-2018-101843,07-02-2018,Customer_276,South,Florida,Los Angeles,Furniture,Chairs,984.3,2,229.95
CA-2015-101844,01-04-2018,Customer_205,South,California,Chicago,Technology,Phones,891.27,5,-57.61
CA-2016-101845,06-03-2018,Customer_229,West,Florida,Chicago,Technology,Phones,744.05,7,-54.38
CA-2017-101846,25-08-2015,Customer_150,East,Texas,New York City,Office Supplies,Storage,531.09,9,188.55
CA-2018-101847,10-12-2018,Customer_138,South,Illinois,New York City,Technology,Copiers,26.88,1,147.5
CA-2015-101848,20-01-2018,Customer_354,Central,New York,Houston,Office Supplies,Paper,206.85,1,264.08
CA-2016-101849,03-10-2015,Customer_312,Central,Texas,Los Angeles,Technology,Phones,334.6,3,253.9
CA-2017-101850,21-05-2016,Customer_92,South,Illinois,Miami,Technology,Accessories,984.61,9,73.27
CA-2018-101851,05-10-2015,Customer_417,South,California,Los Angeles,Technology,Accessories,694.9,1,54.47
CA-2015-101852,22-01-2017,Customer_475,East,Florida,Houston,Technology,Copiers,54.58,3,-70.68
CA-2016-101853,07-05-2017,Customer_10,East,Illinois,Miami,Office Supplies,Storage,196.24,2,279.12
CA-2017-101854,11-11-2016,Customer_341,Central,Texas,Miami,Office Supplies,Paper,895.0,5,84.44
CA-2018-101855,31-10-2018,Customer_167,South,Texas,Chicago,Technology,Copiers,222.18,2,208.03
CA-2015-101856,11-04-2015,Customer_379,East,Illinois,Chicago,Technology,Copiers,591.53,6,204.97
CA-2016-101857,11-02-2018,Customer_475,West,New York,Chicago,Furniture,Tables,919.34,4,221.91
CA-2017-101858,15-04-2017,Customer_452,West,Florida,New York City,Technology,Copiers,675.51,6,-30.59
CA-2018-101859,13-08-2015,Customer_273,East,Texas,Chicago,Office Supplies,Storage,405.92,2,80.14
CA-2015-101860,11-06-2017,Customer_181,East,Texas,Miami,Technology,Accessories,905.94,8,216.7
CA-2016-101861,12-01-2019,Customer_101,South,Texas,Los Angeles,Office Supplies,Paper,431.03,3,294.31
CA-2017-101862,08-09-2016,Customer_15,East,New York,New York City,Office Supplies,Paper,741.25,4,252.97
CA-2018-101863,30-07-2018,Customer_206,Central,Florida,Miami,Technology,Accessories,510.74,5,48.59
CA-2015-101864,22-05-2018,Customer_241,Central,New York,Los Angeles,Office Supplies,Storage,149.45,6,259.24
CA-2016-101865,21-04-2018,Customer_31,West,Texas,Los Angeles,Furniture,Chairs,928.28,5,61.05
CA-2017-101866,23-07-2016,Customer_170,Central,California,Chicago,Furniture,Bookcases,891.68,1,-25.51
CA-2018-101867,23-06-2015,Customer_107,East,New York,New York City,Technology,Phones,841.02,5,275.28
CA-2015-101868,23-01-2016,Customer_267,South,California,Houston,Technology,Phones,456.7,7,53.73
CA-2016-101869,12-09-2018,Customer_494,West,New York,Miami,Office Supplies,Storage,864.63,7,187.36
CA-2017-101870,06-03-2017,Customer_297,Central,California,Houston,Furniture,Tables,151.39,5,274.23
CA-2018-101871,03-05-2016,Customer_412,South,Illinois,New York City,Technology,Phones,252.12,10,-73.24
CA-2015-101872,16-11-2015,Customer_188,West,Florida,Los Angeles,Technology,Phones,827.73,2,210.12
CA-2016-101873,01-11-2018,Customer_168,Central,New York,New York City,Office Supplies,Binders,234.65,8,-6.52
CA-2017-101874,23-01-2019,Customer_292,East,California,New York City,Furniture,Chairs,712.1,1,279.24
CA-2018-101875,23-03-2015,Customer_314,Central,Illinois,Chicago,Office Supplies,Paper,785.12,7,84.53
CA-2015-101876,02-02-2017,Customer_500,East,Texas,Chicago,Office Supplies,Paper,377.68,9,199.66
CA-2016-101877,08-06-2015,Customer_234,East,New York,Houston,Technology,Phones,201.54,9,-62.04
CA-2017-101878,05-02-2019,Customer_409,Central,Florida,Houston,Office Supplies,Storage,736.13,7,24.03
CA-2018-101879,09-03-2017,Customer_291,East,Texas,Los Angeles,Furniture,Tables,50.17,1,283.29
CA-2015-101880,27-05-2015,Customer_2,East,New York,Chicago,Office Supplies,Binders,167.35,8,11.42
CA-2016-101881,21-09-2016,Customer_94,West,Florida,Houston,Technology,Copiers,265.24,10,229.33
CA-2017-101882,24-01-2015,Customer_163,Central,California,Chicago,Furniture,Chairs,926.6,2,52.6
CA-2018-101883,14-08-2015,Customer_27,East,Illinois,Houston,Furniture,Chairs,481.02,3,57.45
CA-2015-101884,02-01-2017,Customer_50,Central,Illinois,Houston,Technology,Copiers,105.91,7,258.29
CA-2016-101885,05-12-2015,Customer_132,Central,New York,Miami,Technology,Accessories,620.6,4,286.0
CA-2017-101886,22-05-2016,Customer_173,South,California,Miami,Office Supplies,Storage,35.87,7,172.34
CA-2018-101887,04-05-2017,Customer_248,Central,New York,Houston,Furniture,Tables,937.47,5,252.1
CA-2015-101888,23-08-2018,Customer_71,East,Texas,Los Angeles,Technology,Copiers,328.97,1,124.49
CA-2016-101889,29-04-2017,Customer_121,West,Florida,New York City,Office Supplies,Storage,990.93,2,-23.65
CA-2017-101890,19-01-2019,Customer_493,East,New York,Chicago,Furniture,Chairs,288.88,6,41.73
CA-2018-101891,26-03-2017,Customer_411,East,Illinois,Houston,Technology,Phones,695.94,4,288.58
CA-2015-101892,10-01-2015,Customer_436,South,Texas,Houston,Technology,Copiers,10.32,7,224.28
CA-2016-101893,28-11-2016,Customer_412,South,Florida,New York City,Technology,Accessories,338.35,5,204.16
CA-2017-101894,19-03-2018,Customer_190,West,Florida,Miami,Office Supplies,Binders,231.7,2,120.5
CA-2018-101895,08-02-2017,Customer_308,East,New York,Miami,Furniture,Tables,165.91,10,-63.73
CA-2015-101896,10-06-2015,Customer_51,South,California,Los Angeles,Furniture,Chairs,277.65,9,250.71
CA-2016-101897,23-09-2016,Customer_92,Central,New York,Chicago,Office Supplies,Storage,396.83,9,23.95
CA-2017-101898,30-01-2015,Customer_92,Central,Florida,Houston,Office Supplies,Paper,972.83,6,277.24
CA-2018-101899,10-06-2017,Customer_297,East,New York,Los Angeles,Office Supplies,Binders,186.59,7,-35.98
CA-2015-101900,25-01-2018,Customer_92,West,Florida,Chicago,Technology,Accessories,586.19,6,73.81
CA-2016-101901,29-06-2018,Customer_214,West,Florida,Chicago,Office Supplies,Storage,400.41,8,-10.79
CA-2017-101902,04-02-2018,Customer_415,Central,New York,Miami,Office Supplies,Paper,383.07,10,-58.3
CA-2018-101903,04-02-2016,Customer_247,South,Illinois,Chicago,Technology,Accessories,699.02,2,237.02
CA-2015-101904,26-05-2017,Customer_492,Central,Texas,Chicago,Office Supplies,Paper,540.23,10,29.22
CA-2016-101905,26-02-2018,Customer_149,Central,Florida,Houston,Furniture,Chairs,821.49,5,-20.79
CA-2017-101906,28-01-2017,Customer_283,West,Texas,Los Angeles,Office Supplies,Paper,999.54,3,79.4
CA-2018-101907,08-07-2016,Customer_448,West,Florida,Miami,Technology,Phones,185.0,5,271.53
CA-2015-101908,27-01-2017,Customer_153,West,Illinois,Houston,Furniture,Tables,36.53,1,-62.61
CA-2016-101909,09-04-2017,Customer_379,East,New York,Chicago,Furniture,Bookcases,207.62,9,-92.34
CA-2017-101910,07-09-2016,Customer_144,South,California,New York City,Technology,Phones,552.4,4,21.14
CA-2018-101911,29-06-2016,Customer_288,Central,California,Houston,Office Supplies,Paper,900.82,9,87.06
CA-2015-101912,29-08-2016,Customer_133,East,New York,New York City,Office Supplies,Binders,998.81,10,272.55
CA-2016-101913,20-05-2017,Customer_121,West,Illinois,Miami,Furniture,Tables,624.36,4,243.59
CA-2017-101914,21-04-2017,Customer_485,East,Florida,Houston,Technology,Accessories,533.46,5,104.9
CA-2018-101915,08-05-2015,Customer_291,Central,California,Miami,Technology,Phones,210.69,3,16.82
CA-2015-101916,04-05-2016,Customer_442,East,Texas,Houston,Technology,Copiers,415.81,6,27.59
CA-2016-101917,15-08-2017,Customer_266,East,California,Houston,Technology,Accessories,283.23,5,40.96
CA-2017-101918,12-06-2017,Customer_114,South,California,Chicago,Technology,Phones,948.67,1,195.25
CA-2018-101919,18-05-2016,Customer_482,West,Illinois,Miami,Office Supplies,Storage,61.37,6,231.45
CA-2015-101920,08-10-2017,Customer_283,Central,California,Chicago,Office Supplies,Storage,301.66,4,27.09
CA-2016-101921,16-04-2018,Customer_24,Central,Florida,Los Angeles,Technology,Phones,486.57,9,51.39
CA-2017-101922,07-01-2018,Customer_71,East,California,Chicago,Furniture,Bookcases,707.7,4,182.61
CA-2018-101923,09-05-2018,Customer_63,South,New York,Los Angeles,Furniture,Tables,523.36,1,58.18
CA-2015-101924,28-09-2018,Customer_205,South,Florida,Los Angeles,Technology,Accessories,126.33,5,219.63
CA-2016-101925,02-07-2018,Customer_240,East,Florida,Houston,Office Supplies,Paper,927.25,1,249.45
CA-2017-101926,25-08-2015,Customer_13,West,California,Houston,Technology,Accessories,97.43,8,242.48
CA-2018-101927,02-10-2015,Customer_450,South,New York,Chicago,Furniture,Bookcases,368.54,10,-7.26
CA-2015-101928,08-03-2018,Customer_291,West,Florida,Los Angeles,Technology,Copiers,797.11,1,86.66
CA-2016-101929,31-03-2016,Customer_181,Central,Texas,Houston,Furniture,Tables,755.6,7,-48.7
CA-2017-101930,07-11-2018,Customer_32,East,Florida,Los Angeles,Office Supplies,Paper,680.43,3,74.17
CA-2018-101931,12-03-2015,Customer_289,Central,Florida,New York City,Technology,Phones,599.9,10,235.49
CA-2015-101932,18-02-2016,Customer_383,East,California,Miami,Technology,Accessories,938.36,6,-40.58
CA-2016-101933,26-07-2016,Customer_247,South,California,Miami,Office Supplies,Paper,725.41,5,-51.73
CA-2017-101934,22-09-2018,Customer_422,East,New York,Los Angeles,Furniture,Tables,27.22,3,141.32
CA-2018-101935,26-06-2015,Customer_190,South,Texas,New York City,Office Supplies,Paper,518.27,1,-16.7
CA-2015-101936,29-07-2018,Customer_304,South,Texas,Chicago,Technology,Copiers,933.17,1,-33.07
CA-2016-101937,11-01-2015,Customer_310,West,Florida,Houston,Furniture,Tables,748.74,4,286.91
CA-2017-101938,29-04-2015,Customer_387,Central,California,Houston,Technology,Phones,533.25,6,129.54
CA-2018-101939,26-02-2017,Customer_318,West,New York,Chicago,Technology,Accessories,110.15,1,72.18
CA-2015-101940,03-11-2015,Customer_306,West,Florida,Los Angeles,Furniture,Chairs,922.49,1,-68.02
CA-2016-101941,06-02-2018,Customer_246,South,California,Los Angeles,Furniture,Tables,877.44,7,104.01
CA-2017-101942,07-11-2015,Customer_489,South,California,New York City,Furniture,Chairs,878.77,3,-70.23
CA-2018-101943,26-04-2017,Customer_40,South,New York,Houston,Office Supplies,Binders,245.97,1,49.74
CA-2015-101944,11-04-2016,Customer_229,Central,Texas,Houston,Technology,Phones,298.06,7,-50.85
CA-2016-101945,04-06-2018,Customer_66,East,Illinois,Los Angeles,Office Supplies,Binders,728.45,4,45.21
CA-2017-101946,17-04-2017,Customer_295,South,Illinois,Miami,Office Supplies,Binders,371.36,2,130.3
CA-2018-101947,09-05-2017,Customer_156,Central,New York,Miami,Technology,Accessories,894.24,3,40.2
CA-2015-101948,27-06-2016,Customer_346,South,Texas,New York City,Technology,Accessories,980.89,10,119.87
CA-2016-101949,09-07-2016,Customer_455,Central,New York,Los Angeles,Office Supplies,Binders,581.8,7,50.66
CA-2017-101950,20-01-2018,Customer_378,South,California,Los Angeles,Office Supplies,Storage,867.06,8,83.97
CA-2018-101951,28-05-2018,Customer_309,East,New York,Chicago,Furniture,Bookcases,272.45,6,255.58
CA-2015-101952,09-02-2018,Customer_485,Central,Florida,Los Angeles,Technology,Phones,941.12,3,285.02
CA-2016-101953,12-01-2019,Customer_10,Central,California,Miami,Technology,Accessories,87.87,8,-89.94
CA-2017-101954,23-08-2017,Customer_393,East,New York,Chicago,Office Supplies,Paper,841.76,4,185.54
CA-2018-101955,12-10-2015,Customer_174,Central,New York,Los Angeles,Office Supplies,Paper,712.76,6,-34.58
CA-2015-101956,20-12-2018,Customer_129,South,California,Los Angeles,Furniture,Bookcases,451.97,3,290.06
CA-2016-101957,27-05-2017,Customer_139,Central,New York,Los Angeles,Technology,Accessories,826.82,6,264.0
CA-2017-101958,02-06-2015,Customer_331,East,Texas,Miami,Furniture,Tables,980.78,8,244.76
CA-2018-101959,20-06-2018,Customer_150,South,Florida,Chicago,Furniture,Tables,161.22,10,172.23
CA-2015-101960,04-03-2015,Customer_31,South,New York,New York City,Furniture,Chairs,490.05,1,175.14
CA-2016-101961,19-03-2016,Customer_396,South,Florida,New York City,Office Supplies,Paper,441.15,5,87.45
CA-2017-101962,26-02-2015,Customer_134,Central,Florida,Chicago,Technology,Phones,622.92,4,155.4
CA-2018-101963,11-01-2018,Customer_500,South,Illinois,Chicago,Technology,Copiers,718.57,6,265.63
CA-2015-101964,07-12-2016,Customer_424,South,California,Los Angeles,Technology,Copiers,964.88,6,-99.72
CA-2016-101965,02-01-2017,Customer_323,South,Texas,Chicago,Office Supplies,Paper,359.0,1,-53.49
CA-2017-101966,09-09-2015,Customer_395,Central,Florida,Chicago,Furniture,Bookcases,28.22,6,290.32
CA-2018-101967,17-01-2015,Customer_250,Central,Illinois,Houston,Office Supplies,Paper,254.04,2,74.75
CA-2015-101968,15-03-2015,Customer_442,South,Illinois,Chicago,Furniture,Bookcases,225.82,10,188.27
CA-2016-101969,30-05-2017,Customer_35,Central,Illinois,Los Angeles,Technology,Copiers,886.66,10,114.47
CA-2017-101970,11-03-2016,Customer_500,South,Florida,Houston,Furniture,Bookcases,126.73,7,24.13
CA-2018-101971,19-10-2016,Customer_220,East,New York,New York City,Office Supplies,Binders,394.96,5,131.33
CA-2015-101972,11-12-2017,Customer_414,South,Illinois,Miami,Technology,Accessories,108.35,3,113.33
CA-2016-101973,02-11-2017,Customer_153,Central,New York,Houston,Furniture,Bookcases,461.15,10,123.3
CA-2017-101974,19-11-2018,Customer_492,West,Illinois,Chicago,Office Supplies,Binders,482.3,4,187.13
CA-2018-101975,02-04-2017,Customer_467,East,Illinois,Los Angeles,Furniture,Tables,896.25,5,-55.65
CA-2015-101976,26-08-2017,Customer_357,South,New York,Miami,Technology,Copiers,220.62,2,170.69
CA-2016-101977,16-02-2018,Customer_32,South,Florida,Chicago,Technology,Phones,840.3,4,-99.89
CA-2017-101978,13-04-2017,Customer_161,East,Florida,New York City,Office Supplies,Paper,597.44,7,-42.14
CA-2018-101979,27-01-2016,Customer_156,West,California,New York City,Furniture,Tables,897.69,1,161.99
CA-2015-101980,31-01-2016,Customer_91,East,Texas,New York City,Office Supplies,Paper,552.01,8,-76.01
CA-2016-101981,12-11-2015,Customer_363,East,California,New York City,Office Supplies,Storage,223.18,2,-11.09
CA-2017-101982,23-10-2016,Customer_434,East,Illinois,Houston,Furniture,Chairs,640.69,9,147.27
CA-2018-101983,03-02-2019,Customer_381,Central,New York,Los Angeles,Furniture,Tables,897.39,3,-65.01
CA-2015-101984,05-01-2015,Customer_418,West,California,Houston,Technology,Copiers,411.49,7,-95.61
CA-2016-101985,03-06-2017,Customer_23,Central,Illinois,Houston,Technology,Phones,67.13,7,249.89
CA-2017-101986,22-09-2018,Customer_58,West,Texas,New York City,Office Supplies,Binders,322.84,8,97.67
CA-2018-101987,21-01-2015,Customer_156,South,California,Miami,Technology,Copiers,272.97,4,226.68
CA-2015-101988,25-04-2018,Customer_238,Central,Florida,Miami,Technology,Copiers,209.99,2,47.74
CA-2016-101989,15-03-2017,Customer_84,Central,California,Houston,Office Supplies,Storage,387.66,4,114.46
CA-2017-101990,05-11-2017,Customer_180,East,Texas,Miami,Furniture,Bookcases,238.25,5,144.96
CA-2018-101991,09-07-2016,Customer_36,East,California,Miami,Furniture,Tables,443.56,9,-20.78
CA-2015-101992,07-06-2016,Customer_280,West,New York,Los Angeles,Technology,Phones,39.36,9,-22.96
CA-2016-101993,20-11-2016,Customer_391,West,California,Los Angeles,Furniture,Tables,386.79,9,241.13
CA-2017-101994,09-01-2017,Customer_296,West,Illinois,Los Angeles,Furniture,Bookcases,922.08,2,49.2
CA-2018-101995,24-08-2015,Customer_471,West,New York,New York City,Office Supplies,Storage,741.35,4,77.64
CA-2015-101996,01-09-2018,Customer_117,West,Florida,Miami,Technology,Accessories,382.39,2,-91.98
CA-2016-101997,26-02-2015,Customer_165,Central,New York,Miami,Furniture,Tables,164.14,4,57.82
CA-2017-101998,10-12-2015,Customer_473,Central,Texas,Los Angeles,Technology,Accessories,51.77,8,130.45
CA-2018-101999,07-03-2015,Customer_422,South,Florida,New York City,Furniture,Chairs,620.7,7,265.52
CA-2015-102000,25-03-2017,Customer_146,Central,Florida,Los Angeles,Furniture,Tables,75.26,9,24.72
CA-2016-102001,26-04-2015,Customer_167,South,Texas,Houston,Furniture,Tables,831.58,9,184.96
CA-2017-102002,24-11-2018,Customer_226,East,Florida,Chicago,Office Supplies,Binders,976.27,9,74.56
CA-2018-102003,22-07-2016,Customer_494,South,Illinois,Chicago,Furniture,Chairs,143.3,10,-11.23
CA-2015-102004,16-09-2016,Customer_176,West,Illinois,Los Angeles,Technology,Copiers,264.33,5,237.23
CA-2016-102005,20-10-2016,Customer_163,East,New York,New York City,Technology,Accessories,329.27,2,94.8
CA-2017-102006,05-11-2015,Customer_213,West,Illinois,Houston,Technology,Accessories,263.86,10,-32.71
CA-2018-102007,21-07-2018,Customer_221,Central,New York,Chicago,Office Supplies,Binders,894.19,3,29.11
CA-2015-102008,21-07-2018,Customer_199,Central,New York,Miami,Office Supplies,Paper,361.37,9,179.24
CA-2016-102009,01-11-2018,Customer_247,West,Florida,New York City,Furniture,Tables,20.03,8,4.96
CA-2017-102010,02-12-2015,Customer_164,South,Illinois,Houston,Furniture,Bookcases,496.73,2,-92.73
CA-2018-102011,02-05-2016,Customer_316,East,California,New York City,Office Supplies,Binders,150.28,5,-51.17
CA-2015-102012,18-10-2015,Customer_85,South,Florida,Miami,Technology,Copiers,47.57,6,242.62
CA-2016-102013,11-10-2017,Customer_206,Central,New York,Los Angeles,Technology,Phones,699.93,4,262.39
CA-2017-102014,21-12-2016,Customer_147,Central,Texas,Chicago,Furniture,Chairs,685.53,10,-58.14
CA-2018-102015,26-04-2016,Customer_203,South,Texas,Miami,Technology,Accessories,515.77,9,134.13
CA-2015-102016,03-07-2016,Customer_438,West,New York,Los Angeles,Technology,Phones,964.0,2,84.55
CA-2016-102017,10-01-2017,Customer_285,Central,Florida,Chicago,Furniture,Tables,126.07,10,154.43
CA-2017-102018,25-07-2017,Customer_201,Central,New York,Houston,Furniture,Bookcases,748.4,10,-79.95
CA-2018-102019,13-10-2017,Customer_400,West,Illinois,New York City,Office Supplies,Storage,308.68,10,-53.74
CA-2015-102020,25-09-2016,Customer_466,East,Illinois,Los Angeles,Furniture,Tables,180.65,9,70.97
CA-2016-102021,19-02-2015,Customer_151,East,Illinois,Miami,Technology,Phones,812.15,5,99.55
CA-2017-102022,05-03-2017,Customer_378,East,New York,New York City,Technology,Phones,226.17,9,-91.22
CA-2018-102023,22-02-2015,Customer_329,South,California,Houston,Office Supplies,Paper,444.98,9,203.34
CA-2015-102024,25-05-2015,Customer_458,East,New York,Los Angeles,Technology,Copiers,371.23,9,191.9
CA-2016-102025,25-05-2016,Customer_452,South,Illinois,Miami,Office Supplies,Storage,136.75,7,103.1
CA-2017-102026,24-08-2016,Customer_124,Central,Texas,Miami,Technology,Copiers,357.81,6,165.35
CA-2018-102027,07-07-2017,Customer_26,East,Florida,Houston,Office Supplies,Paper,99.56,10,134.07
CA-2015-102028,04-03-2018,Customer_374,South,California,New York City,Technology,Accessories,626.44,10,178.64
CA-2016-102029,13-12-2016,Customer_376,South,Texas,Chicago,Technology,Accessories,906.89,9,-48.36
CA-2017-102030,26-11-2015,Customer_245,East,Florida,Miami,Office Supplies,Paper,855.01,6,88.25
CA-2018-102031,04-01-2015,Customer_15,East,Illinois,Los Angeles,Office Supplies,Storage,761.97,5,-5.63
CA-2015-102032,25-08-2016,Customer_176,East,Florida,New York City,Technology,Accessories,214.58,10,216.51
CA-2016-102033,18-03-2015,Customer_387,South,Florida,Los Angeles,Office Supplies,Paper,522.33,10,197.99
CA-2017-102034,01-02-2019,Customer_251,East,Texas,Houston,Technology,Phones,801.63,10,-89.79
CA-2018-102035,03-04-2015,Customer_136,West,New York,Houston,Furniture,Bookcases,159.2,4,123.09
CA-2015-102036,05-11-2018,Customer_249,Central,New York,Houston,Furniture,Tables,374.43,5,39.79
CA-2016-102037,11-01-2015,Customer_298,Central,Illinois,New York City,Furniture,Bookcases,765.12,3,72.17
CA-2017-102038,16-03-2016,Customer_62,East,Illinois,Miami,Furniture,Bookcases,340.89,6,275.42
CA-2018-102039,06-04-2015,Customer_293,South,New York,Los Angeles,Furniture,Bookcases,250.47,3,-59.2
CA-2015-102040,01-07-2017,Customer_494,South,New York,New York City,Technology,Copiers,396.32,7,146.98
CA-2016-102041,21-11-2018,Customer_394,South,Texas,Los Angeles,Office Supplies,Paper,971.99,9,299.98
CA-2017-102042,16-06-2017,Customer_343,South,Texas,Chicago,Furniture,Chairs,176.52,2,-84.96
CA-2018-102043,13-09-2016,Customer_377,West,Illinois,Miami,Office Supplies,Binders,346.09,10,48.23
CA-2015-102044,17-06-2015,Customer_68,East,Illinois,Houston,Furniture,Tables,291.95,4,139.36
CA-2016-102045,27-09-2016,Customer_30,Central,Florida,Chicago,Office Supplies,Paper,581.0,6,-23.0
CA-2017-102046,09-10-2016,Customer_287,Central,Florida,Miami,Technology,Accessories,643.56,7,-10.5
CA-2018-102047,05-05-2015,Customer_230,East,California,Los Angeles,Technology,Copiers,522.79,1,196.27
CA-2015-102048,24-03-2017,Customer_186,West,Illinois,Miami,Technology,Copiers,492.17,10,224.17
CA-2016-102049,25-08-2016,Customer_246,Central,California,Miami,Office Supplies,Paper,804.2,2,180.92
CA-2017-102050,15-10-2015,Customer_102,Central,Texas,Houston,Technology,Copiers,641.57,8,22.65
CA-2018-102051,28-02-2016,Customer_112,East,Illinois,New York City,Furniture,Chairs,914.86,5,279.88
CA-2015-102052,13-02-2015,Customer_308,West,Florida,Chicago,Technology,Accessories,649.99,6,241.45
CA-2016-102053,21-06-2015,Customer_479,East,California,New York City,Technology,Phones,669.36,3,104.93
CA-2017-102054,12-12-2017,Customer_37,West,New York,Los Angeles,Furniture,Bookcases,153.48,10,211.35
CA-2018-102055,21-06-2018,Customer_376,Central,Florida,New York City,Technology,Accessories,372.17,4,274.58
CA-2015-102056,04-12-2016,Customer_158,West,California,Los Angeles,Technology,Accessories,223.62,9,-1.43
CA-2016-102057,11-04-2017,Customer_99,Central,New York,Chicago,Furniture,Bookcases,896.54,2,242.97
CA-2017-102058,22-12-2017,Customer_11,West,New York,New York City,Furniture,Chairs,607.49,3,105.53
CA-2018-102059,09-04-2016,Customer_376,East,Illinois,Chicago,Technology,Copiers,921.78,8,160.17
CA-2015-102060,09-02-2017,Customer_96,West,Florida,Miami,Technology,Copiers,202.32,10,-54.96
CA-2016-102061,25-12-2017,Customer_404,Central,New York,Houston,Office Supplies,Binders,772.45,6,37.47
CA-2017-102062,05-02-2017,Customer_149,East,California,New York City,Furniture,Tables,64.69,5,-23.84
CA-2018-102063,11-12-2018,Customer_381,South,California,Chicago,Furniture,Bookcases,170.3,2,215.35
CA-2015-102064,24-01-2015,Customer_207,South,Texas,Chicago,Furniture,Tables,504.24,8,89.0
CA-2016-102065,18-04-2016,Customer_259,South,Texas,Miami,Office Supplies,Binders,101.26,5,273.88
CA-2017-102066,12-09-2017,Customer_346,South,New York,Los Angeles,Technology,Phones,350.96,4,94.67
CA-2018-102067,08-08-2018,Customer_355,South,Texas,Los Angeles,Technology,Phones,163.05,3,127.16
CA-2015-102068,13-07-2016,Customer_17,West,California,Miami,Technology,Copiers,503.26,9,92.52
CA-2016-102069,29-05-2018,Customer_495,Central,California,Miami,Office Supplies,Binders,150.29,9,-50.06
CA-2017-102070,06-02-2018,Customer_245,South,Florida,Miami,Furniture,Bookcases,988.41,7,124.79
CA-2018-102071,28-07-2017,Customer_162,Central,Illinois,Chicago,Furniture,Chairs,390.31,7,272.91
CA-2015-102072,08-12-2017,Customer_418,South,Illinois,Chicago,Furniture,Bookcases,29.99,9,-45.84
CA-2016-102073,05-11-2018,Customer_83,East,Florida,Miami,Furniture,Bookcases,618.93,2,-6.85
CA-2017-102074,08-10-2015,Customer_65,East,Texas,New York City,Office Supplies,Storage,114.81,6,3.18
CA-2018-102075,28-11-2018,Customer_399,East,Florida,New York City,Furniture,Chairs,709.17,1,297.4
CA-2015-102076,02-10-2016,Customer_319,South,Florida,Miami,Technology,Phones,783.09,10,258.49
CA-2016-102077,26-04-2015,Customer_467,West,Texas,Miami,Furniture,Chairs,712.84,2,170.39
CA-2017-102078,01-12-2015,Customer_278,West,California,Los Angeles,Furniture,Bookcases,260.13,4,103.19
CA-2018-102079,05-01-2019,Customer_143,East,Texas,New York City,Office Supplies,Storage,406.59,6,188.16
CA-2015-102080,13-04-2017,Customer_349,East,Texas,Chicago,Office Supplies,Paper,247.86,7,-8.82
CA-2016-102081,01-09-2018,Customer_236,West,New York,Houston,Office Supplies,Binders,192.78,8,4.97
CA-2017-102082,05-09-2015,Customer_43,East,Illinois,Chicago,Office Supplies,Storage,934.84,4,210.95
CA-2018-102083,13-06-2016,Customer_324,East,New York,New York City,Office Supplies,Storage,380.76,8,130.89
CA-2015-102084,26-10-2017,Customer_336,East,Illinois,Chicago,Furniture,Bookcases,934.24,1,-52.56
CA-2016-102085,11-02-2015,Customer_471,East,California,New York City,Technology,Accessories,875.49,2,43.98
CA-2017-102086,20-04-2017,Customer_140,South,Texas,Miami,Office Supplies,Paper,198.66,8,31.91
CA-2018-102087,07-06-2017,Customer_56,Central,California,Houston,Office Supplies,Paper,181.53,7,-63.63
CA-2015-102088,14-06-2018,Customer_456,West,Texas,Houston,Technology,Accessories,272.43,7,93.94
CA-2016-102089,01-04-2018,Customer_468,Central,New York,New York City,Furniture,Tables,948.96,7,135.53
CA-2017-102090,25-01-2015,Customer_426,West,California,Chicago,Office Supplies,Storage,324.26,10,101.9
CA-2018-102091,23-09-2016,Customer_251,South,New York,New York City,Technology,Copiers,760.65,4,22.74
CA-2015-102092,27-12-2018,Customer_332,South,New York,New York City,Office Supplies,Paper,315.67,3,-85.6
CA-2016-102093,05-03-2017,Customer_170,South,New York,New York City,Furniture,Tables,476.19,4,157.97
CA-2017-102094,02-12-2015,Customer_462,East,Illinois,Houston,Technology,Copiers,328.71,6,-21.07
CA-2018-102095,30-04-2015,Customer_289,East,California,Los Angeles,Office Supplies,Binders,239.09,9,-51.54
CA-2015-102096,19-05-2018,Customer_234,West,California,Chicago,Furniture,Bookcases,199.31,4,168.53
CA-2016-102097,14-08-2018,Customer_58,East,Florida,Los Angeles,Technology,Accessories,102.83,10,9.93
CA-2017-102098,04-02-2018,Customer_297,Central,Texas,Miami,Office Supplies,Binders,371.46,2,-28.95
CA-2018-102099,10-10-2015,Customer_182,East,Texas,Los Angeles,Technology,Copiers,129.9,9,192.24
CA-2015-102100,26-12-2017,Customer_19,East,New York,Los Angeles,Technology,Accessories,307.08,5,189.76
CA-2016-102101,26-04-2018,Customer_87,Central,Texas,Houston,Furniture,Tables,521.5,10,128.96
CA-2017-102102,16-08-2015,Customer_311,South,Texas,Miami,Office Supplies,Paper,461.51,6,35.24
CA-2018-102103,19-01-2018,Customer_335,East,New York,Miami,Furniture,Bookcases,383.98,5,-30.42
CA-2015-102104,06-04-2018,Customer_80,West,New York,Chicago,Furniture,Bookcases,213.5,2,78.77
CA-2016-102105,22-02-2018,Customer_188,West,Florida,Los Angeles,Furniture,Bookcases,209.42,3,-65.24
CA-2017-102106,16-06-2018,Customer_357,West,California,Houston,Technology,Phones,795.16,1,81.01
CA-2018-102107,25-12-2016,Customer_362,Central,Florida,Houston,Technology,Accessories,228.78,10,101.25
CA-2015-102108,03-01-2016,Customer_299,South,Florida,Miami,Office Supplies,Storage,993.62,2,281.44
CA-2016-102109,08-01-2017,Customer_256,Central,Illinois,New York City,Office Supplies,Binders,198.8,6,-65.46
CA-2017-102110,23-06-2018,Customer_255,South,New York,Miami,Furniture,Tables,278.97,6,35.79
CA-2018-102111,27-06-2015,Customer_163,West,New York,Chicago,Furniture,Bookcases,397.97,7,244.57
CA-2015-102112,19-12-2017,Customer_313,West,Florida,Houston,Furniture,Bookcases,305.6,3,155.48
CA-2016-102113,29-04-2015,Customer_338,Central,California,New York City,Office Supplies,Storage,629.09,6,-8.35
CA-2017-102114,29-08-2017,Customer_216,East,Texas,Houston,Technology,Phones,574.36,5,47.28
CA-2018-102115,26-12-2017,Customer_439,East,New York,Los Angeles,Office Supplies,Paper,499.49,1,294.5
CA-2015-102116,14-09-2016,Customer_360,Central,Texas,Los Angeles,Office Supplies,Binders,479.52,8,148.15
CA-2016-102117,27-08-2016,Customer_294,Central,Texas,Los Angeles,Office Supplies,Storage,464.48,1,17.43
CA-2017-102118,09-06-2016,Customer_306,Central,Texas,Houston,Office Supplies,Binders,136.67,4,159.23
CA-2018-102119,23-01-2015,Customer_10,East,Florida,Miami,Furniture,Chairs,331.07,4,102.37
CA-2015-102120,04-06-2017,Customer_416,Central,Florida,Chicago,Furniture,Bookcases,502.16,9,117.63
CA-2016-102121,24-04-2016,Customer_48,East,Illinois,Houston,Furniture,Chairs,799.93,10,19.43
CA-2017-102122,21-04-2015,Customer_32,Central,California,New York City,Technology,Accessories,929.51,8,122.99
CA-2018-102123,01-06-2016,Customer_479,Central,California,Miami,Furniture,Bookcases,314.95,5,-26.39
CA-2015-102124,08-07-2017,Customer_40,East,Florida,Houston,Furniture,Tables,148.22,9,291.76
CA-2016-102125,27-03-2017,Customer_225,West,Texas,Los Angeles,Furniture,Chairs,197.91,7,21.73
CA-2017-102126,12-09-2016,Customer_234,South,New York,Los Angeles,Office Supplies,Binders,645.22,4,236.14
CA-2018-102127,22-03-2018,Customer_155,South,Texas,Houston,Office Supplies,Binders,850.31,8,131.04
CA-2015-102128,17-03-2016,Customer_430,East,California,Miami,Furniture,Tables,733.42,1,190.0
CA-2016-102129,27-10-2016,Customer_302,Central,California,Chicago,Office Supplies,Binders,658.83,5,243.26
CA-2017-102130,04-03-2017,Customer_391,West,Illinois,Los Angeles,Office Supplies,Storage,168.04,10,58.5
CA-2018-102131,25-05-2016,Customer_100,East,Texas,Houston,Office Supplies,Paper,270.71,9,-34.93
CA-2015-102132,21-01-2019,Customer_10,East,Illinois,Los Angeles,Furniture,Tables,724.97,10,62.09
CA-2016-102133,19-04-2015,Customer_445,Central,California,Los Angeles,Furniture,Bookcases,475.05,4,225.16
CA-2017-102134,20-09-2018,Customer_398,West,Texas,New York City,Furniture,Bookcases,258.19,3,42.02
CA-2018-102135,12-02-2017,Customer_399,East,California,Miami,Office Supplies,Binders,113.7,8,248.28
CA-2015-102136,27-12-2017,Customer_258,West,California,Miami,Furniture,Bookcases,196.69,10,-40.02
CA-2016-102137,16-04-2017,Customer_375,Central,Texas,Los Angeles,Office Supplies,Binders,541.79,10,191.63
CA-2017-102138,05-10-2018,Customer_287,West,Florida,Miami,Furniture,Bookcases,188.1,7,297.46
CA-2018-102139,05-07-2015,Customer_226,East,Texas,Miami,Furniture,Chairs,218.95,2,-18.91
CA-2015-102140,30-07-2015,Customer_133,East,Texas,Miami,Technology,Copiers,266.04,5,162.88
CA-2016-102141,01-06-2015,Customer_150,West,California,New York City,Office Supplies,Storage,777.26,4,191.64
CA-2017-102142,01-12-2015,Customer_94,East,Illinois,New York City,Furniture,Bookcases,296.72,2,94.15
CA-2018-102143,12-01-2017,Customer_430,West,New York,Chicago,Technology,Accessories,481.08,8,83.32
CA-2015-102144,03-04-2018,Customer_232,West,Texas,Houston,Furniture,Chairs,612.18,2,193.29
CA-2016-102145,16-03-2018,Customer_296,South,California,Chicago,Technology,Phones,522.31,8,-71.63
CA-2017-102146,13-06-2016,Customer_193,West,New York,New York City,Technology,Accessories,418.62,2,280.82
CA-2018-102147,03-11-2017,Customer_60,South,Illinois,Miami,Office Supplies,Paper,41.79,4,62.69
CA-2015-102148,12-07-2017,Customer_164,South,Texas,New York City,Office Supplies,Binders,743.68,2,-39.59
CA-2016-102149,21-01-2016,Customer_278,South,Texas,Los Angeles,Technology,Copiers,855.56,4,128.39
CA-2017-102150,11-04-2017,Customer_335,Central,Texas,Chicago,Furniture,Tables,160.05,7,99.97
CA-2018-102151,06-10-2016,Customer_68,West,New York,Chicago,Office Supplies,Binders,108.94,5,-28.95
CA-2015-102152,18-08-2016,Customer_210,South,Florida,Houston,Office Supplies,Storage,523.97,2,274.8
CA-2016-102153,29-10-2016,Customer_396,Central,Florida,Miami,Technology,Copiers,738.9,3,244.96
CA-2017-102154,06-06-2017,Customer_91,South,Texas,Houston,Office Supplies,Storage,208.87,8,-17.27
CA-2018-102155,18-10-2015,Customer_487,West,Florida,Miami,Office Supplies,Storage,921.66,8,51.09
CA-2015-102156,28-01-2015,Customer_315,West,Florida,New York City,Technology,Phones,580.88,3,-39.51
CA-2016-102157,11-07-2018,Customer_489,East,New York,Los Angeles,Technology,Phones,970.03,9,-50.45
CA-2017-102158,18-12-2015,Customer_333,Central,Florida,New York City,Office Supplies,Storage,684.81,7,6.7
CA-2018-102159,20-02-2015,Customer_162,Central,Texas,Chicago,Office Supplies,Paper,453.06,7,-7.51
CA-2015-102160,23-03-2018,Customer_379,East,Illinois,New York City,Furniture,Chairs,43.62,9,187.22
CA-2016-102161,16-11-2015,Customer_104,South,Texas,Miami,Furniture,Tables,255.67,1,180.43
CA-2017-102162,08-11-2016,Customer_430,West,Florida,Los Angeles,Office Supplies,Storage,640.34,3,9.59
CA-2018-102163,16-06-2015,Customer_431,South,Florida,Los Angeles,Furniture,Tables,143.52,6,178.83
CA-2015-102164,10-08-2017,Customer_468,East,Florida,Chicago,Office Supplies,Binders,239.51,5,62.53
CA-2016-102165,18-12-2015,Customer_437,East,Illinois,New York City,Technology,Accessories,464.64,8,-61.78
CA-2017-102166,03-09-2015,Customer_438,West,Illinois,Los Angeles,Technology,Phones,350.6,8,-27.18
CA-2018-102167,17-11-2018,Customer_99,West,Texas,Chicago,Furniture,Chairs,269.63,6,100.62
CA-2015-102168,05-02-2017,Customer_50,Central,New York,Miami,Furniture,Tables,222.57,3,277.91
CA-2016-102169,24-09-2017,Customer_257,South,California,New York City,Furniture,Chairs,808.0,5,113.48
CA-2017-102170,14-09-2017,Customer_235,South,Texas,New York City,Office Supplies,Storage,806.77,5,222.11
CA-2018-102171,18-02-2017,Customer_87,Central,California,Miami,Furniture,Tables,196.4,4,-99.89
CA-2015-102172,21-11-2018,Customer_325,West,California,Miami,Technology,Phones,663.84,7,-61.28
CA-2016-102173,19-03-2016,Customer_393,Central,Florida,Chicago,Technology,Copiers,993.97,9,-65.65
CA-2017-102174,24-07-2016,Customer_411,East,Illinois,New York City,Office Supplies,Storage,587.67,7,140.97
CA-2018-102175,28-11-2018,Customer_237,South,Texas,Chicago,Office Supplies,Paper,627.23,2,223.47
CA-2015-102176,20-06-2016,Customer_190,West,New York,Chicago,Technology,Copiers,711.89,9,35.79
CA-2016-102177,18-01-2019,Customer_164,Central,Illinois,Miami,Office Supplies,Binders,861.27,6,68.85
CA-2017-102178,06-02-2017,Customer_188,West,Texas,Los Angeles,Technology,Phones,114.5,7,190.21
CA-2018-102179,02-10-2016,Customer_498,South,New York,New York City,Furniture,Bookcases,397.32,9,198.49
CA-2015-102180,15-04-2016,Customer_25,West,Illinois,Miami,Technology,Copiers,885.94,7,134.83
CA-2016-102181,08-01-2018,Customer_335,Central,New York,Chicago,Office Supplies,Storage,998.2,3,284.76
CA-2017-102182,11-05-2017,Customer_494,West,New York,Houston,Technology,Phones,41.3,9,20.5
CA-2018-102183,04-11-2017,Customer_95,Central,Texas,Houston,Office Supplies,Storage,130.45,10,153.01
CA-2015-102184,15-07-2015,Customer_370,West,Illinois,Los Angeles,Furniture,Chairs,264.71,9,10.3
CA-2016-102185,27-09-2018,Customer_84,East,California,Houston,Furniture,Tables,474.35,3,143.2
CA-2017-102186,10-01-2016,Customer_496,East,Illinois,Miami,Technology,Phones,272.82,4,71.63
CA-2018-102187,21-06-2017,Customer_460,Central,Illinois,Miami,Office Supplies,Binders,429.72,9,42.34
CA-2015-102188,03-05-2018,Customer_353,Central,California,Miami,Furniture,Bookcases,111.75,6,191.29
CA-2016-102189,07-08-2018,Customer_462,Central,California,Houston,Furniture,Bookcases,623.46,5,180.87
CA-2017-102190,18-08-2016,Customer_285,South,Illinois,Chicago,Technology,Accessories,513.6,5,126.99
CA-2018-102191,18-09-2016,Customer_380,East,Florida,New York City,Technology,Accessories,486.84,4,12.95
CA-2015-102192,23-10-2018,Customer_469,South,Florida,Los Angeles,Office Supplies,Paper,159.09,10,271.81
CA-2016-102193,14-04-2017,Customer_56,Central,Texas,New York City,Technology,Phones,672.52,1,1.3
CA-2017-102194,25-06-2015,Customer_174,West,Texas,Chicago,Technology,Phones,703.67,2,248.05
CA-2018-102195,16-03-2018,Customer_232,West,California,Chicago,Furniture,Chairs,886.18,10,67.77
CA-2015-102196,11-12-2018,Customer_489,South,New York,Miami,Office Supplies,Paper,693.41,8,66.66
CA-2016-102197,21-07-2016,Customer_367,West,California,Los Angeles,Furniture,Bookcases,437.48,7,21.07
CA-2017-102198,08-12-2017,Customer_396,East,Illinois,Miami,Furniture,Tables,882.65,1,198.73
CA-2018-102199,05-05-2018,Customer_296,West,Illinois,Miami,Office Supplies,Paper,291.13,5,167.9
CA-2015-102200,02-03-2018,Customer_15,East,Texas,Los Angeles,Office Supplies,Paper,117.1,8,177.44
CA-2016-102201,21-06-2017,Customer_364,East,Florida,Houston,Furniture,Bookcases,812.9,2,292.46
CA-2017-102202,07-04-2015,Customer_487,South,Florida,Houston,Technology,Accessories,970.07,1,4.03
CA-2018-102203,10-09-2015,Customer_322,South,Florida,Los Angeles,Furniture,Chairs,201.47,8,126.63
CA-2015-102204,07-02-2017,Customer_150,Central,Illinois,New York City,Technology,Accessories,28.58,4,148.35
CA-2016-102205,04-05-2017,Customer_414,East,Texas,Miami,Technology,Phones,949.04,10,239.17
CA-2017-102206,24-01-2018,Customer_377,East,New York,Chicago,Office Supplies,Storage,999.51,7,-26.99
CA-2018-102207,16-02-2017,Customer_120,Central,Texas,Los Angeles,Office Supplies,Storage,72.82,9,259.9
CA-2015-102208,12-12-2017,Customer_105,West,Illinois,Chicago,Office Supplies,Paper,340.62,7,171.85
CA-2016-102209,11-02-2015,Customer_175,East,Illinois,Chicago,Office Supplies,Binders,346.47,3,77.44
CA-2017-102210,13-12-2017,Customer_29,Central,Illinois,Chicago,Office Supplies,Paper,775.75,5,-51.14
CA-2018-102211,27-09-2018,Customer_62,South,Florida,Los Angeles,Furniture,Bookcases,57.62,9,63.65
CA-2015-102212,22-06-2017,Customer_149,Central,Florida,New York City,Furniture,Tables,245.38,7,83.38
CA-2016-102213,21-06-2017,Customer_423,East,Texas,Los Angeles,Technology,Phones,70.03,3,265.34
CA-2017-102214,14-06-2015,Customer_319,East,California,Houston,Furniture,Bookcases,163.7,5,223.09
CA-2018-102215,07-08-2015,Customer_269,West,Florida,Chicago,Office Supplies,Storage,939.26,6,62.89
CA-2015-102216,08-05-2018,Customer_240,Central,New York,New York City,Technology,Copiers,342.4,5,-49.65
CA-2016-102217,05-09-2016,Customer_381,East,California,Chicago,Office Supplies,Storage,483.19,10,50.66
CA-2017-102218,10-09-2015,Customer_415,West,New York,Miami,Technology,Phones,862.45,1,-49.84
CA-2018-102219,15-09-2016,Customer_90,East,Texas,New York City,Furniture,Bookcases,982.59,4,11.92
CA-2015-102220,19-04-2018,Customer_141,West,Florida,New York City,Office Supplies,Storage,538.91,4,-64.33
CA-2016-102221,15-08-2016,Customer_286,South,Illinois,Chicago,Furniture,Tables,330.12,4,119.49
CA-2017-102222,04-01-2016,Customer_421,West,New York,New York City,Technology,Accessories,737.18,10,240.43
CA-2018-102223,06-12-2017,Customer_145,South,Florida,Los Angeles,Technology,Copiers,611.22,5,205.6
CA-2015-102224,03-03-2018,Customer_205,Central,Florida,Miami,Technology,Phones,276.5,6,233.79
CA-2016-102225,18-05-2016,Customer_246,Central,Florida,Chicago,Furniture,Chairs,725.13,8,178.69
CA-2017-102226,27-04-2015,Customer_52,Central,New York,New York City,Technology,Phones,231.51,9,15.12
CA-2018-102227,21-05-2017,Customer_433,Central,New York,New York City,Office Supplies,Storage,299.63,3,14.02
CA-2015-102228,21-07-2016,Customer_286,Central,Texas,Los Angeles,Technology,Accessories,456.64,10,176.96
CA-2016-102229,23-08-2016,Customer_50,South,Florida,New York City,Furniture,Chairs,761.18,6,82.27
CA-2017-102230,08-12-2016,Customer_137,South,Texas,Miami,Office Supplies,Paper,510.74,1,182.48
CA-2018-102231,23-01-2019,Customer_447,East,Illinois,Houston,Furniture,Bookcases,485.1,2,124.54
CA-2015-102232,27-10-2016,Customer_281,South,California,Chicago,Office Supplies,Paper,125.47,7,88.37
CA-2016-102233,07-09-2016,Customer_486,East,Texas,Miami,Furniture,Bookcases,52.77,2,108.28
CA-2017-102234,13-02-2017,Customer_366,West,California,Miami,Furniture,Chairs,236.21,4,84.59
CA-2018-102235,20-02-2015,Customer_328,South,Florida,New York City,Furniture,Chairs,882.69,8,-64.22
CA-2015-102236,22-05-2018,Customer_307,West,Florida,Miami,Office Supplies,Binders,85.04,6,162.54
CA-2016-102237,28-11-2018,Customer_379,Central,California,Houston,Technology,Phones,556.98,10,-84.89
CA-2017-102238,09-09-2016,Customer_427,South,Florida,Chicago,Office Supplies,Binders,52.3,6,202.09
CA-2018-102239,24-12-2016,Customer_325,East,New York,Houston,Furniture,Tables,545.7,5,5.15
CA-2015-102240,04-09-2017,Customer_230,South,New York,Houston,Office Supplies,Binders,707.16,4,-66.28
CA-2016-102241,12-03-2017,Customer_281,West,Texas,Chicago,Technology,Phones,285.99,5,-39.81
CA-2017-102242,27-02-2018,Customer_203,South,New York,Miami,Technology,Accessories,249.42,8,12.47
CA-2018-102243,16-02-2018,Customer_399,East,California,Miami,Office Supplies,Paper,442.98,1,-48.16
CA-2015-102244,30-10-2018,Customer_279,Central,New York,Los Angeles,Office Supplies,Storage,915.0,3,-2.98
CA-2016-102245,10-06-2015,Customer_8,South,California,Miami,Technology,Copiers,304.12,7,-49.27
CA-2017-102246,30-03-2016,Customer_479,South,Florida,Los Angeles,Office Supplies,Storage,226.77,6,125.01
CA-2018-102247,05-08-2015,Customer_380,South,Illinois,Chicago,Technology,Phones,427.1,7,27.22
CA-2015-102248,13-08-2015,Customer_382,Central,Texas,Chicago,Furniture,Chairs,866.86,1,-21.06
CA-2016-102249,07-06-2017,Customer_350,South,Florida,Chicago,Office Supplies,Storage,505.84,3,195.48
CA-2017-102250,08-10-2018,Customer_109,South,New York,Chicago,Office Supplies,Storage,635.08,10,71.85
CA-2018-102251,02-06-2015,Customer_317,West,New York,New York City,Technology,Phones,285.74,2,239.97
CA-2015-102252,20-07-2015,Customer_265,South,Illinois,Chicago,Furniture,Tables,295.43,6,139.54
CA-2016-102253,05-05-2015,Customer_191,South,Illinois,Miami,Furniture,Bookcases,225.69,5,44.93
CA-2017-102254,22-04-2017,Customer_282,Central,Florida,New York City,Office Supplies,Paper,483.87,4,-55.46
CA-2018-102255,08-01-2015,Customer_331,Central,Florida,New York City,Office Supplies,Binders,79.44,3,262.12
CA-2015-102256,21-11-2016,Customer_220,East,New York,Houston,Technology,Phones,272.81,3,147.88
CA-2016-102257,22-08-2017,Customer_254,South,Florida,Houston,Office Supplies,Binders,703.02,6,153.69
CA-2017-102258,05-03-2018,Customer_89,South,California,Chicago,Technology,Phones,702.28,2,-25.37
CA-2018-102259,22-10-2016,Customer_147,Central,Texas,New York City,Furniture,Tables,845.79,8,248.8
CA-2015-102260,23-11-2015,Customer_395,Central,Illinois,Chicago,Furniture,Bookcases,695.83,6,9.82
CA-2016-102261,09-12-2017,Customer_296,East,New York,Chicago,Office Supplies,Paper,967.56,2,43.01
CA-2017-102262,01-09-2018,Customer_35,East,New York,Miami,Technology,Accessories,120.19,1,136.73
CA-2018-102263,11-01-2018,Customer_478,East,Illinois,Los Angeles,Furniture,Chairs,775.4,8,240.7
CA-2015-102264,25-12-2017,Customer_289,West,Texas,New York City,Office Supplies,Binders,584.96,10,-3.54
CA-2016-102265,10-06-2018,Customer_195,South,California,Houston,Technology,Accessories,120.25,4,75.43
CA-2017-102266,03-07-2018,Customer_16,West,Florida,New York City,Office Supplies,Paper,951.3,1,4.6
CA-2018-102267,01-02-2017,Customer_194,South,New York,Chicago,Technology,Phones,966.6,3,244.59
CA-2015-102268,18-07-2016,Customer_245,South,Florida,Houston,Furniture,Tables,230.18,10,217.6
CA-2016-102269,21-03-2018,Customer_463,Central,Florida,Los Angeles,Furniture,Chairs,259.88,1,59.96
CA-2017-102270,21-07-2015,Customer_79,West,Florida,New York City,Office Supplies,Paper,969.52,10,5.69
CA-2018-102271,04-02-2019,Customer_426,Central,New York,Houston,Furniture,Tables,803.06,1,43.6
CA-2015-102272,09-05-2016,Customer_248,Central,Illinois,Miami,Furniture,Bookcases,704.08,9,-62.91
CA-2016-102273,16-07-2015,Customer_265,Central,Florida,Miami,Technology,Phones,322.61,4,253.37
CA-2017-102274,30-06-2018,Customer_313,South,Florida,Chicago,Office Supplies,Paper,227.58,7,183.24
CA-2018-102275,27-06-2018,Customer_76,East,Illinois,Houston,Technology,Phones,159.84,2,111.24
CA-2015-102276,15-11-2017,Customer_232,East,Florida,Los Angeles,Furniture,Bookcases,347.82,2,46.58
CA-2016-102277,06-08-2015,Customer_84,Central,Florida,Houston,Office Supplies,Binders,295.01,10,283.41
CA-2017-102278,18-06-2015,Customer_292,South,Texas,Houston,Office Supplies,Storage,174.37,1,-81.15
CA-2018-102279,13-01-2015,Customer_392,South,New York,Chicago,Technology,Phones,576.3,2,-91.49
CA-2015-102280,07-08-2015,Customer_1,East,California,Los Angeles,Office Supplies,Paper,941.77,7,242.22
CA-2016-102281,13-07-2015,Customer_9,South,New York,Chicago,Technology,Phones,299.59,2,65.85
CA-2017-102282,09-06-2016,Customer_79,East,Florida,Chicago,Technology,Copiers,700.07,1,281.81
CA-2018-102283,06-07-2015,Customer_311,South,California,Los Angeles,Furniture,Bookcases,356.6,2,78.12
CA-2015-102284,01-02-2017,Customer_291,South,Texas,Chicago,Office Supplies,Storage,136.54,4,-71.94
CA-2016-102285,05-03-2017,Customer_498,West,Illinois,Chicago,Furniture,Bookcases,47.57,7,-69.12
CA-2017-102286,21-04-2018,Customer_297,Central,New York,Miami,Technology,Accessories,790.3,6,199.83
CA-2018-102287,31-03-2016,Customer_355,Central,Texas,Houston,Furniture,Tables,439.49,2,99.09
CA-2015-102288,15-03-2015,Customer_415,Central,California,Houston,Furniture,Tables,886.96,8,93.06
CA-2016-102289,29-10-2017,Customer_208,East,New York,Miami,Technology,Phones,356.51,7,298.85
CA-2017-102290,04-02-2016,Customer_409,Central,Florida,New York City,Office Supplies,Paper,794.27,5,-96.01
CA-2018-102291,08-05-2015,Customer_209,Central,California,Los Angeles,Technology,Phones,756.35,4,-12.37
CA-2015-102292,18-06-2016,Customer_204,South,Illinois,Los Angeles,Office Supplies,Storage,348.32,7,-44.18
CA-2016-102293,28-03-2017,Customer_73,Central,Illinois,Chicago,Technology,Copiers,680.87,9,110.08
CA-2017-102294,26-09-2016,Customer_449,West,Illinois,Los Angeles,Office Supplies,Paper,884.07,5,215.86
CA-2018-102295,05-09-2018,Customer_340,South,Illinois,Los Angeles,Technology,Copiers,781.04,1,186.1
CA-2015-102296,20-10-2018,Customer_82,South,New York,Los Angeles,Office Supplies,Binders,80.23,9,-45.05
CA-2016-102297,18-04-2016,Customer_121,Central,New York,Los Angeles,Office Supplies,Storage,573.06,3,-2.61
CA-2017-102298,05-05-2016,Customer_438,South,New York,Houston,Office Supplies,Binders,608.62,7,15.64
CA-2018-102299,15-02-2016,Customer_256,East,New York,Los Angeles,Furniture,Bookcases,939.87,4,110.43
CA-2015-102300,19-12-2017,Customer_428,South,Texas,New York City,Office Supplies,Storage,325.45,5,49.63
CA-2016-102301,13-06-2015,Customer_139,Central,Illinois,Los Angeles,Furniture,Tables,895.53,6,-34.9
CA-2017-102302,16-08-2017,Customer_58,Central,Texas,Houston,Furniture,Tables,383.96,9,271.27
CA-2018-102303,15-01-2017,Customer_337,South,New York,Chicago,Furniture,Chairs,689.71,9,295.5
CA-2015-102304,13-05-2016,Customer_302,East,New York,New York City,Technology,Accessories,524.84,1,271.36
CA-2016-102305,22-03-2018,Customer_198,West,New York,Houston,Furniture,Tables,892.97,8,18.73
CA-2017-102306,02-04-2018,Customer_306,South,California,Chicago,Furniture,Tables,596.21,2,241.4
CA-2018-102307,25-06-2016,Customer_82,West,New York,Chicago,Furniture,Bookcases,911.78,10,92.56
CA-2015-102308,30-07-2015,Customer_99,East,Illinois,Chicago,Technology,Phones,438.42,2,186.4
CA-2016-102309,31-08-2015,Customer_282,South,Illinois,New York City,Office Supplies,Paper,34.83,2,7.61
CA-2017-102310,29-07-2015,Customer_106,East,Texas,New York City,Furniture,Chairs,480.89,10,168.92
CA-2018-102311,05-10-2015,Customer_24,West,California,Los Angeles,Office Supplies,Binders,190.82,8,13.86
CA-2015-102312,28-04-2017,Customer_168,East,Florida,Chicago,Technology,Copiers,876.68,2,22.27
CA-2016-102313,11-05-2017,Customer_368,East,California,Miami,Office Supplies,Paper,689.89,4,248.93
CA-2017-102314,02-10-2016,Customer_383,South,Florida,Houston,Office Supplies,Storage,981.78,6,190.73
CA-2018-102315,25-02-2018,Customer_14,Central,California,New York City,Furniture,Bookcases,274.23,6,32.18
CA-2015-102316,11-11-2015,Customer_70,East,Illinois,Chicago,Furniture,Bookcases,502.7,10,-52.7
CA-2016-102317,10-09-2016,Customer_312,East,New York,Los Angeles,Furniture,Tables,735.99,1,183.97
CA-2017-102318,09-06-2015,Customer_135,Central,Florida,New York City,Furniture,Tables,175.93,6,230.17
CA-2018-102319,12-01-2018,Customer_445,West,Texas,Los Angeles,Technology,Accessories,37.05,3,30.78
CA-2015-102320,30-06-2017,Customer_278,East,Illinois,Houston,Technology,Copiers,27.02,10,83.21
CA-2016-102321,06-03-2017,Customer_114,South,Texas,Chicago,Office Supplies,Storage,854.19,7,126.97
CA-2017-102322,26-04-2016,Customer_66,South,Texas,Houston,Technology,Phones,340.4,6,89.06
CA-2018-102323,10-01-2018,Customer_489,Central,California,Los Angeles,Furniture,Bookcases,384.05,2,21.14
CA-2015-102324,04-05-2018,Customer_459,East,California,Houston,Furniture,Tables,688.45,9,279.03
CA-2016-102325,22-12-2017,Customer_333,East,Illinois,Chicago,Technology,Accessories,607.41,7,216.81
CA-2017-102326,03-04-2018,Customer_280,Central,Florida,New York City,Technology,Accessories,837.9,8,254.02
CA-2018-102327,08-05-2017,Customer_199,East,California,Chicago,Technology,Copiers,813.72,5,141.92
CA-2015-102328,19-01-2017,Customer_177,Central,Texas,Chicago,Technology,Copiers,13.12,5,291.48
CA-2016-102329,15-10-2016,Customer_120,Central,Texas,New York City,Furniture,Tables,319.05,3,95.19
CA-2017-102330,02-01-2015,Customer_176,East,Illinois,Houston,Technology,Phones,301.25,4,186.02
CA-2018-102331,02-10-2017,Customer_355,South,Illinois,Los Angeles,Office Supplies,Storage,929.38,4,160.33
CA-2015-102332,22-10-2016,Customer_184,East,Illinois,Miami,Office Supplies,Storage,99.99,9,147.08
CA-2016-102333,30-11-2017,Customer_213,South,New York,Miami,Office Supplies,Binders,49.73,3,185.42
CA-2017-102334,17-11-2015,Customer_436,East,Florida,Houston,Office Supplies,Binders,122.98,4,175.16
CA-2018-102335,15-05-2018,Customer_287,East,Florida,Chicago,Technology,Phones,455.49,9,239.37
CA-2015-102336,11-06-2015,Customer_372,Central,Texas,New York City,Office Supplies,Storage,259.55,6,101.19
CA-2016-102337,07-02-2015,Customer_479,South,Illinois,Los Angeles,Technology,Phones,627.22,4,-48.26
CA-2017-102338,11-10-2016,Customer_33,Central,Illinois,Miami,Furniture,Chairs,675.1,1,-83.01
CA-2018-102339,23-04-2016,Customer_318,East,New York,Miami,Furniture,Tables,235.36,8,29.83
CA-2015-102340,10-12-2017,Customer_177,West,Florida,Houston,Office Supplies,Storage,738.16,7,230.55
CA-2016-102341,24-05-2016,Customer_497,West,New York,Chicago,Furniture,Bookcases,490.62,6,114.79
CA-2017-102342,04-04-2018,Customer_2,Central,Texas,Los Angeles,Technology,Phones,84.66,1,131.48
CA-2018-102343,07-08-2018,Customer_44,East,Illinois,Chicago,Furniture,Tables,40.4,6,71.79
CA-2015-102344,11-06-2016,Customer_445,East,Texas,Miami,Furniture,Chairs,872.59,10,-84.16
CA-2016-102345,15-09-2017,Customer_30,South,Florida,Los Angeles,Office Supplies,Paper,52.95,2,39.53
CA-2017-102346,28-02-2016,Customer_109,South,Texas,New York City,Furniture,Chairs,873.53,6,67.32
CA-2018-102347,08-11-2018,Customer_451,East,Texas,Miami,Furniture,Tables,47.89,8,-21.99
CA-2015-102348,26-12-2016,Customer_438,East,Texas,Chicago,Technology,Copiers,419.25,1,113.76
CA-2016-102349,27-05-2018,Customer_55,West,California,Houston,Office Supplies,Storage,581.29,1,30.53
CA-2017-102350,03-09-2018,Customer_456,East,California,Houston,Office Supplies,Paper,936.91,10,180.95
CA-2018-102351,23-05-2018,Customer_95,East,California,Miami,Furniture,Bookcases,26.85,6,211.56
CA-2015-102352,13-03-2015,Customer_166,Central,Illinois,Chicago,Furniture,Chairs,552.03,10,33.61
CA-2016-102353,21-12-2018,Customer_94,South,Texas,Chicago,Technology,Phones,573.63,1,85.92
CA-2017-102354,13-07-2015,Customer_279,Central,California,Chicago,Office Supplies,Storage,370.24,5,222.25
CA-2018-102355,05-03-2016,Customer_54,Central,Texas,Houston,Office Supplies,Binders,946.59,10,166.62
CA-2015-102356,13-05-2016,Customer_196,South,Texas,Chicago,Furniture,Bookcases,108.73,10,-20.26
CA-2016-102357,12-02-2015,Customer_272,Central,Florida,Houston,Furniture,Tables,700.24,7,164.82
CA-2017-102358,23-05-2018,Customer_21,South,New York,New York City,Technology,Phones,495.69,4,-64.16
CA-2018-102359,03-02-2016,Customer_213,Central,New York,New York City,Technology,Copiers,377.28,5,280.82
CA-2015-102360,06-01-2018,Customer_124,West,Illinois,Houston,Furniture,Bookcases,487.49,3,4.84
CA-2016-102361,21-11-2018,Customer_207,East,California,Houston,Furniture,Tables,639.97,9,248.07
CA-2017-102362,26-03-2016,Customer_266,Central,Florida,Los Angeles,Technology,Copiers,377.84,2,245.36
CA-2018-102363,05-07-2015,Customer_461,East,Texas,New York City,Technology,Phones,108.07,1,252.62
CA-2015-102364,21-12-2015,Customer_36,Central,New York,Houston,Furniture,Chairs,579.42,6,13.8
CA-2016-102365,03-01-2017,Customer_304,West,Illinois,Miami,Furniture,Tables,331.09,3,211.62
CA-2017-102366,11-08-2015,Customer_235,East,Florida,New York City,Technology,Copiers,99.48,8,298.19
CA-2018-102367,01-03-2016,Customer_77,West,California,Chicago,Technology,Phones,514.53,8,260.35
CA-2015-102368,22-08-2017,Customer_116,East,Florida,New York City,Office Supplies,Storage,306.82,6,94.04
CA-2016-102369,20-04-2018,Customer_299,West,New York,Houston,Office Supplies,Storage,79.24,7,203.21
CA-2017-102370,07-07-2015,Customer_183,East,Illinois,Los Angeles,Office Supplies,Storage,68.89,9,152.76
CA-2018-102371,25-08-2016,Customer_452,Central,California,Houston,Furniture,Tables,493.7,9,-64.06
CA-2015-102372,23-08-2017,Customer_184,West,California,Miami,Technology,Copiers,234.77,5,-36.02
CA-2016-102373,11-09-2015,Customer_337,South,New York,Miami,Office Supplies,Paper,554.08,8,67.73
CA-2017-102374,12-01-2019,Customer_294,Central,New York,Houston,Technology,Copiers,969.09,6,99.43
CA-2018-102375,27-03-2018,Customer_10,Central,New York,Houston,Technology,Copiers,898.98,7,169.95
CA-2015-102376,26-09-2018,Customer_475,East,California,New York City,Furniture,Chairs,759.31,9,54.55
CA-2016-102377,31-05-2017,Customer_375,West,Texas,Houston,Furniture,Tables,705.94,7,267.62
CA-2017-102378,31-01-2015,Customer_115,South,California,Miami,Technology,Copiers,536.56,5,232.12
CA-2018-102379,19-12-2016,Customer_455,East,Florida,New York City,Office Supplies,Binders,391.48,8,231.89
CA-2015-102380,26-09-2018,Customer_209,South,California,Los Angeles,Furniture,Tables,80.74,8,38.23
CA-2016-102381,04-10-2017,Customer_99,West,New York,Los Angeles,Office Supplies,Binders,557.72,2,131.5
CA-2017-102382,16-02-2018,Customer_228,Central,Illinois,Chicago,Technology,Phones,144.4,6,157.23
CA-2018-102383,22-10-2016,Customer_332,South,California,New York City,Office Supplies,Storage,510.91,9,249.61
CA-2015-102384,10-09-2018,Customer_24,East,Florida,Los Angeles,Technology,Copiers,309.76,9,-42.88
CA-2016-102385,20-12-2016,Customer_300,West,New York,New York City,Office Supplies,Paper,932.66,8,175.84
CA-2017-102386,21-04-2017,Customer_391,West,Texas,Houston,Furniture,Bookcases,90.54,4,153.17
CA-2018-102387,15-06-2016,Customer_476,West,New York,Houston,Furniture,Tables,401.29,5,113.26
CA-2015-102388,08-11-2017,Customer_411,South,Texas,Miami,Furniture,Bookcases,668.39,8,252.88
CA-2016-102389,06-03-2018,Customer_418,South,New York,Los Angeles,Furniture,Chairs,735.43,7,267.23
CA-2017-102390,30-01-2017,Customer_339,Central,Florida,Los Angeles,Furniture,Tables,692.05,1,216.81
CA-2018-102391,31-03-2016,Customer_416,East,California,Chicago,Technology,Phones,411.85,9,-70.93
CA-2015-102392,18-07-2016,Customer_155,Central,Florida,Houston,Office Supplies,Binders,73.44,1,-98.27
CA-2016-102393,21-12-2016,Customer_324,East,Texas,New York City,Furniture,Tables,595.49,4,7.15
CA-2017-102394,28-01-2019,Customer_319,Central,California,New York City,Technology,Accessories,939.97,10,255.12
CA-2018-102395,19-02-2015,Customer_196,East,Illinois,Chicago,Furniture,Tables,258.25,3,-12.62
CA-2015-102396,17-02-2018,Customer_376,South,Illinois,Miami,Office Supplies,Storage,969.65,10,246.09
CA-2016-102397,01-12-2016,Customer_468,Central,Florida,Houston,Technology,Accessories,147.36,1,106.35
CA-2017-102398,18-06-2018,Customer_411,East,Texas,Houston,Furniture,Chairs,12.08,6,119.86
CA-2018-102399,19-11-2016,Customer_193,Central,Florida,Los Angeles,Technology,Phones,969.73,3,240.44
CA-2015-102400,29-12-2017,Customer_123,West,New York,Houston,Furniture,Chairs,251.66,10,190.53
CA-2016-102401,27-02-2017,Customer_68,South,Florida,Chicago,Furniture,Bookcases,504.87,3,163.07
CA-2017-102402,12-05-2015,Customer_262,Central,Illinois,New York City,Technology,Copiers,754.98,5,-70.95
CA-2018-102403,05-04-2017,Customer_100,Central,Florida,Chicago,Technology,Phones,906.7,8,224.01
CA-2015-102404,04-02-2019,Customer_407,East,Florida,Chicago,Furniture,Bookcases,13.64,2,228.5
CA-2016-102405,01-07-2017,Customer_6,East,Texas,New York City,Office Supplies,Paper,843.86,1,122.42
CA-2017-102406,14-05-2015,Customer_325,East,Florida,Chicago,Office Supplies,Storage,974.62,10,156.08
CA-2018-102407,01-03-2016,Customer_77,East,Illinois,Houston,Office Supplies,Paper,376.96,3,282.05
CA-2015-102408,06-09-2017,Customer_407,West,Texas,Miami,Furniture,Chairs,521.46,6,268.66
CA-2016-102409,15-11-2018,Customer_9,South,California,New York City,Furniture,Chairs,691.26,4,-71.31
CA-2017-102410,10-12-2016,Customer_424,West,Illinois,New York City,Office Supplies,Paper,172.92,8,128.23
CA-2018-102411,22-08-2015,Customer_2,East,Florida,New York City,Office Supplies,Binders,535.88,3,2.09
CA-2015-102412,14-12-2017,Customer_418,West,Florida,Miami,Technology,Accessories,546.23,5,-68.42
CA-2016-102413,07-08-2016,Customer_52,East,New York,Miami,Technology,Phones,638.54,6,110.26
CA-2017-102414,10-01-2019,Customer_230,East,New York,Chicago,Furniture,Bookcases,420.05,1,121.15
CA-2018-102415,05-02-2015,Customer_353,West,New York,New York City,Technology,Phones,827.22,7,0.92
CA-2015-102416,22-02-2016,Customer_107,West,Illinois,Houston,Technology,Phones,433.22,4,-62.84
CA-2016-102417,15-07-2015,Customer_193,South,Illinois,New York City,Technology,Phones,442.33,10,-35.65
CA-2017-102418,16-05-2017,Customer_250,East,New York,Los Angeles,Furniture,Bookcases,530.51,8,37.13
CA-2018-102419,16-01-2015,Customer_67,Central,Texas,Los Angeles,Technology,Accessories,568.71,5,-39.33
CA-2015-102420,02-12-2017,Customer_293,Central,Illinois,Miami,Office Supplies,Paper,234.1,8,254.67
CA-2016-102421,07-10-2017,Customer_138,East,New York,Houston,Office Supplies,Paper,857.91,10,263.81
CA-2017-102422,04-11-2016,Customer_364,West,New York,New York City,Technology,Accessories,534.44,4,266.69
CA-2018-102423,08-06-2018,Customer_445,Central,Illinois,Houston,Furniture,Tables,575.1,7,109.02
CA-2015-102424,11-10-2015,Customer_75,West,New York,New York City,Technology,Copiers,761.38,10,139.22
CA-2016-102425,24-02-2018,Customer_280,Central,Florida,Chicago,Office Supplies,Binders,54.73,7,75.99
CA-2017-102426,06-06-2016,Customer_107,South,California,Los Angeles,Office Supplies,Storage,335.4,2,-75.28
CA-2018-102427,20-04-2017,Customer_254,East,Texas,New York City,Technology,Copiers,54.83,7,-93.18
CA-2015-102428,26-09-2018,Customer_411,South,Illinois,Los Angeles,Office Supplies,Paper,869.75,7,-33.53
CA-2016-102429,01-01-2017,Customer_131,Central,New York,Houston,Furniture,Tables,824.26,8,212.65
CA-2017-102430,12-08-2016,Customer_428,Central,Florida,Chicago,Technology,Accessories,937.14,4,70.36
CA-2018-102431,21-05-2018,Customer_150,South,California,Miami,Office Supplies,Paper,272.34,1,-20.56
CA-2015-102432,05-02-2018,Customer_1,South,Florida,Miami,Furniture,Bookcases,486.62,7,197.93
CA-2016-102433,23-06-2018,Customer_425,Central,California,Los Angeles,Office Supplies,Storage,298.35,4,80.42
CA-2017-102434,28-07-2018,Customer_167,Central,New York,Chicago,Technology,Phones,926.55,3,169.79
CA-2018-102435,01-03-2018,Customer_35,Central,Texas,Chicago,Furniture,Bookcases,366.25,1,250.34
CA-2015-102436,01-06-2015,Customer_395,South,Texas,Miami,Office Supplies,Storage,366.78,3,261.39
CA-2016-102437,18-12-2016,Customer_423,West,New York,Houston,Office Supplies,Storage,261.66,8,103.59
CA-2017-102438,19-04-2016,Customer_359,South,Illinois,New York City,Office Supplies,Paper,318.98,7,198.35
CA-2018-102439,22-02-2017,Customer_403,South,Florida,Chicago,Technology,Phones,622.25,5,64.19
CA-2015-102440,01-02-2016,Customer_175,West,Texas,Los Angeles,Technology,Accessories,211.46,2,-7.87
CA-2016-102441,16-07-2015,Customer_94,East,Texas,New York City,Office Supplies,Storage,333.87,1,133.24
CA-2017-102442,20-01-2018,Customer_169,South,Illinois,Los Angeles,Technology,Copiers,363.02,1,-55.99
CA-2018-102443,26-08-2016,Customer_86,West,Florida,Houston,Furniture,Chairs,275.21,7,103.25
CA-2015-102444,29-11-2018,Customer_252,Central,Florida,New York City,Technology,Copiers,573.37,3,200.06
CA-2016-102445,14-12-2015,Customer_242,Central,Illinois,Miami,Technology,Accessories,29.79,3,223.71
CA-2017-102446,28-09-2017,Customer_224,East,Florida,Chicago,Office Supplies,Paper,663.94,5,101.07
CA-2018-102447,11-07-2016,Customer_36,East,California,Houston,Furniture,Chairs,426.63,6,-86.29
CA-2015-102448,07-06-2017,Customer_307,West,Florida,Chicago,Technology,Phones,950.31,4,201.88
CA-2016-102449,09-05-2016,Customer_385,South,California,Los Angeles,Furniture,Chairs,330.17,10,-18.7
CA-2017-102450,31-01-2018,Customer_395,West,Illinois,Chicago,Office Supplies,Binders,844.07,4,4.77
CA-2018-102451,27-11-2016,Customer_408,East,New York,Los Angeles,Technology,Phones,630.87,7,-91.64
CA-2015-102452,28-07-2016,Customer_407,East,California,Los Angeles,Technology,Accessories,803.91,10,249.33
CA-2016-102453,05-08-2015,Customer_247,East,Florida,Los Angeles,Office Supplies,Binders,610.53,9,-89.36
CA-2017-102454,15-10-2016,Customer_450,Central,New York,Houston,Furniture,Chairs,25.39,5,180.17
CA-2018-102455,21-09-2018,Customer_38,East,Illinois,Chicago,Furniture,Chairs,63.81,2,219.38
CA-2015-102456,01-08-2018,Customer_478,Central,Illinois,Houston,Furniture,Bookcases,149.52,4,63.78
CA-2016-102457,04-12-2018,Customer_42,East,New York,Miami,Technology,Accessories,460.53,9,23.14
CA-2017-102458,14-11-2018,Customer_409,West,Florida,Houston,Technology,Copiers,617.54,5,187.12
CA-2018-102459,28-05-2018,Customer_91,East,Texas,Houston,Furniture,Tables,970.62,4,-26.39
CA-2015-102460,23-04-2016,Customer_264,South,Texas,Houston,Technology,Accessories,539.34,3,185.91
CA-2016-102461,11-05-2018,Customer_375,East,Texas,Chicago,Technology,Copiers,890.13,6,15.04
CA-2017-102462,16-04-2017,Customer_494,Central,New York,Los Angeles,Furniture,Tables,672.42,5,164.22
CA-2018-102463,25-03-2015,Customer_296,South,Florida,Los Angeles,Office Supplies,Binders,152.0,10,148.87
CA-2015-102464,05-04-2016,Customer_62,West,Illinois,Houston,Technology,Copiers,594.42,9,177.11
CA-2016-102465,12-06-2016,Customer_200,South,Texas,Los Angeles,Technology,Phones,146.63,9,14.77
CA-2017-102466,04-05-2016,Customer_177,West,Texas,New York City,Furniture,Tables,48.12,4,79.89
CA-2018-102467,18-06-2015,Customer_392,Central,Illinois,Miami,Technology,Phones,458.52,9,248.4
CA-2015-102468,04-10-2015,Customer_122,Central,Florida,New York City,Technology,Phones,609.15,8,68.78
CA-2016-102469,19-04-2017,Customer_271,East,California,Chicago,Technology,Accessories,434.34,1,-28.54
CA-2017-102470,29-12-2017,Customer_326,South,New York,Houston,Furniture,Bookcases,596.76,2,60.14
CA-2018-102471,08-08-2018,Customer_326,South,Illinois,New York City,Furniture,Chairs,217.37,5,-44.39
CA-2015-102472,28-11-2017,Customer_323,South,Illinois,New York City,Technology,Copiers,805.82,5,-70.21
CA-2016-102473,03-05-2017,Customer_126,East,Illinois,Chicago,Furniture,Bookcases,848.39,3,67.65
CA-2017-102474,16-11-2018,Customer_140,East,Illinois,Houston,Furniture,Bookcases,575.31,6,161.22
CA-2018-102475,20-04-2016,Customer_446,East,Illinois,Houston,Furniture,Chairs,209.47,10,95.76
CA-2015-102476,25-05-2017,Customer_258,East,Texas,Los Angeles,Office Supplies,Paper,398.08,4,60.25
CA-2016-102477,19-12-2018,Customer_180,East,California,Miami,Office Supplies,Paper,856.39,4,77.63
CA-2017-102478,12-01-2018,Customer_427,South,Texas,Houston,Office Supplies,Paper,20.85,8,121.5
CA-2018-102479,20-01-2016,Customer_94,South,California,New York City,Office Supplies,Storage,891.91,10,132.7
CA-2015-102480,19-01-2015,Customer_128,Central,New York,Houston,Furniture,Chairs,202.26,1,171.8
CA-2016-102481,23-11-2017,Customer_487,East,Florida,New York City,Furniture,Chairs,543.92,6,154.37
CA-2017-102482,04-11-2017,Customer_247,Central,California,Los Angeles,Technology,Accessories,539.14,10,5.34
CA-2018-102483,01-11-2016,Customer_497,Central,Florida,New York City,Furniture,Tables,377.32,2,210.42
CA-2015-102484,30-03-2017,Customer_85,Central,Texas,Los Angeles,Furniture,Bookcases,349.53,2,-98.02
CA-2016-102485,03-08-2018,Customer_138,Central,New York,Houston,Office Supplies,Paper,154.1,8,55.2
CA-2017-102486,07-09-2017,Customer_249,West,Texas,Los Angeles,Furniture,Chairs,342.41,7,296.57
CA-2018-102487,21-12-2015,Customer_398,Central,Texas,Miami,Furniture,Bookcases,697.61,6,74.41
CA-2015-102488,02-06-2018,Customer_154,Central,Illinois,Los Angeles,Technology,Copiers,919.51,2,108.16
CA-2016-102489,30-12-2018,Customer_428,South,California,Miami,Office Supplies,Paper,842.91,7,254.18
CA-2017-102490,15-01-2016,Customer_380,Central,California,Houston,Office Supplies,Paper,143.05,8,250.24
CA-2018-102491,13-08-2017,Customer_281,South,Texas,Miami,Furniture,Chairs,821.23,9,-72.03
CA-2015-102492,10-03-2017,Customer_439,West,California,Chicago,Office Supplies,Paper,163.55,4,-3.0
CA-2016-102493,07-12-2016,Customer_158,South,California,New York City,Office Supplies,Binders,159.38,1,120.01
CA-2017-102494,14-06-2017,Customer_46,South,Florida,Los Angeles,Office Supplies,Paper,637.23,10,153.38
CA-2018-102495,11-02-2017,Customer_272,South,Texas,New York City,Furniture,Bookcases,342.21,5,129.05
CA-2015-102496,27-01-2017,Customer_387,East,New York,Miami,Technology,Phones,202.73,1,155.56
CA-2016-102497,19-10-2018,Customer_115,West,Illinois,Los Angeles,Furniture,Tables,531.35,8,155.64
CA-2017-102498,26-11-2018,Customer_234,West,Texas,New York City,Furniture,Chairs,770.37,7,262.6
CA-2018-102499,26-09-2015,Customer_213,South,New York,Houston,Office Supplies,Binders,465.76,8,-54.98
CA-2015-102500,14-07-2016,Customer_431,Central,Illinois,Los Angeles,Technology,Accessories,105.44,4,117.23
CA-2016-102501,01-10-2016,Customer_182,Central,New York,New York City,Technology,Accessories,970.61,8,168.4
CA-2017-102502,29-05-2017,Customer_99,East,Texas,Miami,Office Supplies,Paper,962.43,5,-32.57
CA-2018-102503,14-03-2015,Customer_2,East,California,Houston,Technology,Accessories,441.76,2,170.83
CA-2015-102504,22-09-2016,Customer_291,East,Texas,Houston,Office Supplies,Binders,375.03,9,187.91
CA-2016-102505,14-09-2018,Customer_365,South,Texas,New York City,Office Supplies,Storage,220.15,7,286.19
CA-2017-102506,23-02-2015,Customer_409,West,New York,Chicago,Furniture,Tables,527.01,8,279.39
CA-2018-102507,24-07-2018,Customer_386,West,Illinois,Los Angeles,Office Supplies,Binders,642.36,4,181.32
CA-2015-102508,06-10-2016,Customer_98,East,Illinois,Los Angeles,Technology,Accessories,640.71,2,203.31
CA-2016-102509,29-04-2016,Customer_457,West,Texas,Chicago,Office Supplies,Binders,214.6,5,23.01
CA-2017-102510,05-06-2015,Customer_479,Central,New York,Houston,Furniture,Bookcases,877.37,1,50.12
CA-2018-102511,21-05-2015,Customer_145,South,Florida,New York City,Office Supplies,Binders,66.27,7,179.8
CA-2015-102512,03-11-2015,Customer_374,Central,New York,New York City,Technology,Phones,115.38,1,46.36
CA-2016-102513,25-09-2015,Customer_116,West,California,New York City,Technology,Accessories,528.46,3,189.03
CA-2017-102514,08-06-2018,Customer_427,East,Florida,Chicago,Furniture,Tables,271.79,10,36.66
CA-2018-102515,26-03-2015,Customer_232,South,New York,Chicago,Technology,Phones,553.79,4,140.66
CA-2015-102516,15-04-2018,Customer_20,Central,Florida,Chicago,Technology,Accessories,791.17,4,266.28
CA-2016-102517,15-03-2017,Customer_47,East,California,Miami,Technology,Copiers,996.39,4,65.39
CA-2017-102518,18-09-2015,Customer_31,East,New York,Houston,Technology,Copiers,305.56,10,93.06
CA-2018-102519,21-06-2016,Customer_415,Central,California,Chicago,Office Supplies,Binders,371.11,1,201.59
CA-2015-102520,12-09-2018,Customer_58,South,Texas,Miami,Office Supplies,Storage,866.78,6,297.58
CA-2016-102521,09-03-2018,Customer_90,South,California,Houston,Technology,Phones,250.5,5,72.18
CA-2017-102522,03-04-2015,Customer_24,West,Texas,Miami,Furniture,Tables,211.94,8,249.7
CA-2018-102523,25-04-2015,Customer_271,West,Illinois,Miami,Technology,Phones,644.82,3,166.8
CA-2015-102524,21-10-2016,Customer_417,South,Texas,New York City,Technology,Accessories,918.02,8,189.53
CA-2016-102525,05-03-2015,Customer_277,South,Illinois,Chicago,Furniture,Bookcases,300.04,8,48.37
CA-2017-102526,28-08-2017,Customer_493,South,Illinois,Houston,Technology,Phones,135.56,6,119.29
CA-2018-102527,02-02-2018,Customer_121,South,Illinois,Miami,Technology,Phones,880.87,7,286.02
CA-2015-102528,11-09-2018,Customer_61,East,New York,Los Angeles,Technology,Accessories,520.12,6,40.75
CA-2016-102529,10-10-2018,Customer_160,West,Illinois,Los Angeles,Technology,Copiers,108.87,4,160.4
CA-2017-102530,07-08-2016,Customer_433,Central,New York,Chicago,Technology,Accessories,302.84,4,108.84
CA-2018-102531,02-08-2015,Customer_222,East,Florida,New York City,Office Supplies,Paper,393.01,5,157.09
CA-2015-102532,26-03-2018,Customer_12,South,California,Houston,Office Supplies,Binders,444.37,10,187.48
CA-2016-102533,09-03-2017,Customer_269,East,Florida,Houston,Furniture,Bookcases,270.44,10,296.55
CA-2017-102534,20-04-2017,Customer_429,East,Florida,Houston,Office Supplies,Binders,943.33,9,219.13
CA-2018-102535,28-12-2016,Customer_472,Central,Florida,New York City,Office Supplies,Paper,479.97,9,230.38
CA-2015-102536,27-01-2015,Customer_90,Central,Illinois,Los Angeles,Technology,Copiers,368.5,1,270.96
CA-2016-102537,05-12-2018,Customer_175,South,California,Chicago,Office Supplies,Paper,672.56,10,-43.31
CA-2017-102538,30-03-2016,Customer_155,Central,Texas,Houston,Office Supplies,Binders,335.24,10,171.69
CA-2018-102539,05-11-2015,Customer_183,West,New York,Houston,Technology,Phones,295.69,1,240.14
CA-2015-102540,01-01-2015,Customer_133,West,California,Los Angeles,Office Supplies,Paper,351.34,8,180.39
CA-2016-102541,11-11-2015,Customer_53,West,Illinois,Chicago,Furniture,Bookcases,647.23,10,116.2
CA-2017-102542,29-07-2017,Customer_99,South,Illinois,New York City,Office Supplies,Storage,971.09,3,-95.06
CA-2018-102543,26-05-2017,Customer_398,Central,Florida,Houston,Furniture,Chairs,279.35,10,273.78
CA-2015-102544,26-02-2015,Customer_133,East,Texas,New York City,Furniture,Chairs,785.34,7,164.53
CA-2016-102545,24-07-2017,Customer_414,Central,New York,New York City,Office Supplies,Storage,224.83,4,12.32
CA-2017-102546,02-12-2018,Customer_398,South,Texas,Chicago,Furniture,Tables,873.69,4,273.14
CA-2018-102547,11-08-2018,Customer_243,West,California,Miami,Furniture,Tables,635.99,4,222.32
CA-2015-102548,26-11-2018,Customer_209,Central,New York,New York City,Technology,Accessories,318.0,9,240.85
CA-2016-102549,31-10-2017,Customer_417,Central,New York,Houston,Office Supplies,Paper,262.3,2,85.95
CA-2017-102550,10-04-2018,Customer_123,South,Texas,Chicago,Furniture,Bookcases,987.37,3,-84.62
CA-2018-102551,30-11-2015,Customer_430,West,Illinois,Houston,Technology,Copiers,730.94,1,-71.79
CA-2015-102552,15-12-2015,Customer_338,Central,Texas,New York City,Technology,Accessories,747.06,9,5.34
CA-2016-102553,09-02-2016,Customer_264,South,California,Houston,Furniture,Bookcases,112.45,4,1.3
CA-2017-102554,13-11-2017,Customer_277,Central,Texas,Houston,Technology,Phones,698.57,3,101.89
CA-2018-102555,31-07-2015,Customer_415,East,Florida,Miami,Furniture,Chairs,803.83,9,-52.26
CA-2015-102556,04-04-2017,Customer_334,South,Illinois,Houston,Office Supplies,Storage,467.9,6,137.76
CA-2016-102557,10-06-2016,Customer_53,South,Texas,Los Angeles,Technology,Phones,699.16,1,-10.2
CA-2017-102558,24-06-2018,Customer_245,East,Florida,Chicago,Office Supplies,Paper,679.14,9,-48.0
CA-2018-102559,16-05-2016,Customer_35,South,Texas,Miami,Office Supplies,Binders,19.63,8,157.99
CA-2015-102560,19-01-2018,Customer_69,West,Florida,Chicago,Furniture,Tables,497.62,6,106.23
CA-2016-102561,13-03-2015,Customer_382,South,Florida,Miami,Office Supplies,Paper,354.79,1,93.75
CA-2017-102562,24-11-2018,Customer_273,East,New York,Los Angeles,Office Supplies,Storage,180.9,1,195.18
CA-2018-102563,27-05-2016,Customer_203,South,Illinois,Houston,Office Supplies,Paper,616.03,6,244.28
CA-2015-102564,06-02-2019,Customer_300,East,Texas,Miami,Office Supplies,Storage,421.15,2,48.25
CA-2016-102565,01-04-2015,Customer_137,East,Florida,Houston,Office Supplies,Storage,799.03,1,243.68
CA-2017-102566,14-10-2016,Customer_263,East,California,New York City,Furniture,Chairs,117.55,8,291.15
CA-2018-102567,02-03-2018,Customer_189,East,Illinois,Los Angeles,Technology,Copiers,665.69,4,227.81
CA-2015-102568,25-12-2015,Customer_204,West,New York,Los Angeles,Furniture,Chairs,142.88,6,146.34
CA-2016-102569,25-09-2017,Customer_425,South,California,Miami,Office Supplies,Binders,309.05,5,296.61
CA-2017-102570,10-09-2017,Customer_305,South,California,Los Angeles,Technology,Accessories,74.95,9,-99.01
CA-2018-102571,13-09-2015,Customer_134,West,California,Chicago,Furniture,Bookcases,312.34,7,278.52
CA-2015-102572,11-09-2017,Customer_54,West,New York,Los Angeles,Office Supplies,Binders,104.07,8,-47.88
CA-2016-102573,15-02-2015,Customer_21,West,New York,New York City,Office Supplies,Paper,745.49,3,4.17
CA-2017-102574,25-07-2016,Customer_464,East,California,New York City,Office Supplies,Storage,738.27,8,-4.47
CA-2018-102575,26-12-2017,Customer_328,West,Texas,Miami,Furniture,Chairs,790.58,10,-55.53
CA-2015-102576,14-06-2018,Customer_78,East,Illinois,Houston,Furniture,Bookcases,169.56,9,-86.25
CA-2016-102577,19-08-2015,Customer_68,East,California,Los Angeles,Office Supplies,Paper,59.53,3,285.03
CA-2017-102578,25-12-2015,Customer_292,South,New York,Chicago,Technology,Phones,449.56,10,274.41
CA-2018-102579,06-05-2015,Customer_296,East,Illinois,Los Angeles,Furniture,Chairs,67.85,9,240.82
CA-2015-102580,27-03-2016,Customer_67,East,New York,Miami,Technology,Phones,625.58,6,64.85
CA-2016-102581,16-04-2015,Customer_210,Central,California,Los Angeles,Technology,Copiers,15.13,4,70.35
CA-2017-102582,09-09-2015,Customer_484,East,New York,Houston,Office Supplies,Storage,540.15,6,27.34
CA-2018-102583,26-09-2016,Customer_447,West,Texas,Houston,Furniture,Tables,59.83,10,266.59
CA-2015-102584,04-06-2016,Customer_406,Central,Florida,Houston,Furniture,Tables,664.45,1,132.64
CA-2016-102585,04-08-2017,Customer_140,Central,California,Houston,Technology,Phones,454.46,1,171.71
CA-2017-102586,31-03-2015,Customer_357,East,Illinois,Los Angeles,Office Supplies,Storage,943.2,4,-83.05
CA-2018-102587,24-01-2018,Customer_413,South,California,Houston,Office Supplies,Paper,796.92,2,-57.7
CA-2015-102588,02-03-2015,Customer_385,South,New York,Houston,Office Supplies,Storage,289.01,1,78.38
CA-2016-102589,29-12-2016,Customer_88,Central,Illinois,Houston,Office Supplies,Binders,635.35,4,85.88
CA-2017-102590,06-01-2017,Customer_444,East,New York,Houston,Office Supplies,Binders,152.13,3,147.69
CA-2018-102591,28-01-2017,Customer_225,South,California,New York City,Office Supplies,Storage,344.51,9,120.12
CA-2015-102592,26-01-2015,Customer_5,West,Florida,Houston,Furniture,Tables,509.53,5,189.51
CA-2016-102593,19-11-2018,Customer_71,East,California,New York City,Furniture,Bookcases,328.04,6,143.15
CA-2017-102594,22-03-2018,Customer_63,East,Illinois,New York City,Furniture,Tables,576.78,2,249.16
CA-2018-102595,30-03-2016,Customer_30,West,Texas,New York City,Furniture,Chairs,345.68,8,190.05
CA-2015-102596,06-02-2016,Customer_94,South,California,Houston,Technology,Accessories,692.99,9,123.9
CA-2016-102597,30-04-2016,Customer_286,West,Florida,Chicago,Office Supplies,Paper,680.73,10,-4.71
CA-2017-102598,20-05-2015,Customer_126,West,Illinois,Los Angeles,Technology,Copiers,105.95,6,267.76
CA-2018-102599,31-05-2018,Customer_105,East,New York,Chicago,Technology,Accessories,859.99,2,143.24
CA-2015-102600,02-08-2018,Customer_411,West,California,Houston,Furniture,Tables,690.7,8,205.64
CA-2016-102601,08-04-2017,Customer_465,Central,New York,Houston,Technology,Copiers,532.78,6,-39.16
CA-2017-102602,15-11-2016,Customer_17,West,California,Miami,Furniture,Chairs,57.59,8,199.79
CA-2018-102603,13-11-2016,Customer_13,West,Illinois,New York City,Technology,Copiers,165.65,1,157.78
CA-2015-102604,10-05-2018,Customer_400,East,Illinois,New York City,Furniture,Chairs,394.53,8,6.43
CA-2016-102605,18-04-2018,Customer_414,West,Illinois,Los Angeles,Technology,Copiers,16.5,4,298.9
CA-2017-102606,20-06-2016,Customer_165,South,Texas,New York City,Office Supplies,Binders,891.97,5,41.76
CA-2018-102607,19-11-2018,Customer_102,South,Illinois,New York City,Technology,Phones,619.05,4,242.69
CA-2015-102608,26-06-2015,Customer_315,West,California,New York City,Furniture,Chairs,434.92,3,70.31
CA-2016-102609,10-04-2015,Customer_323,East,California,Houston,Technology,Copiers,711.37,4,135.08
CA-2017-102610,19-10-2015,Customer_473,East,New York,Houston,Technology,Copiers,164.81,1,-52.29
CA-2018-102611,07-12-2016,Customer_305,South,Illinois,New York City,Technology,Copiers,109.63,5,-63.28
CA-2015-102612,27-01-2016,Customer_434,East,Illinois,Los Angeles,Technology,Copiers,77.9,7,272.2
CA-2016-102613,07-07-2018,Customer_431,Central,Illinois,Houston,Technology,Phones,737.68,1,27.03
CA-2017-102614,03-06-2017,Customer_227,West,New York,Los Angeles,Technology,Copiers,438.45,3,-9.99
CA-2018-102615,16-08-2015,Customer_132,Central,New York,New York City,Furniture,Chairs,788.39,2,20.1
CA-2015-102616,11-04-2018,Customer_459,South,Florida,Los Angeles,Office Supplies,Binders,430.31,5,-86.43
CA-2016-102617,19-04-2016,Customer_348,Central,California,Chicago,Office Supplies,Binders,398.3,5,0.41
CA-2017-102618,18-12-2018,Customer_77,South,California,Houston,Furniture,Tables,680.25,5,264.69
CA-2018-102619,10-09-2016,Customer_99,East,Florida,Los Angeles,Furniture,Bookcases,825.2,5,275.51
CA-2015-102620,13-09-2016,Customer_342,Central,California,Chicago,Technology,Phones,531.06,1,184.43
CA-2016-102621,12-11-2017,Customer_482,Central,Texas,Miami,Office Supplies,Binders,482.84,4,92.34
CA-2017-102622,07-04-2017,Customer_189,West,Florida,Miami,Furniture,Chairs,950.19,4,264.67
CA-2018-102623,02-04-2016,Customer_434,Central,New York,Houston,Technology,Accessories,512.38,7,58.91
CA-2015-102624,04-03-2016,Customer_408,West,California,New York City,Furniture,Bookcases,732.03,7,24.51
CA-2016-102625,11-12-2015,Customer_230,East,California,Miami,Technology,Phones,652.12,9,103.47
CA-2017-102626,16-05-2016,Customer_96,East,California,Houston,Technology,Phones,883.38,4,-88.0
CA-2018-102627,30-12-2017,Customer_360,East,California,Miami,Technology,Phones,275.48,8,248.28
CA-2015-102628,09-02-2016,Customer_30,South,California,New York City,Technology,Accessories,48.28,4,145.04
CA-2016-102629,03-08-2017,Customer_232,South,New York,New York City,Office Supplies,Binders,322.66,1,131.71
CA-2017-102630,14-01-2015,Customer_270,West,Florida,Houston,Technology,Copiers,167.75,1,81.98
CA-2018-102631,13-11-2018,Customer_327,Central,Illinois,Houston,Office Supplies,Storage,514.61,1,138.58
CA-2015-102632,28-09-2018,Customer_93,Central,New York,Los Angeles,Furniture,Tables,438.9,8,-51.76
CA-2016-102633,03-11-2017,Customer_381,South,California,Chicago,Office Supplies,Storage,520.1,8,-44.1
CA-2017-102634,12-01-2015,Customer_44,Central,California,Chicago,Office Supplies,Binders,206.42,5,-14.12
CA-2018-102635,29-04-2017,Customer_92,South,Texas,Houston,Furniture,Chairs,243.49,4,20.96
CA-2015-102636,24-12-2015,Customer_339,Central,Florida,Chicago,Office Supplies,Storage,639.13,7,167.95
CA-2016-102637,15-09-2018,Customer_187,West,Illinois,Chicago,Furniture,Bookcases,855.84,2,209.93
CA-2017-102638,14-11-2015,Customer_43,West,California,Houston,Technology,Copiers,385.2,6,14.4
CA-2018-102639,10-01-2019,Customer_145,West,Illinois,Miami,Furniture,Bookcases,992.79,1,276.79
CA-2015-102640,08-04-2015,Customer_44,East,Florida,Los Angeles,Office Supplies,Storage,776.03,6,161.07
CA-2016-102641,09-09-2015,Customer_300,South,Illinois,Miami,Office Supplies,Storage,952.76,10,122.33
CA-2017-102642,23-12-2016,Customer_185,West,California,New York City,Furniture,Bookcases,972.88,10,212.79
CA-2018-102643,16-04-2018,Customer_401,Central,Florida,Miami,Technology,Accessories,158.3,3,164.69
CA-2015-102644,12-07-2016,Customer_216,West,California,Los Angeles,Technology,Copiers,765.39,9,-80.37
CA-2016-102645,18-10-2017,Customer_6,Central,California,Chicago,Office Supplies,Binders,650.94,1,75.23
CA-2017-102646,12-10-2015,Customer_290,East,Texas,New York City,Furniture,Chairs,300.86,9,126.75
CA-2018-102647,29-01-2016,Customer_152,West,Illinois,Houston,Office Supplies,Paper,17.08,4,-24.12
CA-2015-102648,31-07-2018,Customer_185,West,Florida,Houston,Office Supplies,Paper,918.61,9,-77.58
CA-2016-102649,19-08-2016,Customer_465,East,Illinois,Houston,Technology,Phones,101.92,7,-86.87
CA-2017-102650,11-04-2016,Customer_491,Central,California,Houston,Technology,Phones,185.88,1,77.5
CA-2018-102651,24-01-2018,Customer_334,East,Texas,New York City,Office Supplies,Paper,853.38,8,131.34
CA-2015-102652,25-08-2017,Customer_439,South,Texas,New York City,Technology,Phones,916.12,6,33.5
CA-2016-102653,19-03-2015,Customer_260,Central,New York,Los Angeles,Technology,Copiers,423.97,6,36.17
CA-2017-102654,21-12-2016,Customer_301,South,California,Houston,Technology,Phones,145.05,4,-20.67
CA-2018-102655,26-10-2016,Customer_19,Central,Texas,Los Angeles,Technology,Accessories,865.96,4,91.2
CA-2015-102656,08-10-2017,Customer_106,East,California,New York City,Technology,Copiers,346.1,9,206.06
CA-2016-102657,10-10-2018,Customer_43,South,New York,Miami,Furniture,Tables,740.87,7,-94.47
CA-2017-102658,28-03-2016,Customer_234,East,Florida,Los Angeles,Furniture,Tables,29.62,7,-97.65
CA-2018-102659,26-03-2016,Customer_458,South,Illinois,New York City,Office Supplies,Binders,929.44,3,59.27
CA-2015-102660,09-08-2015,Customer_39,South,Texas,Houston,Furniture,Bookcases,926.4,1,130.68
CA-2016-102661,07-08-2018,Customer_247,South,California,Los Angeles,Office Supplies,Binders,335.03,2,243.53
CA-2017-102662,12-05-2015,Customer_369,Central,New York,Chicago,Technology,Copiers,953.07,3,91.56
CA-2018-102663,20-06-2017,Customer_61,South,Illinois,Miami,Technology,Accessories,387.09,3,114.6
CA-2015-102664,09-05-2016,Customer_144,South,Florida,New York City,Office Supplies,Binders,368.27,8,291.51
CA-2016-102665,16-11-2015,Customer_147,West,Florida,New York City,Furniture,Bookcases,422.81,5,291.85
CA-2017-102666,18-07-2017,Customer_406,East,Texas,New York City,Technology,Copiers,30.57,10,147.81
CA-2018-102667,03-10-2018,Customer_150,South,New York,Miami,Furniture,Tables,585.12,3,-12.75
CA-2015-102668,16-04-2016,Customer_270,South,New York,Miami,Furniture,Chairs,307.39,8,-52.34
CA-2016-102669,28-02-2018,Customer_479,West,Florida,Miami,Furniture,Tables,458.11,7,-28.23
CA-2017-102670,09-02-2016,Customer_228,West,Florida,Houston,Office Supplies,Storage,448.87,9,157.45
CA-2018-102671,12-04-2016,Customer_347,West,Illinois,Los Angeles,Technology,Accessories,918.39,1,-30.07
CA-2015-102672,02-02-2015,Customer_485,Central,Texas,Los Angeles,Furniture,Tables,517.2,9,142.63
CA-2016-102673,22-10-2015,Customer_320,Central,California,Chicago,Office Supplies,Storage,267.86,4,159.41
CA-2017-102674,02-12-2015,Customer_180,Central,California,Los Angeles,Furniture,Tables,662.29,1,151.79
CA-2018-102675,30-01-2019,Customer_469,Central,Illinois,Chicago,Furniture,Chairs,155.49,1,138.14
CA-2015-102676,18-02-2017,Customer_365,South,Illinois,New York City,Office Supplies,Storage,500.2,5,196.54
CA-2016-102677,14-06-2016,Customer_4,West,New York,Miami,Furniture,Chairs,354.83,8,298.55
CA-2017-102678,07-06-2015,Customer_136,East,Illinois,Miami,Furniture,Tables,229.41,1,27.28
CA-2018-102679,08-08-2017,Customer_343,South,New York,Los Angeles,Furniture,Chairs,731.5,2,173.37
CA-2015-102680,12-05-2016,Customer_36,South,Florida,Miami,Furniture,Chairs,354.66,5,21.0
CA-2016-102681,04-06-2017,Customer_222,South,Texas,Los Angeles,Furniture,Bookcases,751.71,8,19.38
CA-2017-102682,14-01-2018,Customer_96,South,Texas,New York City,Office Supplies,Paper,706.9,4,152.69
CA-2018-102683,18-05-2017,Customer_164,South,California,Los Angeles,Technology,Copiers,289.12,3,113.28
CA-2015-102684,16-10-2017,Customer_109,Central,Illinois,Houston,Office Supplies,Paper,18.85,4,87.62
CA-2016-102685,19-02-2015,Customer_242,Central,Texas,Miami,Office Supplies,Paper,188.69,1,249.4
CA-2017-102686,21-03-2018,Customer_240,West,Florida,Chicago,Technology,Phones,849.14,7,199.0
CA-2018-102687,28-03-2015,Customer_492,West,Texas,New York City,Technology,Phones,244.32,3,221.17
CA-2015-102688,12-05-2018,Customer_334,South,Texas,Los Angeles,Office Supplies,Binders,842.07,1,245.01
CA-2016-102689,15-05-2017,Customer_400,West,Texas,Chicago,Furniture,Chairs,951.98,8,70.52
CA-2017-102690,20-09-2018,Customer_467,West,Texas,Houston,Furniture,Bookcases,237.61,5,-76.97
CA-2018-102691,03-05-2017,Customer_350,South,Florida,Miami,Technology,Accessories,591.67,7,58.79
CA-2015-102692,16-01-2018,Customer_473,Central,California,Houston,Technology,Copiers,422.26,5,37.77
CA-2016-102693,07-10-2018,Customer_489,East,New York,Miami,Furniture,Tables,642.84,8,12.19
CA-2017-102694,19-07-2015,Customer_148,South,Texas,Los Angeles,Furniture,Chairs,106.88,3,53.12
CA-2018-102695,22-01-2017,Customer_294,South,Texas,Miami,Office Supplies,Paper,691.12,1,36.57
CA-2015-102696,25-04-2017,Customer_91,East,Illinois,Houston,Furniture,Tables,379.64,9,157.1
CA-2016-102697,24-08-2015,Customer_332,West,New York,New York City,Office Supplies,Paper,189.17,6,-43.03
CA-2017-102698,15-09-2017,Customer_438,Central,California,Chicago,Office Supplies,Paper,629.61,9,122.06
CA-2018-102699,12-02-2018,Customer_83,Central,California,Miami,Office Supplies,Storage,791.62,6,65.84
CA-2015-102700,13-03-2016,Customer_221,East,Illinois,Chicago,Furniture,Chairs,297.06,4,246.59
CA-2016-102701,11-07-2016,Customer_3,South,Texas,Miami,Office Supplies,Storage,487.93,5,120.79
CA-2017-102702,21-07-2018,Customer_420,South,California,Los Angeles,Technology,Phones,448.74,10,221.55
CA-2018-102703,06-03-2017,Customer_471,West,Florida,Chicago,Furniture,Tables,625.36,1,63.94
CA-2015-102704,23-02-2017,Customer_110,South,Texas,New York City,Furniture,Bookcases,155.34,2,127.48
CA-2016-102705,08-08-2017,Customer_408,East,New York,Los Angeles,Furniture,Chairs,522.65,7,80.41
CA-2017-102706,22-11-2015,Customer_157,West,California,Houston,Technology,Phones,642.0,9,-57.14
CA-2018-102707,07-05-2015,Customer_176,Central,California,Los Angeles,Technology,Accessories,146.31,2,177.68
CA-2015-102708,05-05-2016,Customer_332,East,New York,Miami,Office Supplies,Binders,190.38,2,248.8
CA-2016-102709,25-04-2018,Customer_480,South,New York,Miami,Office Supplies,Binders,91.66,9,102.88
CA-2017-102710,07-12-2015,Customer_450,East,California,Los Angeles,Office Supplies,Paper,425.92,1,266.22
CA-2018-102711,13-01-2017,Customer_298,South,Florida,Chicago,Furniture,Tables,309.07,5,108.8
CA-2015-102712,13-02-2015,Customer_337,Central,Illinois,Houston,Office Supplies,Paper,105.95,4,21.15
CA-2016-102713,31-07-2018,Customer_130,Central,Florida,Houston,Technology,Phones,95.07,6,230.1
CA-2017-102714,29-08-2015,Customer_496,West,California,Chicago,Furniture,Chairs,128.16,1,219.1
CA-2018-102715,15-06-2016,Customer_389,East,Florida,Los Angeles,Furniture,Chairs,627.37,10,278.14
CA-2015-102716,26-05-2017,Customer_65,South,Texas,Houston,Technology,Accessories,607.82,10,-89.95
CA-2016-102717,07-10-2015,Customer_462,South,Texas,Los Angeles,Furniture,Bookcases,107.07,2,229.32
CA-2017-102718,25-08-2015,Customer_340,West,Texas,Chicago,Office Supplies,Paper,123.6,2,149.31
CA-2018-102719,17-06-2016,Customer_445,East,Illinois,Miami,Office Supplies,Paper,706.84,2,161.5
CA-2015-102720,08-05-2016,Customer_292,East,Illinois,Houston,Office Supplies,Storage,466.57,6,136.3
CA-2016-102721,29-06-2016,Customer_306,West,Florida,Miami,Office Supplies,Paper,166.77,7,237.17
CA-2017-102722,20-09-2016,Customer_313,East,New York,Houston,Furniture,Bookcases,813.57,10,-73.04
CA-2018-102723,27-12-2015,Customer_405,West,New York,Los Angeles,Office Supplies,Storage,640.95,9,164.46
CA-2015-102724,02-01-2017,Customer_387,South,California,Chicago,Furniture,Bookcases,340.44,9,-24.24
CA-2016-102725,03-08-2017,Customer_5,Central,Illinois,Chicago,Office Supplies,Binders,326.82,3,295.35
CA-2017-102726,21-02-2015,Customer_357,Central,New York,Chicago,Furniture,Chairs,17.44,1,-15.59
CA-2018-102727,31-07-2016,Customer_55,Central,California,Houston,Furniture,Chairs,294.71,5,49.67
CA-2015-102728,31-05-2017,Customer_470,West,Illinois,Miami,Office Supplies,Binders,582.14,7,-74.3
CA-2016-102729,23-07-2017,Customer_245,East,Texas,Miami,Technology,Phones,695.69,4,78.33
CA-2017-102730,28-01-2017,Customer_20,West,Texas,New York City,Furniture,Tables,751.39,7,79.95
CA-2018-102731,14-06-2017,Customer_389,Central,Illinois,Houston,Furniture,Tables,631.97,8,59.62
CA-2015-102732,22-06-2016,Customer_54,South,Illinois,New York City,Technology,Phones,217.11,6,105.63
CA-2016-102733,16-04-2018,Customer_251,West,New York,Chicago,Technology,Accessories,921.05,9,141.4
CA-2017-102734,22-08-2016,Customer_119,West,Texas,Miami,Furniture,Bookcases,410.11,9,53.3
CA-2018-102735,12-06-2015,Customer_334,Central,New York,New York City,Office Supplies,Binders,665.6,10,158.22
CA-2015-102736,03-11-2017,Customer_497,East,Florida,Los Angeles,Technology,Phones,331.36,3,-47.73
CA-2016-102737,09-08-2017,Customer_258,West,California,Miami,Office Supplies,Storage,436.75,9,254.37
CA-2017-102738,28-11-2015,Customer_162,South,California,Chicago,Furniture,Chairs,120.16,9,27.04
CA-2018-102739,29-11-2016,Customer_103,South,New York,Houston,Furniture,Bookcases,576.57,5,-72.91
CA-2015-102740,14-10-2016,Customer_480,Central,California,Miami,Technology,Phones,346.4,10,189.58
CA-2016-102741,22-01-2019,Customer_252,South,Florida,Los Angeles,Office Supplies,Storage,47.98,7,-25.53
CA-2017-102742,26-12-2018,Customer_322,Central,Illinois,New York City,Furniture,Tables,60.91,3,153.34
CA-2018-102743,09-04-2015,Customer_121,West,Texas,New York City,Office Supplies,Paper,865.5,1,229.34
CA-2015-102744,17-02-2018,Customer_393,West,Illinois,Houston,Office Supplies,Storage,294.29,2,89.96
CA-2016-102745,09-11-2017,Customer_139,South,Florida,New York City,Office Supplies,Binders,748.69,6,-42.12
CA-2017-102746,14-11-2017,Customer_248,Central,Florida,Chicago,Office Supplies,Binders,157.9,4,223.37
CA-2018-102747,24-04-2016,Customer_428,East,California,Miami,Office Supplies,Binders,24.45,6,-73.33
CA-2015-102748,25-07-2017,Customer_273,East,Texas,Miami,Office Supplies,Storage,709.55,7,221.42
CA-2016-102749,28-01-2017,Customer_40,East,Texas,Los Angeles,Technology,Accessories,903.06,9,-36.16
CA-2017-102750,11-10-2018,Customer_147,East,Florida,Houston,Furniture,Bookcases,119.26,1,98.64
CA-2018-102751,23-03-2018,Customer_83,West,Illinois,Houston,Office Supplies,Paper,808.32,5,257.57
CA-2015-102752,30-10-2016,Customer_389,Central,Illinois,Chicago,Office Supplies,Paper,739.57,9,49.01
CA-2016-102753,16-01-2019,Customer_369,Central,Texas,Chicago,Furniture,Tables,847.93,7,77.73
CA-2017-102754,09-01-2017,Customer_194,West,Texas,Chicago,Technology,Phones,606.89,4,120.52
CA-2018-102755,24-10-2017,Customer_267,West,Texas,Houston,Furniture,Tables,430.91,5,33.49
CA-2015-102756,14-05-2018,Customer_441,Central,Texas,Los Angeles,Furniture,Chairs,364.13,3,287.41
CA-2016-102757,31-10-2015,Customer_16,Central,New York,Los Angeles,Furniture,Tables,471.27,5,-90.89
CA-2017-102758,11-04-2015,Customer_369,East,Illinois,New York City,Furniture,Chairs,703.2,2,243.0
CA-2018-102759,02-03-2018,Customer_297,South,Florida,Chicago,Technology,Copiers,919.5,9,25.14
CA-2015-102760,10-07-2017,Customer_49,East,New York,Los Angeles,Technology,Accessories,948.88,9,236.53
CA-2016-102761,16-08-2015,Customer_247,Central,Florida,Chicago,Technology,Copiers,540.29,8,274.38
CA-2017-102762,26-05-2016,Customer_422,Central,New York,Los Angeles,Office Supplies,Storage,289.96,9,87.3
CA-2018-102763,17-07-2018,Customer_274,East,New York,Miami,Furniture,Chairs,39.77,1,255.84
CA-2015-102764,04-02-2017,Customer_417,South,Florida,Chicago,Technology,Copiers,310.11,4,260.08
CA-2016-102765,02-06-2015,Customer_466,East,New York,Miami,Furniture,Bookcases,556.2,9,191.03
CA-2017-102766,28-08-2016,Customer_483,Central,New York,Chicago,Office Supplies,Storage,898.94,5,250.11
CA-2018-102767,29-12-2016,Customer_288,Central,Texas,Miami,Furniture,Bookcases,334.11,8,289.72
CA-2015-102768,21-04-2017,Customer_62,Central,Florida,Houston,Office Supplies,Binders,244.07,10,190.42
CA-2016-102769,30-12-2018,Customer_346,South,Illinois,Houston,Technology,Phones,870.2,5,210.07
CA-2017-102770,27-05-2017,Customer_8,West,New York,New York City,Furniture,Chairs,255.54,8,272.97
CA-2018-102771,06-11-2018,Customer_240,South,New York,Houston,Technology,Copiers,503.14,10,240.85
CA-2015-102772,15-02-2015,Customer_235,West,California,New York City,Office Supplies,Paper,684.83,5,196.65
CA-2016-102773,25-03-2015,Customer_263,South,Texas,New York City,Office Supplies,Binders,256.9,5,105.19
CA-2017-102774,06-06-2017,Customer_334,South,Illinois,Houston,Technology,Phones,742.51,7,250.65
CA-2018-102775,28-01-2016,Customer_98,Central,Texas,Chicago,Furniture,Tables,258.18,3,-95.6
CA-2015-102776,03-11-2015,Customer_324,South,Texas,Houston,Office Supplies,Storage,983.04,5,-59.83
CA-2016-102777,08-12-2015,Customer_436,Central,Illinois,Houston,Technology,Accessories,365.11,9,122.89
CA-2017-102778,04-02-2015,Customer_249,West,New York,Chicago,Technology,Accessories,725.38,8,-75.06
CA-2018-102779,24-09-2018,Customer_38,South,Florida,Houston,Furniture,Bookcases,624.4,7,263.25
CA-2015-102780,06-01-2016,Customer_148,South,Illinois,Houston,Furniture,Tables,351.23,4,192.72
CA-2016-102781,24-05-2017,Customer_319,South,Texas,Houston,Furniture,Chairs,386.86,2,29.1
CA-2017-102782,11-12-2018,Customer_441,West,California,Houston,Technology,Phones,336.12,7,160.09
CA-2018-102783,25-12-2018,Customer_458,Central,New York,New York City,Technology,Phones,158.81,7,4.33
CA-2015-102784,08-10-2015,Customer_292,West,Illinois,Chicago,Office Supplies,Binders,96.76,3,130.81
CA-2016-102785,04-08-2017,Customer_386,Central,Florida,New York City,Technology,Accessories,324.26,5,129.01
CA-2017-102786,30-06-2017,Customer_350,East,New York,New York City,Furniture,Bookcases,465.84,7,238.31
CA-2018-102787,15-06-2016,Customer_234,East,Florida,New York City,Technology,Accessories,474.79,5,53.43
CA-2015-102788,17-07-2017,Customer_263,West,Illinois,New York City,Technology,Accessories,699.59,4,-96.84
CA-2016-102789,18-07-2018,Customer_229,South,Illinois,Chicago,Furniture,Bookcases,753.86,1,250.79
CA-2017-102790,27-10-2017,Customer_363,South,Illinois,Miami,Office Supplies,Paper,944.07,8,-15.43
CA-2018-102791,21-07-2018,Customer_107,West,New York,Miami,Technology,Phones,884.7,3,287.94
CA-2015-102792,16-10-2017,Customer_245,East,Texas,New York City,Office Supplies,Paper,41.17,8,-3.71
CA-2016-102793,12-06-2016,Customer_33,Central,Florida,Miami,Furniture,Bookcases,541.75,4,5.61
CA-2017-102794,25-10-2015,Customer_57,West,Florida,New York City,Technology,Accessories,831.02,8,279.8
CA-2018-102795,19-11-2015,Customer_15,East,New York,Chicago,Office Supplies,Binders,539.96,3,-53.18
CA-2015-102796,16-11-2015,Customer_208,Central,Illinois,Miami,Furniture,Chairs,865.95,8,-81.74
CA-2016-102797,25-03-2016,Customer_368,South,California,Los Angeles,Technology,Phones,674.92,8,67.89
CA-2017-102798,02-09-2016,Customer_98,East,California,New York City,Furniture,Chairs,589.71,3,173.19
CA-2018-102799,02-12-2016,Customer_69,South,California,Houston,Technology,Copiers,637.56,4,178.14
CA-2015-102800,27-03-2018,Customer_22,South,Florida,Los Angeles,Office Supplies,Storage,958.55,1,70.09
CA-2016-102801,29-09-2018,Customer_45,East,California,Miami,Technology,Accessories,836.27,1,97.67
CA-2017-102802,04-03-2018,Customer_472,West,California,Miami,Office Supplies,Binders,457.69,8,135.88
CA-2018-102803,13-04-2016,Customer_474,West,Texas,New York City,Furniture,Bookcases,13.44,7,229.73
CA-2015-102804,17-02-2018,Customer_287,West,New York,Miami,Technology,Copiers,661.68,2,59.31
CA-2016-102805,26-01-2016,Customer_248,South,Texas,Miami,Office Supplies,Binders,830.14,6,139.82
CA-2017-102806,27-11-2017,Customer_3,West,Florida,Los Angeles,Technology,Accessories,773.58,4,207.86
CA-2018-102807,26-09-2016,Customer_187,Central,New York,Los Angeles,Office Supplies,Paper,548.36,7,-54.6
CA-2015-102808,27-07-2015,Customer_419,Central,Florida,Chicago,Office Supplies,Binders,645.47,7,260.24
CA-2016-102809,24-06-2016,Customer_232,Central,New York,Miami,Furniture,Tables,965.27,5,89.18
CA-2017-102810,09-07-2016,Customer_414,East,Florida,Los Angeles,Office Supplies,Paper,605.71,5,98.12
CA-2018-102811,06-06-2016,Customer_408,West,Illinois,Miami,Office Supplies,Binders,786.92,7,-80.98
CA-2015-102812,11-04-2017,Customer_264,South,New York,New York City,Office Supplies,Storage,962.7,9,260.67
CA-2016-102813,17-04-2015,Customer_229,South,Florida,Los Angeles,Office Supplies,Paper,441.81,2,144.65
CA-2017-102814,13-03-2016,Customer_117,Central,California,Houston,Office Supplies,Paper,94.04,7,40.92
CA-2018-102815,16-07-2017,Customer_449,West,New York,Houston,Office Supplies,Paper,525.36,5,265.6
CA-2015-102816,22-01-2016,Customer_307,West,Texas,Los Angeles,Furniture,Chairs,531.86,6,111.48
CA-2016-102817,26-01-2019,Customer_375,South,California,New York City,Office Supplies,Paper,280.31,6,-71.66
CA-2017-102818,03-02-2018,Customer_311,West,Illinois,Chicago,Technology,Accessories,891.9,5,267.52
CA-2018-102819,13-02-2016,Customer_88,West,Texas,Miami,Furniture,Chairs,396.58,2,-66.76
CA-2015-102820,26-10-2015,Customer_410,South,Texas,Los Angeles,Technology,Copiers,359.35,5,187.19
CA-2016-102821,14-07-2015,Customer_31,West,Texas,Chicago,Technology,Accessories,611.43,6,-91.22
CA-2017-102822,22-08-2018,Customer_41,East,California,Houston,Technology,Accessories,412.35,1,-9.18
CA-2018-102823,17-09-2018,Customer_209,Central,Florida,Los Angeles,Technology,Accessories,852.91,2,209.53
CA-2015-102824,03-07-2016,Customer_381,East,Illinois,Los Angeles,Furniture,Chairs,987.26,1,253.75
CA-2016-102825,26-06-2018,Customer_336,Central,New York,New York City,Furniture,Tables,579.95,8,222.54
CA-2017-102826,06-06-2016,Customer_70,East,New York,Houston,Technology,Copiers,299.91,4,-41.58
CA-2018-102827,09-01-2015,Customer_378,West,Illinois,Chicago,Office Supplies,Paper,422.24,7,116.37
CA-2015-102828,21-09-2015,Customer_278,West,Illinois,New York City,Technology,Phones,96.37,2,174.18
CA-2016-102829,02-10-2017,Customer_152,South,Illinois,Chicago,Furniture,Bookcases,434.5,2,110.12
CA-2017-102830,28-11-2017,Customer_363,South,New York,New York City,Office Supplies,Binders,874.3,9,198.21
CA-2018-102831,08-05-2018,Customer_202,West,Illinois,Miami,Office Supplies,Paper,917.7,10,10.68
CA-2015-102832,26-11-2015,Customer_317,East,Illinois,Los Angeles,Office Supplies,Paper,740.54,9,-27.91
CA-2016-102833,08-01-2015,Customer_464,West,California,Houston,Technology,Phones,360.98,8,195.35
CA-2017-102834,26-10-2018,Customer_310,West,California,Los Angeles,Furniture,Tables,967.5,1,207.77
CA-2018-102835,28-07-2016,Customer_196,West,Texas,New York City,Technology,Accessories,248.49,5,110.12
CA-2015-102836,04-08-2017,Customer_91,Central,California,New York City,Furniture,Bookcases,965.89,5,-25.56
CA-2016-102837,22-11-2016,Customer_462,Central,California,Miami,Furniture,Bookcases,560.36,6,189.08
CA-2017-102838,08-09-2018,Customer_164,South,Florida,New York City,Technology,Accessories,881.2,4,218.38
CA-2018-102839,16-07-2015,Customer_43,Central,Texas,Miami,Technology,Accessories,426.13,8,-99.0
CA-2015-102840,22-03-2015,Customer_185,South,Texas,New York City,Technology,Copiers,493.33,7,204.17
CA-2016-102841,26-07-2018,Customer_46,Central,Florida,Los Angeles,Furniture,Chairs,407.43,9,133.79
CA-2017-102842,26-01-2019,Customer_48,East,New York,New York City,Technology,Phones,346.34,7,252.29
CA-2018-102843,26-11-2017,Customer_188,Central,California,Los Angeles,Furniture,Chairs,450.24,5,-85.81
CA-2015-102844,25-08-2015,Customer_405,East,Texas,Chicago,Technology,Copiers,257.86,1,-56.77
CA-2016-102845,08-12-2015,Customer_106,Central,Florida,Houston,Furniture,Tables,573.29,6,-4.48
CA-2017-102846,29-04-2018,Customer_334,West,Florida,Houston,Furniture,Chairs,141.85,3,239.45
CA-2018-102847,09-01-2018,Customer_444,East,Texas,Chicago,Furniture,Bookcases,250.01,5,188.6
CA-2015-102848,11-11-2017,Customer_268,Central,Illinois,Miami,Technology,Copiers,73.89,7,81.91
CA-2016-102849,23-03-2018,Customer_369,West,Texas,Miami,Technology,Phones,714.12,6,4.84
CA-2017-102850,27-11-2015,Customer_368,East,Texas,Los Angeles,Technology,Phones,217.86,2,94.03
CA-2018-102851,08-11-2018,Customer_125,Central,New York,Houston,Technology,Copiers,476.07,10,-11.42
CA-2015-102852,15-06-2018,Customer_79,Central,California,Houston,Furniture,Bookcases,277.03,3,97.48
CA-2016-102853,11-03-2017,Customer_136,South,Florida,Chicago,Technology,Accessories,594.56,8,-64.11
CA-2017-102854,30-01-2015,Customer_476,East,New York,Miami,Office Supplies,Storage,96.76,5,168.61
CA-2018-102855,11-01-2016,Customer_264,Central,Texas,Houston,Office Supplies,Paper,536.27,5,-92.35
CA-2015-102856,12-04-2017,Customer_24,Central,California,Los Angeles,Technology,Phones,177.02,5,-23.17
CA-2016-102857,20-01-2017,Customer_133,West,California,New York City,Office Supplies,Paper,578.34,6,292.37
CA-2017-102858,23-07-2016,Customer_221,West,Florida,Houston,Furniture,Chairs,408.67,10,37.44
CA-2018-102859,18-01-2017,Customer_242,Central,California,Houston,Office Supplies,Paper,140.07,9,92.98
CA-2015-102860,29-11-2018,Customer_379,East,Illinois,Chicago,Office Supplies,Binders,447.75,10,-28.19
CA-2016-102861,04-11-2017,Customer_69,Central,New York,Los Angeles,Office Supplies,Storage,946.09,8,41.15
CA-2017-102862,15-11-2018,Customer_21,East,Florida,Los Angeles,Office Supplies,Paper,229.46,4,44.83
CA-2018-102863,16-04-2017,Customer_143,South,Illinois,Houston,Technology,Copiers,699.65,5,125.34
CA-2015-102864,25-02-2015,Customer_314,West,Illinois,Los Angeles,Office Supplies,Paper,911.59,10,-94.51
CA-2016-102865,24-11-2015,Customer_171,Central,California,Miami,Office Supplies,Storage,705.68,1,-58.32
CA-2017-102866,14-06-2016,Customer_14,South,Texas,New York City,Office Supplies,Storage,16.84,8,183.49
CA-2018-102867,09-04-2018,Customer_99,South,Texas,New York City,Office Supplies,Paper,919.93,5,133.32
CA-2015-102868,18-01-2015,Customer_219,South,Texas,Houston,Furniture,Chairs,978.88,8,-72.15
CA-2016-102869,07-08-2017,Customer_346,East,California,New York City,Office Supplies,Paper,529.43,1,106.33
CA-2017-102870,27-11-2017,Customer_388,West,Florida,Houston,Furniture,Chairs,740.1,7,66.83
CA-2018-102871,08-05-2017,Customer_63,East,Texas,New York City,Furniture,Chairs,759.79,9,299.95
CA-2015-102872,20-04-2017,Customer_474,Central,California,New York City,Office Supplies,Paper,762.5,5,172.73
CA-2016-102873,03-08-2015,Customer_376,South,California,New York City,Office Supplies,Paper,353.81,10,-89.44
CA-2017-102874,25-12-2018,Customer_373,South,New York,New York City,Technology,Accessories,476.06,5,12.41
CA-2018-102875,17-06-2016,Customer_411,Central,California,Houston,Furniture,Chairs,137.82,4,126.6
CA-2015-102876,05-01-2019,Customer_90,West,California,Miami,Technology,Accessories,489.16,6,281.98
CA-2016-102877,30-05-2016,Customer_423,South,California,Chicago,Furniture,Bookcases,718.03,4,-15.38
CA-2017-102878,06-07-2015,Customer_490,East,Illinois,Los Angeles,Furniture,Bookcases,401.56,7,172.65
CA-2018-102879,01-10-2017,Customer_65,South,Illinois,Miami,Technology,Copiers,606.83,10,115.59
CA-2015-102880,22-01-2015,Customer_93,South,California,New York City,Technology,Copiers,309.01,4,297.7
CA-2016-102881,19-09-2018,Customer_280,South,Florida,Chicago,Office Supplies,Storage,147.36,7,191.19
CA-2017-102882,07-02-2019,Customer_150,South,Illinois,Los Angeles,Office Supplies,Paper,53.08,1,104.18
CA-2018-102883,14-10-2016,Customer_491,Central,Illinois,Chicago,Furniture,Tables,148.14,3,-24.01
CA-2015-102884,26-07-2016,Customer_115,East,Texas,New York City,Technology,Phones,869.71,3,229.21
CA-2016-102885,12-10-2017,Customer_426,West,California,Houston,Furniture,Chairs,121.8,9,52.87
CA-2017-102886,31-07-2017,Customer_437,West,Florida,Miami,Technology,Accessories,586.27,1,51.41
CA-2018-102887,18-09-2018,Customer_67,Central,California,New York City,Furniture,Bookcases,978.71,2,194.66
CA-2015-102888,30-05-2017,Customer_389,West,California,Miami,Technology,Accessories,380.16,2,9.98
CA-2016-102889,20-12-2017,Customer_182,West,Illinois,Los Angeles,Technology,Phones,48.49,3,-23.7
CA-2017-102890,13-04-2016,Customer_460,South,Illinois,New York City,Office Supplies,Binders,742.38,4,153.1
CA-2018-102891,04-06-2015,Customer_63,South,Florida,Houston,Technology,Accessories,698.76,7,-36.42
CA-2015-102892,09-02-2018,Customer_126,West,Florida,Miami,Furniture,Chairs,480.07,2,78.41
CA-2016-102893,12-11-2017,Customer_147,East,California,Chicago,Technology,Copiers,576.15,9,-81.9
CA-2017-102894,26-01-2019,Customer_151,Central,California,Los Angeles,Office Supplies,Storage,819.46,1,-56.67
CA-2018-102895,16-07-2018,Customer_172,Central,New York,Chicago,Office Supplies,Paper,17.82,10,24.86
CA-2015-102896,22-07-2018,Customer_456,South,New York,Los Angeles,Furniture,Tables,446.14,8,-81.74
CA-2016-102897,28-03-2017,Customer_352,West,California,Miami,Furniture,Bookcases,25.38,1,143.19
CA-2017-102898,23-01-2015,Customer_262,South,Illinois,Chicago,Office Supplies,Storage,612.86,1,134.57
CA-2018-102899,09-02-2019,Customer_11,South,Texas,Miami,Office Supplies,Paper,72.2,4,214.79
CA-2015-102900,21-01-2015,Customer_197,West,California,Chicago,Furniture,Chairs,536.4,10,208.22
CA-2016-102901,17-03-2016,Customer_273,West,Texas,Los Angeles,Technology,Copiers,817.54,2,136.57
CA-2017-102902,13-03-2015,Customer_376,South,Illinois,Miami,Furniture,Bookcases,480.51,10,76.92
CA-2018-102903,12-04-2015,Customer_437,East,New York,Miami,Furniture,Chairs,312.48,3,70.96
CA-2015-102904,11-10-2016,Customer_192,South,California,New York City,Technology,Copiers,131.42,1,261.49
CA-2016-102905,13-09-2018,Customer_403,West,Illinois,New York City,Office Supplies,Binders,580.24,5,33.27
CA-2017-102906,17-03-2018,Customer_308,West,New York,Los Angeles,Office Supplies,Paper,488.32,2,139.17
CA-2018-102907,01-03-2017,Customer_66,West,Texas,New York City,Technology,Phones,289.98,7,244.5
CA-2015-102908,07-11-2016,Customer_223,West,California,New York City,Furniture,Bookcases,754.56,2,6.94
CA-2016-102909,05-02-2018,Customer_266,East,Florida,Los Angeles,Technology,Accessories,565.16,1,224.42
CA-2017-102910,08-08-2015,Customer_259,East,Florida,Miami,Technology,Phones,138.2,4,-73.76
CA-2018-102911,09-08-2015,Customer_229,West,Texas,Los Angeles,Furniture,Bookcases,997.76,1,125.26
CA-2015-102912,06-04-2017,Customer_445,South,Illinois,Houston,Furniture,Chairs,67.76,7,155.4
CA-2016-102913,29-06-2018,Customer_162,East,Illinois,New York City,Furniture,Bookcases,113.77,5,-23.59
CA-2017-102914,16-12-2015,Customer_375,East,Texas,New York City,Furniture,Bookcases,709.87,6,-77.58
CA-2018-102915,04-08-2018,Customer_410,West,California,Miami,Office Supplies,Storage,376.68,4,168.43
CA-2015-102916,22-03-2015,Customer_46,Central,New York,Miami,Furniture,Tables,760.18,2,171.36
CA-2016-102917,03-11-2017,Customer_50,East,Texas,Houston,Technology,Phones,323.98,7,166.84
CA-2017-102918,31-12-2017,Customer_192,East,California,New York City,Technology,Copiers,975.35,6,276.18
CA-2018-102919,22-12-2018,Customer_358,South,California,Miami,Office Supplies,Paper,769.19,1,-98.64
CA-2015-102920,14-05-2018,Customer_144,East,Illinois,New York City,Technology,Accessories,685.61,7,21.94
CA-2016-102921,06-08-2017,Customer_129,West,Florida,Chicago,Technology,Copiers,467.21,9,-85.02
CA-2017-102922,25-06-2016,Customer_339,Central,New York,Miami,Technology,Copiers,630.25,8,104.28
CA-2018-102923,19-10-2017,Customer_421,South,California,Chicago,Technology,Copiers,397.49,7,-12.43
CA-2015-102924,12-11-2018,Customer_383,West,Illinois,Los Angeles,Office Supplies,Storage,106.63,6,-19.09
CA-2016-102925,17-10-2018,Customer_327,South,Florida,Houston,Furniture,Tables,927.66,8,203.95
CA-2017-102926,19-10-2016,Customer_195,Central,New York,Houston,Technology,Phones,366.38,5,23.9
CA-2018-102927,18-04-2016,Customer_310,Central,New York,New York City,Office Supplies,Storage,924.39,4,-55.58
CA-2015-102928,16-02-2017,Customer_102,South,California,Los Angeles,Office Supplies,Binders,990.09,2,282.79
CA-2016-102929,31-01-2017,Customer_315,West,California,Miami,Office Supplies,Storage,312.84,7,-87.94
CA-2017-102930,03-11-2017,Customer_357,South,Illinois,Los Angeles,Office Supplies,Storage,418.24,4,3.27
CA-2018-102931,05-10-2018,Customer_345,South,California,Los Angeles,Technology,Copiers,270.21,1,-81.01
CA-2015-102932,19-10-2018,Customer_312,South,Texas,Los Angeles,Furniture,Chairs,149.31,1,55.07
CA-2016-102933,13-08-2018,Customer_115,East,New York,New York City,Office Supplies,Paper,848.84,9,40.38
CA-2017-102934,11-07-2018,Customer_6,West,New York,Houston,Technology,Phones,116.93,3,118.23
CA-2018-102935,21-06-2015,Customer_499,Central,Illinois,Houston,Office Supplies,Paper,67.36,5,104.32
CA-2015-102936,28-11-2016,Customer_65,West,New York,Houston,Furniture,Chairs,183.65,8,-40.13
CA-2016-102937,04-07-2017,Customer_50,Central,Texas,New York City,Office Supplies,Paper,758.18,3,-15.73
CA-2017-102938,03-02-2015,Customer_436,East,Florida,Miami,Furniture,Bookcases,807.97,9,164.1
CA-2018-102939,21-04-2018,Customer_14,Central,California,New York City,Furniture,Tables,63.69,8,43.46
CA-2015-102940,19-10-2018,Customer_207,East,New York,Houston,Office Supplies,Storage,891.53,3,111.59
CA-2016-102941,02-04-2017,Customer_223,South,Texas,Chicago,Furniture,Bookcases,720.8,10,-18.24
CA-2017-102942,23-07-2016,Customer_326,East,Florida,Houston,Furniture,Tables,171.85,2,139.73
CA-2018-102943,20-03-2017,Customer_141,East,Texas,Houston,Furniture,Bookcases,526.82,3,104.46
CA-2015-102944,25-07-2015,Customer_65,East,Illinois,Miami,Furniture,Chairs,698.98,2,-39.91
CA-2016-102945,10-05-2018,Customer_239,South,California,Miami,Furniture,Bookcases,610.12,10,21.64
CA-2017-102946,12-02-2018,Customer_31,West,Florida,Miami,Technology,Copiers,76.61,4,143.01
CA-2018-102947,30-08-2016,Customer_290,Central,California,New York City,Furniture,Bookcases,875.17,8,9.19
CA-2015-102948,13-01-2015,Customer_152,West,New York,Miami,Furniture,Tables,22.47,7,-92.64
CA-2016-102949,20-05-2016,Customer_166,South,Florida,Miami,Furniture,Tables,274.37,10,231.78
CA-2017-102950,08-12-2017,Customer_467,West,Illinois,Chicago,Furniture,Bookcases,157.88,10,295.27
CA-2018-102951,25-02-2018,Customer_169,Central,New York,Chicago,Furniture,Chairs,651.32,8,288.17
CA-2015-102952,05-04-2018,Customer_344,East,Florida,New York City,Office Supplies,Binders,596.52,2,234.3
CA-2016-102953,30-06-2017,Customer_142,Central,California,Chicago,Office Supplies,Binders,867.81,1,194.61
CA-2017-102954,08-01-2019,Customer_309,Central,Illinois,Miami,Furniture,Bookcases,675.07,2,290.73
CA-2018-102955,28-12-2017,Customer_91,Central,California,New York City,Office Supplies,Paper,97.08,9,-91.2
CA-2015-102956,21-08-2016,Customer_58,West,California,New York City,Technology,Copiers,116.07,4,49.21
CA-2016-102957,09-04-2018,Customer_187,South,New York,Chicago,Office Supplies,Binders,809.09,6,127.53
CA-2017-102958,17-01-2019,Customer_254,South,Florida,Houston,Furniture,Bookcases,361.49,4,103.53
CA-2018-102959,27-11-2018,Customer_28,West,California,Miami,Furniture,Bookcases,823.3,9,-68.23
CA-2015-102960,06-10-2017,Customer_65,Central,Florida,Houston,Office Supplies,Storage,768.81,6,-9.98
CA-2016-102961,05-07-2017,Customer_329,South,California,New York City,Office Supplies,Storage,240.65,6,89.82
CA-2017-102962,10-07-2017,Customer_243,Central,California,Chicago,Furniture,Chairs,119.84,9,-27.24
CA-2018-102963,16-03-2016,Customer_227,East,California,Chicago,Office Supplies,Paper,285.31,9,246.85
CA-2015-102964,26-05-2016,Customer_175,Central,California,Miami,Technology,Accessories,149.27,6,-59.73
CA-2016-102965,23-05-2015,Customer_177,West,Illinois,Miami,Furniture,Chairs,809.41,5,80.6
CA-2017-102966,11-02-2017,Customer_94,South,New York,New York City,Furniture,Tables,499.78,3,272.09
CA-2018-102967,23-07-2016,Customer_358,South,Florida,Miami,Furniture,Tables,375.18,6,271.54
CA-2015-102968,29-07-2015,Customer_119,Central,New York,Houston,Furniture,Chairs,54.97,9,220.63
CA-2016-102969,14-11-2017,Customer_314,East,Texas,Houston,Technology,Phones,613.99,8,-30.92
CA-2017-102970,26-10-2015,Customer_369,East,Texas,New York City,Technology,Accessories,802.55,10,115.96
CA-2018-102971,19-04-2015,Customer_253,Central,Florida,Los Angeles,Technology,Copiers,775.86,9,3.98
CA-2015-102972,07-07-2015,Customer_426,South,Florida,Los Angeles,Furniture,Tables,656.23,9,-37.7
CA-2016-102973,26-04-2018,Customer_144,East,Texas,New York City,Technology,Phones,604.34,1,-94.33
CA-2017-102974,03-05-2016,Customer_31,South,California,New York City,Office Supplies,Storage,797.57,2,280.51
CA-2018-102975,14-04-2015,Customer_241,Central,Florida,Houston,Furniture,Chairs,969.69,4,257.81
CA-2015-102976,18-06-2017,Customer_378,South,Illinois,Houston,Technology,Copiers,237.43,4,75.32
CA-2016-102977,21-07-2018,Customer_441,South,California,Houston,Furniture,Tables,164.1,5,151.41
CA-2017-102978,22-01-2018,Customer_158,East,Illinois,Miami,Technology,Accessories,934.43,2,162.68
CA-2018-102979,20-03-2015,Customer_41,East,Texas,Chicago,Technology,Phones,582.4,5,276.89
CA-2015-102980,06-03-2015,Customer_53,Central,New York,Houston,Furniture,Bookcases,432.01,10,242.35
CA-2016-102981,22-05-2017,Customer_237,East,Illinois,Chicago,Office Supplies,Paper,998.92,4,-84.97
CA-2017-102982,20-03-2016,Customer_445,South,Florida,Los Angeles,Furniture,Bookcases,930.97,10,161.04
CA-2018-102983,24-03-2017,Customer_31,South,New York,Chicago,Technology,Copiers,571.1,1,-18.65
CA-2015-102984,16-02-2015,Customer_175,South,New York,Miami,Office Supplies,Paper,285.89,8,131.86
CA-2016-102985,30-08-2017,Customer_394,Central,California,New York City,Technology,Copiers,224.66,1,195.26
CA-2017-102986,09-03-2016,Customer_227,Central,New York,Miami,Furniture,Chairs,203.91,1,-46.71
CA-2018-102987,15-09-2015,Customer_217,East,Illinois,New York City,Technology,Accessories,83.82,7,115.62
CA-2015-102988,18-08-2018,Customer_182,West,New York,New York City,Office Supplies,Binders,220.03,7,-35.74
CA-2016-102989,05-07-2016,Customer_146,South,Illinois,Miami,Technology,Copiers,390.17,3,205.24
CA-2017-102990,23-09-2015,Customer_483,West,Florida,Houston,Office Supplies,Paper,745.31,1,-8.28
CA-2018-102991,18-07-2018,Customer_342,West,New York,Houston,Technology,Phones,76.49,4,197.72
CA-2015-102992,14-10-2016,Customer_201,South,New York,Houston,Furniture,Tables,495.62,2,92.31
CA-2016-102993,22-05-2016,Customer_336,Central,Texas,Houston,Technology,Phones,230.15,5,-96.14
CA-2017-102994,28-11-2016,Customer_417,Central,Illinois,Los Angeles,Furniture,Bookcases,396.39,8,-14.65
CA-2018-102995,18-09-2018,Customer_104,South,Florida,New York City,Office Supplies,Storage,469.5,6,-55.37
CA-2015-102996,30-01-2017,Customer_83,South,Florida,Houston,Furniture,Tables,773.8,2,285.13
CA-2016-102997,17-11-2016,Customer_340,East,Florida,Miami,Furniture,Bookcases,124.18,8,-28.26
CA-2017-102998,12-10-2015,Customer_86,West,Texas,New York City,Furniture,Tables,550.47,2,250.77
CA-2018-102999,22-08-2016,Customer_10,East,Illinois,Miami,Furniture,Tables,264.88,2,114.16
CA-2015-103000,28-05-2016,Customer_174,Central,California,Los Angeles,Furniture,Bookcases,108.08,6,121.5
CA-2016-103001,05-09-2018,Customer_243,South,Florida,New York City,Office Supplies,Storage,707.09,6,29.59
CA-2017-103002,31-01-2019,Customer_180,West,Texas,Miami,Furniture,Chairs,74.96,10,-77.01
CA-2018-103003,26-08-2017,Customer_231,Central,Illinois,New York City,Office Supplies,Paper,914.48,7,-70.49
CA-2015-103004,25-06-2018,Customer_80,South,Texas,Los Angeles,Office Supplies,Binders,673.94,5,193.2
CA-2016-103005,24-08-2017,Customer_276,South,New York,Miami,Furniture,Bookcases,802.94,4,-45.57
CA-2017-103006,06-06-2016,Customer_228,West,New York,Miami,Office Supplies,Paper,339.63,9,153.06
CA-2018-103007,15-07-2018,Customer_322,East,California,Los Angeles,Office Supplies,Paper,181.96,5,226.13
CA-2015-103008,12-04-2018,Customer_237,East,Florida,Los Angeles,Office Supplies,Storage,271.58,4,202.61
CA-2016-103009,18-07-2018,Customer_204,Central,Texas,Houston,Technology,Accessories,810.53,7,121.62
CA-2017-103010,04-09-2018,Customer_456,Central,Florida,Houston,Technology,Copiers,595.37,1,-26.05
CA-2018-103011,12-08-2017,Customer_240,Central,California,Miami,Furniture,Bookcases,706.81,5,25.94
CA-2015-103012,02-06-2017,Customer_374,South,Florida,Los Angeles,Furniture,Chairs,958.16,5,229.02
CA-2016-103013,18-12-2017,Customer_26,West,Illinois,Houston,Office Supplies,Paper,679.53,4,74.34
CA-2017-103014,30-04-2015,Customer_187,West,California,Los Angeles,Office Supplies,Storage,152.97,4,-47.37
CA-2018-103015,17-03-2016,Customer_458,South,New York,Los Angeles,Office Supplies,Binders,948.34,7,-50.33
CA-2015-103016,22-04-2015,Customer_310,Central,Florida,Miami,Technology,Phones,841.73,4,93.05
CA-2016-103017,09-09-2016,Customer_244,West,Texas,New York City,Technology,Copiers,102.52,6,252.84
CA-2017-103018,25-06-2018,Customer_81,South,California,Los Angeles,Technology,Copiers,133.29,7,151.62
CA-2018-103019,11-04-2017,Customer_140,East,Illinois,New York City,Office Supplies,Storage,28.39,2,-56.28
CA-2015-103020,13-07-2015,Customer_319,West,Texas,Houston,Office Supplies,Paper,217.51,5,116.1
CA-2016-103021,09-09-2018,Customer_500,South,New York,Chicago,Office Supplies,Binders,330.59,9,-12.97
CA-2017-103022,02-10-2016,Customer_199,Central,California,Miami,Technology,Phones,539.49,7,34.73
CA-2018-103023,07-05-2017,Customer_342,Central,New York,Los Angeles,Technology,Accessories,954.72,4,-83.81
CA-2015-103024,15-12-2018,Customer_66,East,Texas,Miami,Office Supplies,Binders,160.69,3,-31.37
CA-2016-103025,30-06-2016,Customer_421,South,Illinois,New York City,Office Supplies,Storage,264.75,6,224.51
CA-2017-103026,08-08-2015,Customer_491,East,Illinois,Los Angeles,Furniture,Chairs,48.32,3,48.22
CA-2018-103027,22-11-2016,Customer_114,Central,California,Houston,Furniture,Chairs,343.96,9,160.64
CA-2015-103028,20-01-2015,Customer_10,West,New York,Chicago,Technology,Accessories,465.41,9,-87.76
CA-2016-103029,30-12-2017,Customer_173,East,Illinois,Miami,Furniture,Tables,30.75,1,-60.31
CA-2017-103030,23-04-2018,Customer_496,South,California,Los Angeles,Technology,Copiers,44.14,2,133.15
CA-2018-103031,15-04-2017,Customer_152,Central,New York,Los Angeles,Office Supplies,Paper,97.06,6,161.71
CA-2015-103032,08-01-2017,Customer_109,South,New York,Chicago,Office Supplies,Storage,214.5,7,33.03
CA-2016-103033,13-08-2016,Customer_71,East,Illinois,Houston,Furniture,Tables,246.63,2,290.19
CA-2017-103034,12-07-2016,Customer_72,South,New York,New York City,Office Supplies,Binders,447.37,7,291.57
CA-2018-103035,25-12-2018,Customer_248,Central,Illinois,Chicago,Technology,Phones,644.31,10,-39.76
CA-2015-103036,10-11-2016,Customer_440,West,Illinois,Chicago,Furniture,Tables,859.14,5,-16.62
CA-2016-103037,29-01-2017,Customer_262,South,New York,Chicago,Office Supplies,Binders,431.28,4,-43.58
CA-2017-103038,27-06-2018,Customer_145,Central,Florida,New York City,Furniture,Tables,591.28,6,228.65
CA-2018-103039,15-08-2017,Customer_410,East,Illinois,Houston,Furniture,Bookcases,912.45,2,227.32
CA-2015-103040,03-07-2018,Customer_340,West,Illinois,New York City,Furniture,Bookcases,441.49,5,99.65
CA-2016-103041,15-10-2017,Customer_28,South,Texas,Houston,Office Supplies,Binders,521.52,3,-80.7
CA-2017-103042,05-09-2016,Customer_5,East,California,Miami,Furniture,Tables,321.43,9,230.94
CA-2018-103043,11-07-2018,Customer_52,West,Florida,New York City,Furniture,Bookcases,136.02,9,9.65
CA-2015-103044,15-01-2019,Customer_111,South,Florida,Chicago,Office Supplies,Paper,915.77,5,158.15
CA-2016-103045,23-03-2016,Customer_187,East,California,Los Angeles,Furniture,Tables,715.49,1,-42.4
CA-2017-103046,16-07-2017,Customer_63,South,Illinois,Los Angeles,Furniture,Chairs,815.5,4,-69.21
CA-2018-103047,13-05-2015,Customer_38,West,New York,Miami,Technology,Phones,182.5,7,199.6
CA-2015-103048,11-10-2015,Customer_385,East,New York,Chicago,Furniture,Bookcases,132.96,7,298.84
CA-2016-103049,17-05-2015,Customer_400,South,California,Los Angeles,Furniture,Tables,506.46,10,161.28
CA-2017-103050,16-12-2016,Customer_33,South,Florida,Houston,Furniture,Bookcases,364.0,4,44.38
CA-2018-103051,17-04-2016,Customer_253,Central,New York,Houston,Furniture,Tables,432.32,8,-14.8
CA-2015-103052,09-07-2018,Customer_312,Central,California,Los Angeles,Office Supplies,Paper,969.68,10,256.84
CA-2016-103053,15-06-2016,Customer_232,West,Illinois,New York City,Office Supplies,Binders,151.23,10,126.62
CA-2017-103054,22-03-2018,Customer_176,West,Florida,Miami,Technology,Copiers,414.17,10,-96.19
CA-2018-103055,19-11-2018,Customer_208,South,Florida,Houston,Technology,Accessories,375.89,2,297.57
CA-2015-103056,23-01-2018,Customer_83,Central,Illinois,New York City,Technology,Accessories,923.86,7,201.61
CA-2016-103057,31-12-2017,Customer_250,South,New York,Miami,Office Supplies,Storage,779.38,2,-13.91
CA-2017-103058,11-07-2016,Customer_104,West,Texas,Miami,Office Supplies,Paper,251.69,3,280.39
CA-2018-103059,22-09-2017,Customer_279,East,New York,New York City,Furniture,Tables,103.55,9,198.04
CA-2015-103060,12-02-2018,Customer_106,South,New York,Miami,Furniture,Chairs,289.37,1,-27.23
CA-2016-103061,15-08-2016,Customer_379,West,Illinois,Houston,Office Supplies,Binders,237.12,9,50.65
CA-2017-103062,07-07-2016,Customer_467,South,Illinois,Houston,Technology,Copiers,294.26,9,268.89
CA-2018-103063,09-08-2015,Customer_481,South,New York,Chicago,Office Supplies,Binders,364.01,1,-28.29
CA-2015-103064,24-09-2018,Customer_302,Central,New York,Los Angeles,Furniture,Bookcases,13.03,6,199.08
CA-2016-103065,18-10-2018,Customer_468,Central,Florida,Houston,Office Supplies,Binders,619.38,7,-8.26
CA-2017-103066,23-01-2015,Customer_345,South,Texas,Chicago,Office Supplies,Paper,561.54,9,-30.69
CA-2018-103067,16-06-2018,Customer_446,East,California,Houston,Office Supplies,Storage,589.74,9,194.72
CA-2015-103068,11-10-2015,Customer_159,West,New York,Los Angeles,Technology,Copiers,913.55,4,25.78
CA-2016-103069,15-10-2015,Customer_244,West,New York,Miami,Furniture,Chairs,466.02,7,260.27
CA-2017-103070,29-01-2017,Customer_178,East,Illinois,Houston,Technology,Phones,930.01,5,100.34
CA-2018-103071,05-10-2017,Customer_339,East,Texas,Los Angeles,Furniture,Tables,173.91,2,204.07
CA-2015-103072,17-10-2016,Customer_413,South,California,New York City,Office Supplies,Storage,117.32,7,115.32
CA-2016-103073,22-09-2018,Customer_448,West,Florida,New York City,Furniture,Bookcases,598.47,6,58.19
CA-2017-103074,19-10-2016,Customer_362,East,California,New York City,Technology,Phones,968.14,2,290.03
CA-2018-103075,17-04-2015,Customer_297,East,California,Miami,Technology,Copiers,911.21,6,229.84
CA-2015-103076,06-09-2017,Customer_436,West,Illinois,New York City,Technology,Phones,719.72,10,88.47
CA-2016-103077,26-08-2017,Customer_412,South,Texas,Miami,Technology,Copiers,183.92,7,2.76
CA-2017-103078,12-02-2017,Customer_347,South,Florida,Miami,Office Supplies,Storage,900.4,2,275.96
CA-2018-103079,30-08-2016,Customer_223,West,Florida,Los Angeles,Office Supplies,Paper,692.56,2,193.3
CA-2015-103080,11-10-2017,Customer_36,East,Illinois,Houston,Furniture,Chairs,930.24,2,-16.15
CA-2016-103081,07-04-2016,Customer_461,Central,Florida,Miami,Office Supplies,Paper,699.5,3,288.53
CA-2017-103082,01-01-2016,Customer_175,West,Texas,Chicago,Office Supplies,Storage,961.08,7,198.87
CA-2018-103083,07-12-2017,Customer_414,West,Texas,New York City,Office Supplies,Storage,187.26,2,99.17
CA-2015-103084,06-08-2018,Customer_23,East,California,Miami,Office Supplies,Binders,627.91,5,122.32
CA-2016-103085,01-04-2016,Customer_453,East,New York,Los Angeles,Furniture,Tables,836.97,1,106.41
CA-2017-103086,11-12-2018,Customer_286,Central,Texas,Chicago,Furniture,Tables,704.53,9,9.34
CA-2018-103087,05-03-2017,Customer_242,East,California,Miami,Technology,Accessories,425.87,3,34.89
CA-2015-103088,16-11-2018,Customer_137,East,New York,Miami,Office Supplies,Storage,338.18,10,264.14
CA-2016-103089,05-12-2018,Customer_87,East,Florida,New York City,Technology,Accessories,718.18,2,293.87
CA-2017-103090,17-05-2015,Customer_208,East,Texas,Houston,Office Supplies,Storage,622.69,4,-77.89
CA-2018-103091,19-01-2015,Customer_179,South,Illinois,Los Angeles,Technology,Phones,814.43,9,235.95
CA-2015-103092,15-07-2015,Customer_437,Central,California,Los Angeles,Furniture,Bookcases,543.74,1,177.91
CA-2016-103093,20-12-2015,Customer_466,South,Texas,Los Angeles,Technology,Copiers,291.76,5,-25.47
CA-2017-103094,04-04-2018,Customer_232,Central,Texas,Chicago,Furniture,Bookcases,590.0,1,143.25
CA-2018-103095,23-07-2015,Customer_94,Central,Illinois,Chicago,Technology,Accessories,924.47,1,159.39
CA-2015-103096,22-04-2016,Customer_174,South,Florida,New York City,Office Supplies,Binders,267.22,9,154.42
CA-2016-103097,27-04-2016,Customer_209,Central,California,Los Angeles,Office Supplies,Binders,792.23,3,260.49
CA-2017-103098,25-05-2016,Customer_404,Central,Florida,New York City,Office Supplies,Paper,598.99,5,119.77
CA-2018-103099,27-07-2018,Customer_440,East,New York,Los Angeles,Furniture,Bookcases,441.28,3,-59.23
CA-2015-103100,18-05-2017,Customer_395,East,New York,New York City,Furniture,Chairs,462.4,3,124.85
CA-2016-103101,14-12-2017,Customer_393,East,New York,New York City,Office Supplies,Paper,637.69,2,157.35
CA-2017-103102,15-05-2015,Customer_51,South,Texas,Miami,Technology,Accessories,86.24,9,131.89
CA-2018-103103,18-12-2016,Customer_284,West,California,Miami,Technology,Copiers,902.94,7,76.55
CA-2015-103104,03-01-2015,Customer_100,West,California,Los Angeles,Technology,Copiers,941.83,7,17.87
CA-2016-103105,08-06-2015,Customer_355,Central,Florida,New York City,Furniture,Bookcases,483.77,4,-4.33
CA-2017-103106,26-05-2015,Customer_83,East,California,New York City,Technology,Phones,542.06,3,161.56
CA-2018-103107,31-05-2018,Customer_138,South,Florida,Houston,Furniture,Chairs,378.9,8,296.19
CA-2015-103108,15-12-2015,Customer_157,Central,California,Miami,Furniture,Chairs,710.47,5,119.99
CA-2016-103109,08-05-2018,Customer_460,Central,New York,New York City,Furniture,Bookcases,219.31,3,227.2
CA-2017-103110,19-04-2016,Customer_297,Central,New York,New York City,Office Supplies,Binders,787.08,5,213.53
CA-2018-103111,27-03-2015,Customer_482,East,Illinois,Los Angeles,Office Supplies,Binders,138.87,5,282.19
CA-2015-103112,01-04-2016,Customer_181,South,Florida,Los Angeles,Technology,Copiers,307.42,5,-5.91
CA-2016-103113,21-08-2017,Customer_147,West,New York,Miami,Technology,Copiers,621.64,6,120.53
CA-2017-103114,03-11-2016,Customer_403,West,California,Houston,Furniture,Chairs,258.45,8,-24.56
CA-2018-103115,23-04-2018,Customer_83,East,Illinois,Miami,Office Supplies,Binders,796.45,9,-98.7
CA-2015-103116,24-06-2018,Customer_96,East,California,Houston,Furniture,Chairs,790.84,3,-4.59
CA-2016-103117,30-06-2018,Customer_426,South,California,Los Angeles,Furniture,Chairs,297.61,5,-82.27
CA-2017-103118,12-06-2018,Customer_276,Central,New York,New York City,Technology,Phones,260.0,7,109.98
CA-2018-103119,04-06-2017,Customer_234,Central,Texas,Los Angeles,Technology,Accessories,260.31,2,128.46
CA-2015-103120,25-04-2015,Customer_430,West,New York,Miami,Furniture,Chairs,752.84,7,-44.76
CA-2016-103121,22-01-2019,Customer_389,South,California,Chicago,Office Supplies,Paper,781.42,10,187.75
CA-2017-103122,10-04-2018,Customer_146,Central,New York,Houston,Technology,Phones,128.15,5,79.19
CA-2018-103123,26-09-2017,Customer_324,South,Texas,Chicago,Office Supplies,Storage,822.91,2,-3.47
CA-2015-103124,07-11-2015,Customer_259,East,Texas,Miami,Technology,Phones,589.6,9,145.98
CA-2016-103125,23-04-2018,Customer_83,East,Florida,Los Angeles,Furniture,Chairs,645.73,10,0.26
CA-2017-103126,27-08-2015,Customer_416,Central,Texas,Miami,Furniture,Bookcases,433.18,10,128.93
CA-2018-103127,30-05-2016,Customer_420,West,Illinois,Chicago,Technology,Phones,312.52,2,-95.74
CA-2015-103128,08-06-2018,Customer_236,South,Florida,Houston,Furniture,Bookcases,624.43,3,229.84
CA-2016-103129,20-10-2015,Customer_87,East,Texas,New York City,Furniture,Tables,813.06,4,172.77
CA-2017-103130,25-09-2017,Customer_360,Central,Texas,New York City,Furniture,Chairs,99.69,2,212.68
CA-2018-103131,26-12-2017,Customer_196,West,New York,Los Angeles,Office Supplies,Binders,439.81,10,105.74
CA-2015-103132,15-11-2015,Customer_489,West,California,Houston,Office Supplies,Binders,549.03,7,10.01
CA-2016-103133,14-02-2018,Customer_177,South,Florida,Chicago,Office Supplies,Binders,180.19,1,-39.98
CA-2017-103134,11-01-2018,Customer_487,West,Illinois,Los Angeles,Furniture,Chairs,614.58,2,46.56
CA-2018-103135,27-09-2017,Customer_448,Central,New York,Chicago,Furniture,Tables,370.51,3,254.64
CA-2015-103136,01-04-2018,Customer_80,Central,Texas,Los Angeles,Technology,Phones,660.77,6,116.55
CA-2016-103137,14-07-2015,Customer_201,Central,New York,Los Angeles,Office Supplies,Binders,775.41,2,-53.49
CA-2017-103138,24-08-2016,Customer_422,South,Florida,Los Angeles,Office Supplies,Storage,126.13,2,-81.82
CA-2018-103139,09-08-2016,Customer_112,Central,California,Chicago,Furniture,Chairs,686.37,3,182.53
CA-2015-103140,24-06-2015,Customer_69,East,California,Los Angeles,Furniture,Tables,202.68,1,-78.66
CA-2016-103141,22-02-2016,Customer_137,West,New York,Houston,Furniture,Chairs,386.77,3,-94.98
CA-2017-103142,24-03-2016,Customer_263,West,Texas,Miami,Office Supplies,Paper,566.48,9,-57.83
CA-2018-103143,27-10-2015,Customer_428,West,Florida,Miami,Technology,Phones,915.69,1,-61.97
CA-2015-103144,26-01-2019,Customer_477,West,Illinois,Miami,Office Supplies,Binders,640.61,4,64.74
CA-2016-103145,10-02-2017,Customer_251,East,Florida,Miami,Furniture,Tables,790.11,9,245.45
CA-2017-103146,29-06-2018,Customer_316,West,Texas,Miami,Furniture,Bookcases,82.89,9,69.47
CA-2018-103147,04-11-2015,Customer_340,South,Illinois,Miami,Office Supplies,Storage,681.08,2,290.04
CA-2015-103148,31-08-2016,Customer_348,South,California,New York City,Furniture,Bookcases,693.69,6,-93.76
CA-2016-103149,11-09-2018,Customer_414,West,California,New York City,Office Supplies,Storage,453.19,5,207.22
CA-2017-103150,31-05-2015,Customer_287,West,California,Miami,Furniture,Chairs,978.6,8,156.86
CA-2018-103151,07-01-2018,Customer_401,South,Florida,Los Angeles,Office Supplies,Storage,97.73,7,145.19
CA-2015-103152,14-04-2018,Customer_141,West,California,Los Angeles,Technology,Copiers,144.27,1,19.7
CA-2016-103153,03-08-2015,Customer_107,South,California,Chicago,Technology,Phones,727.76,2,168.1
CA-2017-103154,17-03-2017,Customer_112,South,California,Houston,Technology,Copiers,210.92,10,194.27
CA-2018-103155,19-10-2018,Customer_323,East,Illinois,Los Angeles,Technology,Accessories,235.62,2,237.22
CA-2015-103156,15-09-2016,Customer_90,Central,Illinois,Chicago,Furniture,Bookcases,173.17,6,212.54
CA-2016-103157,11-02-2018,Customer_348,South,Texas,New York City,Office Supplies,Binders,839.9,6,-77.52
CA-2017-103158,09-07-2017,Customer_328,East,California,Los Angeles,Office Supplies,Paper,73.41,6,5.83
CA-2018-103159,20-04-2017,Customer_343,South,Texas,New York City,Furniture,Tables,509.71,5,152.01
CA-2015-103160,14-03-2015,Customer_118,Central,Texas,New York City,Technology,Accessories,833.08,4,47.73
CA-2016-103161,12-05-2018,Customer_110,West,Illinois,Chicago,Technology,Copiers,125.33,4,-17.24
CA-2017-103162,07-07-2015,Customer_110,South,Illinois,Los Angeles,Office Supplies,Storage,474.33,10,296.44
CA-2018-103163,23-11-2018,Customer_260,East,Texas,Miami,Technology,Accessories,343.16,10,169.5
CA-2015-103164,27-01-2017,Customer_369,East,Texas,Miami,Furniture,Chairs,253.41,4,122.48
CA-2016-103165,16-03-2017,Customer_140,South,California,Houston,Technology,Accessories,795.27,8,-74.27
CA-2017-103166,19-11-2018,Customer_117,South,Florida,Miami,Office Supplies,Storage,277.22,10,13.05
CA-2018-103167,30-03-2018,Customer_493,Central,Florida,Miami,Furniture,Bookcases,895.47,8,17.09
CA-2015-103168,29-08-2016,Customer_406,South,Florida,New York City,Technology,Copiers,236.04,2,-81.18
CA-2016-103169,25-01-2016,Customer_446,Central,Texas,New York City,Technology,Accessories,565.9,1,215.41
CA-2017-103170,28-08-2016,Customer_108,East,Illinois,Chicago,Furniture,Chairs,674.71,6,128.83
CA-2018-103171,23-01-2016,Customer_87,West,Illinois,Chicago,Office Supplies,Paper,36.96,10,93.85
CA-2015-103172,19-12-2018,Customer_355,East,New York,Houston,Technology,Copiers,43.5,5,-26.03
CA-2016-103173,21-04-2018,Customer_56,Central,Florida,Los Angeles,Technology,Phones,762.9,3,-71.73
CA-2017-103174,19-10-2015,Customer_65,East,Texas,Los Angeles,Furniture,Bookcases,931.4,6,269.71
CA-2018-103175,05-06-2016,Customer_93,Central,California,Chicago,Furniture,Chairs,239.24,6,216.63
CA-2015-103176,28-09-2015,Customer_86,South,Texas,Chicago,Office Supplies,Binders,893.39,8,-42.96
CA-2016-103177,30-08-2018,Customer_194,West,New York,Houston,Furniture,Tables,694.93,1,222.22
CA-2017-103178,05-07-2018,Customer_171,East,Texas,Miami,Furniture,Tables,960.84,2,-89.91
CA-2018-103179,27-01-2017,Customer_444,South,New York,Houston,Office Supplies,Binders,224.36,3,52.54
CA-2015-103180,02-07-2015,Customer_28,East,Illinois,Los Angeles,Furniture,Bookcases,861.96,2,35.01
CA-2016-103181,18-03-2016,Customer_438,South,California,Los Angeles,Furniture,Tables,441.7,4,163.82
CA-2017-103182,20-07-2015,Customer_447,East,Illinois,Los Angeles,Office Supplies,Storage,39.37,10,151.89
CA-2018-103183,24-01-2016,Customer_396,Central,Illinois,Los Angeles,Office Supplies,Storage,74.98,8,56.25
CA-2015-103184,21-10-2018,Customer_495,South,Florida,Chicago,Technology,Phones,832.45,1,8.14
CA-2016-103185,08-08-2018,Customer_491,West,Illinois,Los Angeles,Office Supplies,Storage,942.97,10,95.97
CA-2017-103186,02-04-2016,Customer_200,Central,Illinois,New York City,Technology,Phones,161.73,3,280.36
CA-2018-103187,21-11-2015,Customer_425,South,New York,Miami,Technology,Phones,616.23,4,265.19
CA-2015-103188,22-05-2017,Customer_298,West,Florida,Chicago,Technology,Accessories,315.09,9,287.65
CA-2016-103189,21-04-2018,Customer_257,Central,New York,Miami,Technology,Accessories,444.73,7,224.94
CA-2017-103190,11-05-2018,Customer_372,West,Illinois,Los Angeles,Furniture,Tables,557.13,2,134.83
CA-2018-103191,25-03-2017,Customer_113,East,New York,Chicago,Technology,Copiers,276.82,5,213.79
CA-2015-103192,02-07-2017,Customer_86,East,Texas,Chicago,Furniture,Tables,933.11,3,10.52
CA-2016-103193,04-10-2018,Customer_34,West,Illinois,Miami,Technology,Copiers,448.15,2,238.37
CA-2017-103194,16-10-2017,Customer_364,Central,California,New York City,Technology,Phones,334.65,2,16.79
CA-2018-103195,22-10-2016,Customer_327,East,Illinois,Los Angeles,Furniture,Bookcases,619.93,1,-56.07
CA-2015-103196,13-12-2018,Customer_441,East,New York,Houston,Technology,Copiers,416.43,4,-67.99
CA-2016-103197,08-10-2017,Customer_1,Central,Illinois,Chicago,Technology,Accessories,86.27,4,-43.56
CA-2017-103198,14-10-2015,Customer_221,East,New York,New York City,Furniture,Tables,178.3,7,178.54
CA-2018-103199,18-08-2015,Customer_282,West,California,Chicago,Technology,Accessories,130.13,5,2.66
CA-2015-103200,09-07-2017,Customer_267,West,Texas,Chicago,Furniture,Bookcases,695.31,5,0.78
CA-2016-103201,03-04-2015,Customer_352,Central,Texas,Los Angeles,Furniture,Chairs,850.14,6,-75.78
CA-2017-103202,10-02-2015,Customer_446,South,Illinois,New York City,Technology,Accessories,388.12,2,4.62
CA-2018-103203,20-01-2018,Customer_198,Central,Illinois,New York City,Furniture,Tables,195.9,10,202.3
CA-2015-103204,30-08-2017,Customer_157,West,Texas,New York City,Technology,Phones,586.74,3,156.71
CA-2016-103205,02-03-2018,Customer_282,South,Illinois,Houston,Technology,Copiers,659.43,10,291.97
CA-2017-103206,06-06-2016,Customer_416,Central,Texas,Chicago,Furniture,Bookcases,816.09,7,42.69
CA-2018-103207,09-12-2015,Customer_235,East,Illinois,Houston,Technology,Copiers,190.22,5,161.62
CA-2015-103208,25-01-2019,Customer_319,Central,Florida,Chicago,Office Supplies,Storage,880.11,4,128.28
CA-2016-103209,26-05-2017,Customer_471,East,New York,New York City,Office Supplies,Storage,746.46,4,234.53
CA-2017-103210,27-01-2016,Customer_172,West,Florida,Houston,Office Supplies,Paper,988.62,9,227.47
CA-2018-103211,11-03-2017,Customer_139,Central,New York,Chicago,Furniture,Tables,47.42,4,154.83
CA-2015-103212,11-06-2018,Customer_56,Central,Illinois,Houston,Office Supplies,Storage,281.69,2,295.35
CA-2016-103213,21-03-2015,Customer_425,West,California,Miami,Technology,Accessories,109.28,8,58.76
CA-2017-103214,13-02-2016,Customer_324,Central,Florida,Miami,Office Supplies,Binders,551.69,5,43.77
CA-2018-103215,12-10-2016,Customer_396,South,Florida,Chicago,Office Supplies,Storage,377.51,1,-59.1
CA-2015-103216,26-04-2018,Customer_145,West,California,Miami,Office Supplies,Paper,445.21,6,91.33
CA-2016-103217,08-06-2016,Customer_355,West,California,Miami,Furniture,Tables,589.33,4,84.54
CA-2017-103218,03-05-2016,Customer_274,West,Illinois,Los Angeles,Furniture,Bookcases,951.24,9,285.96
CA-2018-103219,05-12-2016,Customer_483,Central,New York,Houston,Furniture,Tables,379.18,6,21.49
CA-2015-103220,15-06-2018,Customer_128,Central,Illinois,New York City,Office Supplies,Storage,503.21,2,-44.99
CA-2016-103221,19-06-2015,Customer_10,South,Texas,Houston,Technology,Phones,656.42,3,288.02
CA-2017-103222,12-03-2018,Customer_303,West,Illinois,Chicago,Furniture,Chairs,611.5,9,236.21
CA-2018-103223,05-06-2018,Customer_48,West,Florida,Chicago,Office Supplies,Paper,838.65,4,93.65
CA-2015-103224,31-07-2016,Customer_350,East,New York,New York City,Technology,Copiers,40.24,4,59.23
CA-2016-103225,10-02-2018,Customer_62,East,Illinois,Los Angeles,Furniture,Tables,97.47,8,-6.56
CA-2017-103226,20-04-2018,Customer_273,South,Florida,Los Angeles,Furniture,Tables,816.8,2,122.31
CA-2018-103227,01-06-2018,Customer_444,West,California,Miami,Furniture,Tables,735.6,4,238.57
CA-2015-103228,11-01-2015,Customer_269,West,Illinois,Chicago,Furniture,Tables,589.38,6,79.8
CA-2016-103229,24-01-2018,Customer_161,South,Florida,Chicago,Furniture,Chairs,61.74,7,199.9
CA-2017-103230,13-08-2018,Customer_19,East,New York,Los Angeles,Furniture,Bookcases,571.82,8,157.88
CA-2018-103231,11-06-2017,Customer_470,Central,Texas,Miami,Technology,Copiers,973.27,1,246.9
CA-2015-103232,01-06-2018,Customer_369,East,New York,New York City,Furniture,Tables,303.17,9,-42.85
CA-2016-103233,11-10-2018,Customer_4,West,New York,Los Angeles,Office Supplies,Binders,386.46,3,140.96
CA-2017-103234,23-08-2017,Customer_199,Central,Texas,Los Angeles,Technology,Phones,282.45,3,-81.37
CA-2018-103235,30-12-2018,Customer_405,Central,Illinois,Houston,Furniture,Tables,815.74,2,227.67
CA-2015-103236,11-04-2018,Customer_155,West,Illinois,Houston,Technology,Phones,123.68,4,231.5
CA-2016-103237,25-09-2016,Customer_376,Central,New York,Chicago,Furniture,Tables,216.83,8,-74.77
CA-2017-103238,25-04-2016,Customer_39,East,Florida,Los Angeles,Technology,Phones,27.17,3,198.46
CA-2018-103239,20-02-2016,Customer_104,South,California,Houston,Office Supplies,Storage,767.84,2,250.39
CA-2015-103240,03-02-2018,Customer_12,East,Illinois,Houston,Office Supplies,Paper,325.4,10,255.11
CA-2016-103241,05-09-2017,Customer_221,South,Florida,Chicago,Furniture,Tables,670.71,9,271.28
CA-2017-103242,01-08-2015,Customer_108,East,Illinois,Los Angeles,Technology,Copiers,316.9,7,93.63
CA-2018-103243,18-12-2015,Customer_393,West,Florida,Los Angeles,Office Supplies,Paper,115.21,6,-24.03
CA-2015-103244,07-09-2015,Customer_179,East,Illinois,Chicago,Office Supplies,Binders,370.37,4,-40.08
CA-2016-103245,19-07-2018,Customer_296,Central,Florida,Los Angeles,Technology,Accessories,24.28,4,40.55
CA-2017-103246,29-03-2017,Customer_13,Central,Florida,Los Angeles,Office Supplies,Paper,203.18,1,-55.0
CA-2018-103247,12-08-2018,Customer_75,East,Florida,Houston,Furniture,Tables,350.75,6,-50.94
CA-2015-103248,07-04-2015,Customer_8,Central,Illinois,New York City,Office Supplies,Paper,135.76,4,295.7
CA-2016-103249,16-11-2016,Customer_422,South,California,Houston,Furniture,Tables,708.7,9,129.57
CA-2017-103250,14-08-2018,Customer_334,East,Florida,Houston,Technology,Copiers,323.04,7,132.58
CA-2018-103251,22-08-2018,Customer_286,Central,Florida,Chicago,Office Supplies,Binders,908.62,7,149.35
CA-2015-103252,20-06-2018,Customer_192,East,Texas,Houston,Office Supplies,Storage,553.09,1,218.98
CA-2016-103253,30-08-2018,Customer_350,South,California,Miami,Office Supplies,Storage,715.83,1,105.15
CA-2017-103254,27-12-2018,Customer_314,East,Florida,Chicago,Technology,Phones,450.8,7,130.71
CA-2018-103255,07-11-2017,Customer_51,Central,Illinois,New York City,Office Supplies,Storage,383.52,1,288.59
CA-2015-103256,12-01-2017,Customer_261,South,New York,Miami,Technology,Copiers,854.74,9,273.37
CA-2016-103257,11-10-2015,Customer_271,East,Florida,New York City,Technology,Accessories,424.4,7,279.65
CA-2017-103258,15-01-2018,Customer_399,West,Illinois,New York City,Furniture,Bookcases,622.8,9,151.68
CA-2018-103259,27-05-2017,Customer_407,West,Texas,Chicago,Technology,Copiers,923.54,8,-69.69
CA-2015-103260,30-10-2017,Customer_406,West,Texas,New York City,Technology,Accessories,709.97,9,72.91
CA-2016-103261,24-02-2015,Customer_16,South,Texas,New York City,Technology,Accessories,269.82,5,0.23
CA-2017-103262,09-05-2017,Customer_356,Central,Illinois,New York City,Technology,Copiers,412.45,10,36.32
CA-2018-103263,06-10-2017,Customer_260,West,Florida,New York City,Office Supplies,Binders,137.0,6,-13.6
CA-2015-103264,26-03-2016,Customer_281,West,Florida,Chicago,Furniture,Bookcases,823.3,1,180.99
CA-2016-103265,13-05-2017,Customer_166,East,California,Los Angeles,Furniture,Tables,83.73,9,215.54
CA-2017-103266,23-06-2015,Customer_469,West,Florida,Los Angeles,Technology,Accessories,129.04,2,-93.64
CA-2018-103267,26-06-2016,Customer_174,East,New York,Miami,Furniture,Tables,283.94,4,138.38
CA-2015-103268,15-09-2016,Customer_468,Central,California,Miami,Office Supplies,Binders,73.09,2,183.92
CA-2016-103269,01-10-2015,Customer_224,South,Texas,Chicago,Office Supplies,Binders,742.58,8,71.23
CA-2017-103270,30-04-2017,Customer_67,West,California,Los Angeles,Furniture,Bookcases,19.12,6,-37.63
CA-2018-103271,28-11-2016,Customer_289,West,Texas,Chicago,Office Supplies,Binders,972.12,8,280.01
CA-2015-103272,09-01-2015,Customer_417,West,Florida,Chicago,Technology,Accessories,393.4,10,-90.76
CA-2016-103273,17-11-2017,Customer_267,West,New York,Miami,Furniture,Tables,376.21,9,181.79
CA-2017-103274,13-01-2018,Customer_94,Central,Illinois,New York City,Technology,Accessories,801.96,2,249.67
CA-2018-103275,20-01-2016,Customer_126,East,Illinois,New York City,Office Supplies,Storage,230.85,10,136.68
CA-2015-103276,24-05-2016,Customer_257,South,New York,Houston,Office Supplies,Storage,647.45,1,281.61
CA-2016-103277,28-12-2015,Customer_373,West,Florida,Chicago,Furniture,Tables,642.52,2,-82.75
CA-2017-103278,31-01-2018,Customer_398,East,Illinois,Los Angeles,Furniture,Chairs,883.42,3,223.35
CA-2018-103279,08-11-2015,Customer_240,South,New York,Chicago,Furniture,Chairs,912.74,9,55.39
CA-2015-103280,14-12-2018,Customer_151,South,Texas,Miami,Furniture,Bookcases,55.43,7,-92.71
CA-2016-103281,18-04-2015,Customer_275,Central,Texas,Houston,Technology,Copiers,457.51,5,-1.36
CA-2017-103282,02-09-2017,Customer_99,South,New York,Miami,Office Supplies,Paper,602.84,10,236.89
CA-2018-103283,20-06-2015,Customer_133,East,Florida,Chicago,Office Supplies,Paper,317.71,3,121.67
CA-2015-103284,28-09-2016,Customer_234,South,Texas,Los Angeles,Technology,Copiers,554.53,7,210.65
CA-2016-103285,12-04-2018,Customer_386,Central,Texas,Miami,Technology,Accessories,520.99,2,-29.45
CA-2017-103286,01-11-2015,Customer_227,West,California,Chicago,Office Supplies,Binders,314.35,9,-3.35
CA-2018-103287,01-08-2018,Customer_412,South,Illinois,Los Angeles,Office Supplies,Binders,98.65,2,49.49
CA-2015-103288,13-05-2015,Customer_217,Central,Texas,Los Angeles,Technology,Accessories,905.13,6,-63.83
CA-2016-103289,16-01-2015,Customer_102,Central,New York,Chicago,Technology,Phones,658.38,10,253.55
CA-2017-103290,12-11-2017,Customer_169,Central,Illinois,Chicago,Office Supplies,Paper,841.03,1,25.8
CA-2018-103291,28-09-2016,Customer_264,Central,California,Los Angeles,Technology,Copiers,277.29,4,186.09
CA-2015-103292,22-03-2015,Customer_490,East,New York,Houston,Technology,Accessories,421.4,7,136.75
CA-2016-103293,16-08-2015,Customer_497,Central,New York,Los Angeles,Furniture,Bookcases,510.09,7,238.19
CA-2017-103294,08-08-2017,Customer_6,East,Texas,Houston,Office Supplies,Binders,535.73,4,-25.7
CA-2018-103295,19-02-2015,Customer_15,Central,Florida,New York City,Furniture,Chairs,441.12,8,250.31
CA-2015-103296,12-08-2018,Customer_247,Central,Illinois,Houston,Office Supplies,Storage,582.89,6,-18.36
CA-2016-103297,08-05-2015,Customer_32,Central,California,Miami,Office Supplies,Storage,647.98,5,63.94
CA-2017-103298,22-06-2017,Customer_293,West,New York,Houston,Office Supplies,Storage,225.79,5,270.28
CA-2018-103299,16-01-2015,Customer_342,West,Illinois,Houston,Furniture,Bookcases,134.71,1,43.13
CA-2015-103300,08-09-2017,Customer_432,Central,Texas,Miami,Furniture,Tables,625.25,4,3.94
CA-2016-103301,18-09-2016,Customer_112,East,California,Chicago,Technology,Copiers,874.17,6,-0.19
CA-2017-103302,25-07-2016,Customer_331,East,Illinois,Chicago,Furniture,Bookcases,269.66,2,249.35
CA-2018-103303,27-11-2017,Customer_348,East,Florida,Houston,Office Supplies,Paper,578.71,7,151.45
CA-2015-103304,27-08-2016,Customer_146,West,Illinois,Chicago,Furniture,Chairs,707.89,1,79.08
CA-2016-103305,07-04-2015,Customer_472,West,Florida,New York City,Technology,Accessories,246.61,10,88.33
CA-2017-103306,08-07-2018,Customer_358,East,New York,Houston,Furniture,Tables,178.47,9,55.93
CA-2018-103307,09-04-2016,Customer_62,East,Illinois,New York City,Technology,Accessories,825.52,6,181.74
CA-2015-103308,30-04-2016,Customer_405,Central,California,Los Angeles,Technology,Accessories,580.26,5,30.25
CA-2016-103309,16-12-2018,Customer_103,South,Florida,Miami,Office Supplies,Storage,396.56,6,248.75
CA-2017-103310,14-02-2015,Customer_319,Central,Texas,Miami,Office Supplies,Storage,999.62,6,-92.71
CA-2018-103311,13-05-2018,Customer_358,East,New York,Chicago,Technology,Accessories,86.78,9,293.36
CA-2015-103312,23-01-2015,Customer_308,West,California,Chicago,Technology,Accessories,246.8,5,275.98
CA-2016-103313,01-06-2015,Customer_325,East,New York,Los Angeles,Technology,Phones,954.31,9,184.0
CA-2017-103314,16-07-2016,Customer_280,West,Florida,Chicago,Furniture,Tables,903.83,2,79.97
CA-2018-103315,14-03-2016,Customer_410,South,Florida,Houston,Furniture,Bookcases,20.13,5,148.21
CA-2015-103316,12-09-2018,Customer_111,East,Illinois,Chicago,Office Supplies,Paper,738.4,6,280.12
CA-2016-103317,15-12-2018,Customer_136,East,Illinois,Houston,Furniture,Bookcases,27.98,3,270.98
CA-2017-103318,15-04-2018,Customer_300,West,New York,Houston,Furniture,Bookcases,656.86,7,123.85
CA-2018-103319,25-08-2016,Customer_68,East,California,Houston,Office Supplies,Storage,49.28,9,203.2
CA-2015-103320,02-12-2015,Customer_368,East,New York,New York City,Office Supplies,Binders,601.22,10,295.37
CA-2016-103321,07-05-2015,Customer_15,West,Florida,Los Angeles,Technology,Phones,444.79,9,157.48
CA-2017-103322,03-08-2015,Customer_327,Central,New York,New York City,Office Supplies,Binders,978.03,10,286.0
CA-2018-103323,25-09-2015,Customer_175,West,Illinois,New York City,Technology,Accessories,53.71,2,133.76
CA-2015-103324,20-04-2016,Customer_324,West,Illinois,Miami,Technology,Phones,225.32,4,-11.81
CA-2016-103325,24-07-2016,Customer_212,West,Florida,New York City,Technology,Phones,938.99,7,201.22
CA-2017-103326,05-04-2018,Customer_93,South,Florida,Los Angeles,Technology,Copiers,542.08,4,207.48
CA-2018-103327,18-06-2015,Customer_318,Central,Texas,Houston,Furniture,Chairs,851.52,5,-98.42
CA-2015-103328,01-09-2016,Customer_12,South,California,Houston,Technology,Phones,965.57,3,232.23
CA-2016-103329,31-12-2016,Customer_244,Central,Texas,Los Angeles,Office Supplies,Paper,81.83,9,271.96
CA-2017-103330,03-08-2016,Customer_240,East,New York,Miami,Office Supplies,Paper,688.5,7,261.89
CA-2018-103331,16-09-2015,Customer_396,East,New York,New York City,Furniture,Bookcases,603.62,6,5.26
CA-2015-103332,25-07-2016,Customer_278,South,California,Chicago,Office Supplies,Binders,173.05,9,216.28
CA-2016-103333,13-01-2018,Customer_307,Central,Florida,Chicago,Technology,Accessories,563.09,6,46.05
CA-2017-103334,09-12-2017,Customer_205,East,New York,Los Angeles,Furniture,Chairs,117.8,2,228.74
CA-2018-103335,30-05-2017,Customer_171,East,Texas,Los Angeles,Office Supplies,Paper,793.19,9,129.65
CA-2015-103336,17-09-2015,Customer_479,East,California,Miami,Technology,Phones,755.47,8,54.81
CA-2016-103337,09-03-2016,Customer_396,West,California,Chicago,Office Supplies,Storage,99.23,8,-10.69
CA-2017-103338,27-04-2016,Customer_96,South,California,Miami,Technology,Accessories,454.01,6,-63.9
CA-2018-103339,06-07-2017,Customer_264,South,Texas,Los Angeles,Furniture,Bookcases,614.58,7,43.82
CA-2015-103340,26-02-2016,Customer_151,East,New York,Houston,Office Supplies,Paper,512.79,2,34.6
CA-2016-103341,12-12-2016,Customer_481,East,Florida,Miami,Furniture,Bookcases,345.58,8,150.74
CA-2017-103342,13-05-2018,Customer_324,South,Illinois,Los Angeles,Office Supplies,Paper,766.65,2,195.02
CA-2018-103343,28-09-2018,Customer_135,East,Illinois,Los Angeles,Technology,Accessories,240.69,9,83.54
CA-2015-103344,10-05-2016,Customer_246,Central,New York,Los Angeles,Office Supplies,Binders,550.54,10,225.65
CA-2016-103345,19-11-2016,Customer_374,South,New York,New York City,Office Supplies,Binders,24.93,2,-58.21
CA-2017-103346,13-07-2017,Customer_217,West,Texas,New York City,Office Supplies,Binders,630.24,7,58.52
CA-2018-103347,20-01-2015,Customer_231,South,Illinois,Houston,Furniture,Tables,157.51,3,-34.67
CA-2015-103348,12-07-2018,Customer_55,Central,New York,Los Angeles,Technology,Copiers,672.33,7,-63.69
CA-2016-103349,01-06-2016,Customer_464,South,Florida,Los Angeles,Technology,Copiers,148.61,5,-72.02
CA-2017-103350,19-10-2018,Customer_423,East,California,New York City,Technology,Copiers,40.54,3,191.13
CA-2018-103351,02-09-2015,Customer_45,West,Florida,Chicago,Technology,Copiers,654.74,8,210.78
CA-2015-103352,23-05-2015,Customer_362,West,California,Los Angeles,Technology,Phones,28.71,3,283.64
CA-2016-103353,20-03-2015,Customer_236,East,California,New York City,Furniture,Tables,511.28,10,52.9
CA-2017-103354,27-12-2016,Customer_26,Central,Illinois,Los Angeles,Office Supplies,Paper,740.76,8,167.75
CA-2018-103355,31-03-2018,Customer_291,East,Illinois,Los Angeles,Technology,Accessories,780.37,6,-9.96
CA-2015-103356,30-01-2018,Customer_269,South,Florida,New York City,Office Supplies,Storage,561.9,5,190.9
CA-2016-103357,02-01-2019,Customer_18,East,New York,Miami,Office Supplies,Binders,820.14,2,112.05
CA-2017-103358,04-01-2016,Customer_391,Central,Florida,Los Angeles,Office Supplies,Paper,140.21,4,260.68
CA-2018-103359,19-07-2017,Customer_373,South,California,Miami,Office Supplies,Paper,658.71,5,194.84
CA-2015-103360,18-12-2018,Customer_346,Central,New York,Chicago,Furniture,Bookcases,937.84,9,31.67
CA-2016-103361,14-01-2019,Customer_29,South,Illinois,Miami,Office Supplies,Binders,824.6,3,-7.11
CA-2017-103362,19-03-2017,Customer_82,West,Florida,Chicago,Furniture,Chairs,136.18,4,101.57
CA-2018-103363,09-11-2015,Customer_51,Central,New York,New York City,Office Supplies,Paper,158.25,9,180.58
CA-2015-103364,23-08-2017,Customer_58,West,Texas,Miami,Technology,Phones,675.34,7,18.95
CA-2016-103365,25-10-2016,Customer_197,South,New York,Los Angeles,Office Supplies,Paper,571.97,7,162.04
CA-2017-103366,13-04-2015,Customer_100,South,Texas,Houston,Technology,Phones,883.14,9,52.01
CA-2018-103367,04-09-2015,Customer_110,South,California,Chicago,Furniture,Tables,929.27,3,252.12
CA-2015-103368,13-09-2015,Customer_185,Central,California,Los Angeles,Office Supplies,Paper,70.79,4,152.43
CA-2016-103369,22-01-2018,Customer_494,South,Illinois,New York City,Furniture,Tables,140.18,10,295.06
CA-2017-103370,19-07-2018,Customer_413,East,New York,Miami,Technology,Phones,711.31,1,291.09
CA-2018-103371,27-07-2015,Customer_24,South,California,Chicago,Office Supplies,Storage,826.9,7,-94.81
CA-2015-103372,26-12-2017,Customer_258,West,New York,Los Angeles,Office Supplies,Storage,410.56,6,-59.7
CA-2016-103373,22-11-2018,Customer_473,East,Florida,Los Angeles,Office Supplies,Paper,299.52,5,153.55
CA-2017-103374,05-10-2016,Customer_343,Central,New York,Miami,Furniture,Chairs,414.63,4,168.25
CA-2018-103375,30-06-2016,Customer_69,Central,Florida,Chicago,Technology,Phones,407.87,9,198.4
CA-2015-103376,30-09-2015,Customer_435,East,California,Miami,Technology,Accessories,704.12,4,164.09
CA-2016-103377,24-01-2018,Customer_47,South,California,Chicago,Furniture,Bookcases,742.0,2,34.44
CA-2017-103378,26-08-2018,Customer_425,West,Illinois,Chicago,Office Supplies,Paper,678.37,8,65.56
CA-2018-103379,30-09-2017,Customer_487,East,Illinois,Los Angeles,Office Supplies,Binders,93.85,5,269.15
CA-2015-103380,19-06-2018,Customer_201,East,New York,Miami,Office Supplies,Binders,595.0,8,237.09
CA-2016-103381,29-08-2017,Customer_343,East,California,Houston,Technology,Phones,140.34,8,44.29
CA-2017-103382,15-10-2017,Customer_135,South,Illinois,Miami,Technology,Phones,805.25,10,99.86
CA-2018-103383,06-03-2017,Customer_80,South,California,Miami,Office Supplies,Storage,784.09,9,80.93
CA-2015-103384,30-04-2015,Customer_431,East,New York,Miami,Technology,Copiers,495.22,6,24.48
CA-2016-103385,02-02-2015,Customer_18,Central,Texas,New York City,Technology,Phones,429.78,7,235.14
CA-2017-103386,20-11-2016,Customer_478,Central,Florida,Houston,Technology,Copiers,914.49,4,265.04
CA-2018-103387,28-02-2016,Customer_230,South,Illinois,New York City,Office Supplies,Paper,595.24,4,91.36
CA-2015-103388,18-02-2015,Customer_17,West,Florida,Los Angeles,Furniture,Tables,291.7,6,198.26
CA-2016-103389,01-06-2018,Customer_105,South,California,Los Angeles,Furniture,Chairs,820.83,7,-21.91
CA-2017-103390,10-09-2015,Customer_172,South,California,Chicago,Furniture,Tables,159.58,4,-27.46
CA-2018-103391,29-07-2015,Customer_320,South,Florida,New York City,Furniture,Tables,39.43,9,-29.5
CA-2015-103392,06-06-2017,Customer_104,West,Illinois,Houston,Office Supplies,Binders,792.91,2,-39.6
CA-2016-103393,28-09-2016,Customer_98,South,Florida,New York City,Technology,Accessories,33.95,5,149.07
CA-2017-103394,07-02-2017,Customer_372,South,Florida,New York City,Technology,Phones,763.83,4,112.59
CA-2018-103395,25-11-2017,Customer_84,South,Texas,Miami,Technology,Copiers,27.84,2,92.26
CA-2015-103396,23-11-2016,Customer_51,East,Florida,Los Angeles,Furniture,Tables,829.77,4,153.26
CA-2016-103397,11-09-2016,Customer_110,Central,California,Miami,Office Supplies,Paper,355.0,2,53.17
CA-2017-103398,01-04-2016,Customer_151,East,New York,Houston,Furniture,Tables,345.26,4,154.9
CA-2018-103399,15-07-2016,Customer_233,Central,Texas,Los Angeles,Technology,Accessories,81.4,7,100.57
CA-2015-103400,04-11-2018,Customer_404,East,Illinois,New York City,Furniture,Tables,116.33,1,74.24
CA-2016-103401,23-02-2017,Customer_348,West,California,Houston,Furniture,Tables,293.77,6,137.11
CA-2017-103402,04-01-2019,Customer_182,Central,Illinois,New York City,Office Supplies,Binders,36.93,7,-78.85
CA-2018-103403,21-06-2016,Customer_99,West,Illinois,Miami,Office Supplies,Binders,28.54,3,123.7
CA-2015-103404,22-03-2016,Customer_428,West,Texas,Houston,Office Supplies,Paper,443.74,8,-89.43
CA-2016-103405,09-01-2018,Customer_34,South,Illinois,Chicago,Office Supplies,Storage,656.89,8,48.76
CA-2017-103406,22-12-2018,Customer_42,West,Texas,New York City,Furniture,Tables,892.01,3,162.54
CA-2018-103407,23-11-2015,Customer_197,South,Illinois,Houston,Office Supplies,Paper,947.36,8,97.82
CA-2015-103408,18-03-2018,Customer_428,Central,Illinois,Los Angeles,Technology,Copiers,439.5,4,54.79
CA-2016-103409,02-03-2015,Customer_181,Central,Texas,Miami,Furniture,Chairs,56.06,10,139.07
CA-2017-103410,01-04-2015,Customer_221,West,Illinois,Miami,Furniture,Bookcases,752.84,7,189.3
CA-2018-103411,31-07-2016,Customer_456,South,Texas,New York City,Furniture,Chairs,837.83,10,-51.02
CA-2015-103412,10-06-2018,Customer_241,West,Florida,Los Angeles,Furniture,Bookcases,534.77,6,-28.67
CA-2016-103413,25-04-2015,Customer_387,West,Illinois,Miami,Technology,Copiers,227.99,5,-16.92
CA-2017-103414,25-10-2017,Customer_246,West,California,Los Angeles,Technology,Copiers,490.41,9,196.58
CA-2018-103415,07-03-2015,Customer_48,West,Texas,Chicago,Furniture,Bookcases,590.65,10,189.54
CA-2015-103416,19-10-2018,Customer_87,West,Illinois,Los Angeles,Office Supplies,Binders,671.37,9,189.45
CA-2016-103417,31-10-2015,Customer_442,East,Texas,Miami,Technology,Phones,587.1,5,20.5
CA-2017-103418,20-11-2018,Customer_434,East,New York,Miami,Office Supplies,Paper,151.65,5,-97.49
CA-2018-103419,29-11-2017,Customer_439,South,New York,Miami,Office Supplies,Storage,660.83,2,70.69
CA-2015-103420,17-01-2019,Customer_335,East,California,New York City,Office Supplies,Binders,615.06,4,-62.37
CA-2016-103421,17-09-2016,Customer_279,Central,Texas,Houston,Furniture,Chairs,19.73,2,265.54
CA-2017-103422,30-12-2017,Customer_151,West,California,Miami,Technology,Copiers,667.7,10,196.59
CA-2018-103423,13-10-2018,Customer_83,Central,California,Los Angeles,Technology,Accessories,814.02,7,212.67
CA-2015-103424,02-10-2017,Customer_140,West,Illinois,Chicago,Furniture,Tables,315.95,8,79.12
CA-2016-103425,15-11-2018,Customer_166,Central,New York,New York City,Furniture,Tables,736.12,9,-32.73
CA-2017-103426,03-02-2019,Customer_360,West,New York,Los Angeles,Office Supplies,Paper,893.15,3,-28.51
CA-2018-103427,07-03-2018,Customer_271,West,New York,New York City,Furniture,Chairs,20.7,8,-5.04
CA-2015-103428,23-01-2018,Customer_96,West,Illinois,Miami,Technology,Phones,284.11,6,169.87
CA-2016-103429,26-06-2017,Customer_139,Central,Florida,Los Angeles,Furniture,Bookcases,174.96,3,53.92
CA-2017-103430,17-06-2016,Customer_225,West,Illinois,Houston,Technology,Accessories,125.37,1,38.62
CA-2018-103431,19-07-2016,Customer_356,West,California,Los Angeles,Furniture,Chairs,985.44,3,260.66
CA-2015-103432,31-01-2018,Customer_112,Central,Florida,Houston,Office Supplies,Binders,913.78,5,234.55
CA-2016-103433,29-05-2018,Customer_156,West,Florida,Miami,Furniture,Tables,576.21,3,101.63
CA-2017-103434,24-01-2018,Customer_443,South,California,Miami,Furniture,Chairs,549.11,6,258.18
CA-2018-103435,06-01-2018,Customer_408,East,Florida,Chicago,Furniture,Chairs,269.83,9,-56.45
CA-2015-103436,05-12-2016,Customer_372,East,Illinois,Houston,Office Supplies,Storage,583.49,5,70.78
CA-2016-103437,11-06-2018,Customer_443,West,New York,New York City,Office Supplies,Storage,741.14,3,164.09
CA-2017-103438,02-04-2018,Customer_260,South,California,Chicago,Furniture,Tables,347.45,8,259.53
CA-2018-103439,18-06-2015,Customer_202,West,Texas,Houston,Furniture,Chairs,304.64,8,297.11
CA-2015-103440,27-02-2016,Customer_430,West,Texas,Miami,Furniture,Bookcases,121.11,6,36.41
CA-2016-103441,04-05-2015,Customer_91,East,Florida,Houston,Technology,Phones,874.12,10,219.01
CA-2017-103442,30-08-2015,Customer_266,East,Texas,Los Angeles,Furniture,Bookcases,160.93,2,-49.66
CA-2018-103443,04-05-2016,Customer_96,West,New York,Houston,Furniture,Tables,366.56,7,209.4
CA-2015-103444,23-04-2015,Customer_306,South,California,Miami,Furniture,Tables,948.08,9,-5.53
CA-2016-103445,19-12-2018,Customer_469,East,Florida,Los Angeles,Furniture,Chairs,382.08,4,-13.19
CA-2017-103446,24-02-2016,Customer_202,East,California,Miami,Furniture,Tables,444.82,9,137.03
CA-2018-103447,10-05-2017,Customer_381,Central,Illinois,Miami,Furniture,Chairs,178.8,7,143.54
CA-2015-103448,11-03-2016,Customer_101,West,Texas,New York City,Office Supplies,Binders,671.18,9,69.75
CA-2016-103449,27-11-2016,Customer_133,West,Texas,Chicago,Office Supplies,Binders,757.48,2,69.51
CA-2017-103450,08-04-2016,Customer_301,West,California,New York City,Office Supplies,Binders,102.86,9,-20.99
CA-2018-103451,25-02-2018,Customer_21,East,New York,Houston,Furniture,Chairs,459.61,6,-52.25
CA-2015-103452,25-01-2019,Customer_433,South,Texas,Chicago,Furniture,Chairs,585.16,6,157.42
CA-2016-103453,12-02-2015,Customer_308,West,Illinois,Chicago,Furniture,Chairs,33.96,10,-74.87
CA-2017-103454,17-05-2016,Customer_10,South,Florida,New York City,Technology,Copiers,276.87,8,225.76
CA-2018-103455,08-09-2017,Customer_285,South,Florida,Miami,Office Supplies,Paper,423.81,1,-93.38
CA-2015-103456,08-07-2018,Customer_151,East,California,Chicago,Office Supplies,Binders,842.12,10,-37.47
CA-2016-103457,24-10-2016,Customer_439,West,Florida,Chicago,Office Supplies,Paper,613.72,10,115.83
CA-2017-103458,15-07-2016,Customer_116,South,New York,Miami,Technology,Phones,173.55,1,197.03
CA-2018-103459,08-04-2015,Customer_225,Central,Texas,Chicago,Furniture,Bookcases,574.4,7,186.99
CA-2015-103460,19-09-2018,Customer_193,East,California,New York City,Furniture,Chairs,297.49,1,-29.42
CA-2016-103461,01-01-2017,Customer_386,Central,California,Chicago,Technology,Accessories,920.75,2,-79.92
CA-2017-103462,05-10-2016,Customer_326,Central,Florida,Chicago,Furniture,Tables,258.85,3,61.05
CA-2018-103463,07-07-2017,Customer_255,West,Illinois,Miami,Furniture,Tables,224.16,1,170.45
CA-2015-103464,25-01-2018,Customer_285,Central,Illinois,New York City,Technology,Copiers,613.08,7,19.91
CA-2016-103465,19-09-2015,Customer_358,East,Florida,Chicago,Technology,Copiers,286.73,4,29.32
CA-2017-103466,15-07-2017,Customer_119,South,Florida,New York City,Technology,Phones,868.86,7,-67.58
CA-2018-103467,15-05-2018,Customer_466,East,Illinois,Houston,Technology,Copiers,435.39,8,283.95
CA-2015-103468,21-11-2017,Customer_85,South,New York,New York City,Furniture,Tables,369.48,9,18.38
CA-2016-103469,01-11-2015,Customer_105,Central,Florida,Miami,Technology,Phones,978.93,9,152.52
CA-2017-103470,24-08-2016,Customer_89,Central,Texas,New York City,Technology,Copiers,938.55,5,-30.93
CA-2018-103471,03-10-2015,Customer_241,South,New York,Los Angeles,Technology,Copiers,566.74,9,132.2
CA-2015-103472,28-06-2016,Customer_69,South,Texas,Chicago,Technology,Phones,553.74,2,116.54
CA-2016-103473,10-08-2018,Customer_242,South,Texas,Chicago,Furniture,Chairs,205.58,5,-89.2
CA-2017-103474,05-11-2016,Customer_464,East,New York,Chicago,Office Supplies,Binders,705.33,10,214.24
CA-2018-103475,03-01-2015,Customer_301,West,New York,Houston,Office Supplies,Paper,308.74,9,56.87
CA-2015-103476,30-06-2017,Customer_124,Central,New York,Chicago,Office Supplies,Binders,714.22,9,176.07
CA-2016-103477,28-01-2017,Customer_152,East,Florida,Houston,Technology,Accessories,926.09,6,-79.4
CA-2017-103478,15-05-2017,Customer_98,Central,New York,Los Angeles,Office Supplies,Storage,330.69,5,101.31
CA-2018-103479,09-06-2018,Customer_347,South,New York,Los Angeles,Furniture,Tables,145.95,2,286.7
CA-2015-103480,05-02-2017,Customer_340,West,Illinois,Miami,Office Supplies,Storage,665.43,2,130.33
CA-2016-103481,29-09-2016,Customer_374,East,Texas,Los Angeles,Technology,Accessories,817.32,4,194.99
CA-2017-103482,15-06-2018,Customer_143,Central,California,New York City,Furniture,Tables,608.47,4,124.87
CA-2018-103483,19-12-2017,Customer_45,West,California,Houston,Technology,Accessories,162.9,10,-53.07
CA-2015-103484,21-08-2015,Customer_246,East,Florida,Miami,Office Supplies,Storage,555.48,8,240.25
CA-2016-103485,05-12-2017,Customer_97,South,New York,Los Angeles,Office Supplies,Binders,26.05,3,2.18
CA-2017-103486,26-01-2016,Customer_435,South,Illinois,Houston,Technology,Accessories,308.98,9,148.03
CA-2018-103487,21-04-2017,Customer_263,Central,Illinois,New York City,Technology,Phones,954.35,7,257.47
CA-2015-103488,03-12-2015,Customer_251,East,Illinois,Miami,Technology,Copiers,681.38,7,-1.28
CA-2016-103489,30-12-2015,Customer_371,West,California,Houston,Technology,Phones,327.56,2,-18.33
CA-2017-103490,09-03-2017,Customer_80,East,Illinois,Chicago,Office Supplies,Binders,198.81,6,144.2
CA-2018-103491,19-09-2016,Customer_130,East,Illinois,Chicago,Office Supplies,Binders,667.13,6,266.3
CA-2015-103492,07-03-2017,Customer_268,East,Texas,New York City,Technology,Accessories,454.31,3,118.16
CA-2016-103493,08-11-2018,Customer_121,West,Texas,Los Angeles,Technology,Copiers,231.4,9,248.52
CA-2017-103494,09-08-2018,Customer_459,East,Florida,New York City,Furniture,Bookcases,695.27,6,51.96
CA-2018-103495,07-02-2016,Customer_455,East,Florida,Los Angeles,Office Supplies,Storage,536.15,10,48.69
CA-2015-103496,03-09-2017,Customer_151,West,New York,Los Angeles,Technology,Accessories,733.33,6,17.14
CA-2016-103497,12-07-2017,Customer_261,South,New York,Los Angeles,Furniture,Tables,796.78,1,0.48
CA-2017-103498,02-10-2015,Customer_179,Central,New York,Miami,Technology,Accessories,622.93,6,94.92
CA-2018-103499,29-08-2016,Customer_354,West,New York,New York City,Furniture,Tables,151.22,4,265.72
CA-2015-103500,03-10-2016,Customer_98,Central,New York,Miami,Furniture,Bookcases,137.8,9,-0.58
CA-2016-103501,08-08-2016,Customer_489,West,Texas,Miami,Furniture,Tables,969.03,3,66.1
CA-2017-103502,04-07-2016,Customer_98,Central,Florida,Houston,Office Supplies,Binders,618.18,5,-44.21
CA-2018-103503,10-12-2017,Customer_266,Central,Florida,Chicago,Furniture,Bookcases,856.11,9,96.46
CA-2015-103504,01-02-2016,Customer_106,West,California,New York City,Furniture,Bookcases,536.49,4,-98.71
CA-2016-103505,31-12-2016,Customer_280,East,Illinois,Chicago,Technology,Accessories,563.5,5,202.63
CA-2017-103506,21-07-2018,Customer_485,East,California,Miami,Technology,Phones,503.32,5,-91.97
CA-2018-103507,10-02-2018,Customer_50,West,Florida,Houston,Technology,Accessories,271.63,9,2.17
CA-2015-103508,13-03-2015,Customer_410,East,California,Los Angeles,Technology,Copiers,890.2,6,265.76
CA-2016-103509,08-07-2018,Customer_54,East,Florida,Houston,Technology,Phones,393.12,8,-77.05
CA-2017-103510,28-05-2016,Customer_376,East,New York,New York City,Office Supplies,Paper,59.32,1,122.27
CA-2018-103511,11-09-2017,Customer_91,Central,Texas,Miami,Furniture,Chairs,837.79,4,143.49
CA-2015-103512,13-01-2015,Customer_100,West,California,Miami,Furniture,Chairs,328.6,5,134.33
CA-2016-103513,22-01-2015,Customer_140,Central,Texas,Chicago,Office Supplies,Paper,459.54,3,25.0
CA-2017-103514,08-10-2018,Customer_289,West,California,Miami,Office Supplies,Storage,519.23,5,210.33
CA-2018-103515,13-05-2017,Customer_109,South,Texas,Chicago,Furniture,Bookcases,476.63,3,244.09
CA-2015-103516,02-04-2016,Customer_35,South,Florida,Houston,Office Supplies,Storage,698.6,3,-83.54
CA-2016-103517,07-12-2018,Customer_214,South,Florida,Chicago,Furniture,Bookcases,318.25,8,25.74
CA-2017-103518,26-10-2016,Customer_44,East,New York,Houston,Technology,Accessories,24.7,5,139.63
CA-2018-103519,07-07-2017,Customer_28,East,California,New York City,Furniture,Chairs,722.19,4,-50.92
CA-2015-103520,19-12-2018,Customer_297,South,California,New York City,Furniture,Chairs,131.59,2,215.94
CA-2016-103521,15-08-2015,Customer_33,South,Texas,Los Angeles,Technology,Accessories,734.38,2,263.36
CA-2017-103522,15-12-2015,Customer_211,Central,New York,Miami,Furniture,Bookcases,478.59,7,31.97
CA-2018-103523,22-11-2018,Customer_73,South,New York,New York City,Office Supplies,Binders,827.98,5,251.07
CA-2015-103524,12-01-2019,Customer_4,Central,Texas,Miami,Technology,Copiers,160.56,4,220.4
CA-2016-103525,16-02-2017,Customer_103,East,California,Chicago,Office Supplies,Storage,122.05,6,282.63
CA-2017-103526,23-06-2015,Customer_347,West,Florida,New York City,Office Supplies,Paper,604.13,6,44.38
CA-2018-103527,29-01-2018,Customer_204,West,Illinois,New York City,Technology,Accessories,718.05,5,216.2
CA-2015-103528,08-09-2017,Customer_436,West,California,Miami,Office Supplies,Binders,703.11,10,216.74
CA-2016-103529,20-04-2017,Customer_351,Central,Florida,Los Angeles,Technology,Copiers,599.16,9,52.62
CA-2017-103530,12-04-2016,Customer_343,Central,Florida,Houston,Office Supplies,Storage,935.98,2,-52.74
CA-2018-103531,16-11-2016,Customer_418,East,Illinois,Chicago,Furniture,Bookcases,407.86,6,187.82
CA-2015-103532,18-09-2016,Customer_105,East,Florida,Los Angeles,Furniture,Tables,176.13,6,119.24
CA-2016-103533,03-05-2017,Customer_6,Central,New York,Los Angeles,Office Supplies,Paper,532.52,3,-70.67
CA-2017-103534,09-03-2015,Customer_258,Central,Illinois,Chicago,Technology,Accessories,650.09,4,89.71
CA-2018-103535,08-11-2015,Customer_330,West,New York,Chicago,Office Supplies,Paper,73.51,4,-18.66
CA-2015-103536,17-06-2015,Customer_483,Central,Texas,Los Angeles,Technology,Accessories,628.2,6,229.34
CA-2016-103537,03-03-2017,Customer_354,South,Illinois,Houston,Technology,Copiers,821.89,7,26.5
CA-2017-103538,20-08-2016,Customer_119,East,California,Houston,Furniture,Chairs,219.17,1,208.74
CA-2018-103539,17-06-2017,Customer_356,West,California,Houston,Technology,Accessories,494.86,7,9.61
CA-2015-103540,25-07-2015,Customer_69,South,New York,Houston,Furniture,Tables,757.44,6,103.53
CA-2016-103541,22-07-2017,Customer_150,West,New York,Houston,Furniture,Tables,180.97,4,145.96
CA-2017-103542,24-09-2017,Customer_85,East,New York,New York City,Furniture,Chairs,805.44,2,104.41
CA-2018-103543,25-04-2017,Customer_370,East,New York,Miami,Furniture,Chairs,997.41,3,195.91
CA-2015-103544,18-07-2015,Customer_340,West,Illinois,Miami,Office Supplies,Binders,370.09,2,226.75
CA-2016-103545,24-05-2017,Customer_425,East,Florida,New York City,Technology,Phones,721.73,5,32.41
CA-2017-103546,06-11-2018,Customer_38,Central,New York,Houston,Furniture,Bookcases,350.31,9,-54.12
CA-2018-103547,07-01-2015,Customer_425,Central,California,Houston,Technology,Phones,411.25,5,112.58
CA-2015-103548,10-10-2017,Customer_189,East,Illinois,Miami,Office Supplies,Binders,752.42,3,-77.07
CA-2016-103549,31-05-2017,Customer_492,South,Texas,Los Angeles,Technology,Phones,620.84,6,42.9
CA-2017-103550,09-02-2017,Customer_222,East,Florida,Houston,Furniture,Chairs,61.48,7,-52.33
CA-2018-103551,17-08-2018,Customer_291,West,Illinois,Chicago,Office Supplies,Storage,459.23,4,166.79
CA-2015-103552,01-11-2018,Customer_382,West,California,Houston,Technology,Accessories,250.44,6,178.66
CA-2016-103553,13-03-2016,Customer_293,South,Illinois,Houston,Furniture,Tables,767.18,1,15.44
CA-2017-103554,19-08-2015,Customer_332,Central,California,New York City,Furniture,Chairs,487.73,6,165.67
CA-2018-103555,14-04-2017,Customer_447,South,Texas,Miami,Technology,Phones,958.37,8,190.98
CA-2015-103556,19-03-2016,Customer_258,East,New York,Chicago,Furniture,Tables,618.99,7,13.76
CA-2016-103557,10-01-2018,Customer_242,West,New York,Houston,Technology,Copiers,90.96,8,134.54
CA-2017-103558,22-11-2016,Customer_354,South,Texas,Chicago,Furniture,Tables,107.61,6,296.47
CA-2018-103559,28-02-2016,Customer_139,West,Texas,Los Angeles,Technology,Accessories,434.06,3,163.65
CA-2015-103560,21-03-2016,Customer_9,East,California,Miami,Office Supplies,Storage,665.72,6,143.46
CA-2016-103561,18-03-2015,Customer_54,West,Illinois,New York City,Furniture,Tables,100.92,10,-76.55
CA-2017-103562,06-03-2017,Customer_471,Central,Florida,New York City,Office Supplies,Binders,449.34,3,61.07
CA-2018-103563,02-06-2015,Customer_294,Central,California,Houston,Technology,Phones,733.86,10,-84.92
CA-2015-103564,13-03-2018,Customer_218,East,Illinois,Miami,Technology,Accessories,471.99,6,236.61
CA-2016-103565,06-02-2019,Customer_79,West,Illinois,Houston,Furniture,Chairs,923.93,3,64.34
CA-2017-103566,16-06-2017,Customer_427,South,New York,Miami,Technology,Phones,77.6,1,-47.66
CA-2018-103567,30-11-2017,Customer_192,West,Illinois,New York City,Furniture,Chairs,258.41,6,216.43
CA-2015-103568,11-07-2018,Customer_49,Central,California,New York City,Furniture,Tables,128.97,8,154.64
CA-2016-103569,27-12-2017,Customer_322,South,Texas,Chicago,Furniture,Bookcases,409.9,3,-90.15
CA-2017-103570,02-12-2015,Customer_306,South,Texas,Los Angeles,Technology,Copiers,864.18,1,166.93
CA-2018-103571,09-05-2016,Customer_47,West,Texas,Los Angeles,Technology,Copiers,528.35,1,227.75
CA-2015-103572,24-12-2016,Customer_60,South,New York,New York City,Office Supplies,Storage,619.61,6,37.65
CA-2016-103573,22-06-2017,Customer_456,West,Illinois,Miami,Office Supplies,Storage,619.22,10,146.57
CA-2017-103574,23-11-2015,Customer_403,East,Illinois,Chicago,Furniture,Bookcases,827.34,6,-52.93
CA-2018-103575,25-10-2016,Customer_197,East,California,Chicago,Office Supplies,Binders,991.56,8,-43.08
CA-2015-103576,06-08-2017,Customer_421,Central,New York,Houston,Furniture,Bookcases,260.48,1,110.55
CA-2016-103577,09-01-2017,Customer_364,West,Florida,Miami,Furniture,Tables,739.17,6,-22.67
CA-2017-103578,08-05-2015,Customer_266,West,Texas,New York City,Furniture,Chairs,934.03,1,263.65
CA-2018-103579,29-06-2016,Customer_70,East,Florida,Houston,Technology,Accessories,454.8,4,207.63
CA-2015-103580,28-08-2017,Customer_279,West,California,Miami,Furniture,Bookcases,950.89,5,292.37
CA-2016-103581,20-06-2018,Customer_256,West,New York,Chicago,Office Supplies,Paper,221.65,4,193.59
CA-2017-103582,25-11-2015,Customer_243,South,Florida,Los Angeles,Office Supplies,Paper,889.13,8,181.89
CA-2018-103583,19-01-2015,Customer_379,Central,Illinois,Houston,Office Supplies,Storage,172.79,1,279.75
CA-2015-103584,10-12-2016,Customer_352,East,California,Houston,Office Supplies,Paper,354.87,7,-50.88
CA-2016-103585,11-05-2016,Customer_30,West,Texas,New York City,Furniture,Bookcases,592.03,9,162.54
CA-2017-103586,30-07-2015,Customer_205,West,Illinois,Chicago,Furniture,Bookcases,591.37,3,263.52
CA-2018-103587,17-01-2018,Customer_207,East,Illinois,Chicago,Technology,Phones,255.85,2,152.87
CA-2015-103588,07-10-2017,Customer_213,East,Texas,Miami,Furniture,Bookcases,989.67,6,208.6
CA-2016-103589,04-08-2017,Customer_287,South,Texas,New York City,Furniture,Bookcases,936.47,3,47.49
CA-2017-103590,20-08-2018,Customer_99,South,Illinois,Miami,Furniture,Chairs,175.17,7,236.62
CA-2018-103591,24-07-2016,Customer_310,East,Florida,Houston,Furniture,Tables,367.83,8,142.94
CA-2015-103592,23-02-2015,Customer_481,East,California,New York City,Technology,Accessories,710.36,4,181.42
CA-2016-103593,27-01-2017,Customer_486,South,Illinois,Houston,Office Supplies,Storage,554.6,5,-84.11
CA-2017-103594,12-12-2016,Customer_371,South,Florida,Houston,Furniture,Chairs,94.61,9,80.51
CA-2018-103595,31-01-2015,Customer_339,Central,California,Miami,Technology,Accessories,978.08,10,-9.84
CA-2015-103596,30-12-2017,Customer_379,East,Texas,Los Angeles,Furniture,Chairs,414.41,2,63.07
CA-2016-103597,08-06-2015,Customer_210,Central,Florida,Houston,Furniture,Bookcases,244.96,6,159.34
CA-2017-103598,04-10-2017,Customer_157,East,Illinois,Chicago,Technology,Phones,580.8,7,-13.45
CA-2018-103599,11-02-2016,Customer_104,Central,California,Los Angeles,Furniture,Tables,521.76,3,19.05
CA-2015-103600,19-06-2018,Customer_149,East,California,Chicago,Furniture,Chairs,904.29,2,-32.55
CA-2016-103601,03-04-2016,Customer_78,East,Texas,New York City,Furniture,Tables,625.34,1,54.16
CA-2017-103602,26-08-2016,Customer_295,West,Illinois,Los Angeles,Technology,Copiers,278.05,7,182.64
CA-2018-103603,31-01-2015,Customer_108,West,New York,Miami,Office Supplies,Paper,654.59,1,-90.41
CA-2015-103604,10-12-2018,Customer_280,West,New York,Los Angeles,Technology,Phones,227.18,5,-70.66
CA-2016-103605,29-09-2015,Customer_256,South,Illinois,Miami,Office Supplies,Binders,208.15,9,165.99
CA-2017-103606,15-01-2016,Customer_479,Central,New York,New York City,Office Supplies,Storage,820.97,2,49.23
CA-2018-103607,01-01-2015,Customer_103,East,New York,Chicago,Office Supplies,Paper,873.89,8,266.94
CA-2015-103608,03-01-2019,Customer_306,East,Illinois,Miami,Furniture,Bookcases,243.91,1,78.75
CA-2016-103609,27-07-2017,Customer_65,East,Florida,New York City,Technology,Copiers,47.77,3,48.36
CA-2017-103610,06-01-2019,Customer_381,South,New York,Los Angeles,Technology,Phones,875.84,10,71.9
CA-2018-103611,29-06-2016,Customer_436,Central,Florida,Houston,Furniture,Tables,60.66,4,165.76
CA-2015-103612,07-01-2018,Customer_274,Central,New York,Miami,Furniture,Chairs,609.77,7,3.6
CA-2016-103613,26-07-2015,Customer_62,West,Texas,Houston,Furniture,Tables,481.7,8,76.24
CA-2017-103614,26-12-2018,Customer_432,Central,California,Houston,Furniture,Tables,865.78,1,57.82
CA-2018-103615,19-04-2017,Customer_169,West,California,Miami,Office Supplies,Paper,907.23,3,222.14
CA-2015-103616,07-07-2017,Customer_107,East,New York,Chicago,Technology,Phones,361.2,2,280.73
CA-2016-103617,04-06-2017,Customer_218,Central,California,New York City,Technology,Phones,891.9,4,226.79
CA-2017-103618,01-01-2019,Customer_408,South,California,Chicago,Technology,Accessories,271.74,1,245.65
CA-2018-103619,14-02-2018,Customer_484,South,New York,New York City,Technology,Phones,761.69,2,-5.87
CA-2015-103620,09-10-2015,Customer_226,Central,Texas,New York City,Technology,Copiers,755.13,6,7.94
CA-2016-103621,25-11-2018,Customer_308,East,California,Chicago,Office Supplies,Binders,875.81,9,256.98
CA-2017-103622,16-11-2016,Customer_52,South,California,Chicago,Technology,Accessories,913.82,6,209.7
CA-2018-103623,08-01-2016,Customer_473,South,New York,Chicago,Technology,Phones,563.17,10,144.43
CA-2015-103624,15-04-2017,Customer_200,Central,New York,Miami,Technology,Copiers,212.11,6,-71.21
CA-2016-103625,12-05-2018,Customer_381,South,Illinois,Houston,Office Supplies,Storage,401.45,3,110.84
CA-2017-103626,16-06-2017,Customer_452,South,California,Miami,Office Supplies,Binders,773.77,9,36.36
CA-2018-103627,07-07-2017,Customer_363,Central,California,Los Angeles,Office Supplies,Binders,432.99,6,46.46
CA-2015-103628,05-10-2016,Customer_10,Central,Florida,Los Angeles,Furniture,Bookcases,633.66,3,7.79
CA-2016-103629,25-06-2016,Customer_149,West,Texas,Los Angeles,Furniture,Tables,938.13,9,-26.88
CA-2017-103630,11-09-2018,Customer_458,Central,New York,Miami,Furniture,Chairs,794.06,9,204.1
CA-2018-103631,26-05-2017,Customer_474,South,New York,New York City,Office Supplies,Paper,669.11,10,284.61
CA-2015-103632,18-11-2016,Customer_161,East,Texas,Los Angeles,Office Supplies,Paper,749.75,1,38.55
CA-2016-103633,03-12-2015,Customer_22,Central,Texas,Houston,Technology,Copiers,811.91,10,248.0
CA-2017-103634,22-11-2016,Customer_3,West,Illinois,Houston,Technology,Accessories,301.7,9,112.97
CA-2018-103635,13-05-2016,Customer_73,West,Florida,Chicago,Office Supplies,Binders,944.25,4,144.15
CA-2015-103636,21-06-2015,Customer_266,Central,Florida,Houston,Technology,Copiers,244.6,9,38.1
CA-2016-103637,28-04-2015,Customer_184,East,Texas,Miami,Furniture,Chairs,415.7,9,259.9
CA-2017-103638,05-03-2018,Customer_254,West,Illinois,New York City,Office Supplies,Paper,376.58,5,182.62
CA-2018-103639,27-04-2018,Customer_162,Central,New York,New York City,Office Supplies,Binders,876.17,5,229.63
CA-2015-103640,09-11-2016,Customer_83,East,California,Houston,Technology,Accessories,957.35,4,168.91
CA-2016-103641,12-01-2016,Customer_338,Central,Illinois,Houston,Furniture,Chairs,467.05,5,91.46
CA-2017-103642,15-05-2016,Customer_251,Central,New York,Houston,Technology,Phones,848.53,7,-91.24
CA-2018-103643,28-08-2015,Customer_481,Central,Texas,New York City,Furniture,Chairs,796.63,1,43.21
CA-2015-103644,07-11-2015,Customer_66,South,Texas,Miami,Office Supplies,Storage,756.94,2,199.06
CA-2016-103645,27-11-2018,Customer_133,Central,Florida,New York City,Furniture,Chairs,836.31,9,-93.92
CA-2017-103646,17-11-2016,Customer_456,Central,California,Miami,Technology,Copiers,649.7,6,150.02
CA-2018-103647,08-04-2016,Customer_494,South,Illinois,Houston,Furniture,Chairs,76.4,6,280.03
CA-2015-103648,15-02-2016,Customer_343,West,Texas,Los Angeles,Technology,Accessories,539.2,10,206.6
CA-2016-103649,30-09-2015,Customer_151,South,Illinois,New York City,Technology,Phones,226.25,6,-55.66
CA-2017-103650,22-05-2015,Customer_129,West,Illinois,Houston,Office Supplies,Storage,331.85,2,169.05
CA-2018-103651,29-11-2017,Customer_66,Central,New York,Miami,Furniture,Chairs,101.68,5,39.16
CA-2015-103652,28-01-2017,Customer_386,West,Texas,Houston,Furniture,Tables,910.12,5,55.66
CA-2016-103653,10-05-2017,Customer_453,East,Illinois,Los Angeles,Technology,Accessories,283.02,10,110.12
CA-2017-103654,04-11-2018,Customer_202,Central,California,Miami,Furniture,Chairs,806.04,2,234.56
CA-2018-103655,07-07-2017,Customer_309,South,Texas,Miami,Furniture,Chairs,69.81,2,26.4
CA-2015-103656,19-09-2015,Customer_305,Central,California,Houston,Technology,Copiers,735.34,6,28.03
CA-2016-103657,25-03-2016,Customer_343,East,California,Houston,Technology,Phones,678.61,8,114.59
CA-2017-103658,30-06-2015,Customer_347,East,California,Chicago,Office Supplies,Storage,370.48,1,162.62
CA-2018-103659,25-11-2016,Customer_374,East,New York,Chicago,Technology,Phones,57.32,1,4.02
CA-2015-103660,27-01-2017,Customer_413,Central,Florida,Chicago,Technology,Copiers,991.51,3,-9.51
CA-2016-103661,08-02-2019,Customer_274,East,Texas,New York City,Technology,Phones,360.13,8,167.82
CA-2017-103662,13-09-2017,Customer_45,East,California,Los Angeles,Furniture,Tables,139.6,2,75.47
CA-2018-103663,15-08-2018,Customer_201,South,Texas,Chicago,Technology,Phones,572.97,4,116.14
CA-2015-103664,10-01-2018,Customer_104,Central,New York,Chicago,Office Supplies,Paper,261.02,3,142.61
CA-2016-103665,11-08-2017,Customer_458,East,New York,New York City,Technology,Copiers,42.5,8,251.27
CA-2017-103666,26-01-2016,Customer_50,West,Illinois,New York City,Technology,Phones,423.89,1,-68.27
CA-2018-103667,17-08-2017,Customer_225,South,Florida,New York City,Technology,Copiers,695.67,1,181.28
CA-2015-103668,09-03-2016,Customer_122,East,California,Los Angeles,Furniture,Tables,316.39,9,-18.21
CA-2016-103669,29-12-2015,Customer_417,West,Texas,Los Angeles,Technology,Copiers,570.88,4,-79.29
CA-2017-103670,08-02-2019,Customer_25,West,California,Los Angeles,Furniture,Tables,219.23,3,224.95
CA-2018-103671,13-10-2016,Customer_244,West,New York,Chicago,Furniture,Chairs,828.0,3,0.31
CA-2015-103672,23-01-2019,Customer_107,Central,Texas,Chicago,Technology,Phones,157.84,5,58.09
CA-2016-103673,24-03-2018,Customer_191,Central,Florida,Los Angeles,Technology,Phones,244.52,2,293.82
CA-2017-103674,05-11-2017,Customer_69,Central,California,Chicago,Technology,Copiers,305.14,6,7.14
CA-2018-103675,14-09-2018,Customer_166,South,Illinois,Miami,Office Supplies,Binders,298.36,6,-64.12
CA-2015-103676,14-06-2017,Customer_373,West,Texas,Chicago,Technology,Copiers,62.81,8,253.99
CA-2016-103677,13-01-2018,Customer_151,Central,New York,Miami,Technology,Accessories,18.97,10,-66.72
CA-2017-103678,29-10-2017,Customer_270,Central,California,New York City,Technology,Accessories,902.47,5,290.82
CA-2018-103679,19-10-2018,Customer_65,Central,California,Houston,Furniture,Bookcases,769.42,2,-0.41
CA-2015-103680,03-08-2015,Customer_383,West,Texas,Miami,Furniture,Bookcases,445.74,1,221.72
CA-2016-103681,05-03-2016,Customer_207,East,California,Los Angeles,Office Supplies,Paper,563.84,3,279.06
CA-2017-103682,26-07-2017,Customer_23,East,New York,New York City,Technology,Copiers,298.3,5,265.82
CA-2018-103683,23-01-2015,Customer_284,East,New York,Los Angeles,Office Supplies,Paper,283.08,6,126.96
CA-2015-103684,23-01-2017,Customer_139,East,Florida,Houston,Office Supplies,Binders,133.96,10,195.65
CA-2016-103685,02-11-2015,Customer_141,South,New York,Chicago,Furniture,Tables,596.54,1,272.6
CA-2017-103686,22-01-2018,Customer_356,Central,New York,New York City,Technology,Accessories,194.99,2,220.38
CA-2018-103687,14-10-2015,Customer_194,East,Illinois,Chicago,Office Supplies,Binders,661.37,8,99.7
CA-2015-103688,09-03-2018,Customer_349,Central,New York,Chicago,Furniture,Bookcases,33.34,1,156.54
CA-2016-103689,14-11-2018,Customer_435,West,California,New York City,Furniture,Chairs,419.26,10,216.61
CA-2017-103690,10-03-2016,Customer_21,South,New York,New York City,Technology,Copiers,559.57,6,115.34
CA-2018-103691,27-05-2017,Customer_27,South,Florida,Miami,Technology,Copiers,442.23,4,-88.58
CA-2015-103692,22-08-2016,Customer_468,South,California,Houston,Furniture,Bookcases,394.15,10,237.51
CA-2016-103693,15-09-2015,Customer_116,East,Florida,Chicago,Furniture,Bookcases,254.39,5,-18.45
CA-2017-103694,18-03-2016,Customer_298,South,New York,Chicago,Furniture,Chairs,704.89,2,-38.66
CA-2018-103695,09-06-2015,Customer_471,Central,Illinois,Chicago,Furniture,Bookcases,901.24,6,252.15
CA-2015-103696,03-08-2015,Customer_187,West,Texas,Chicago,Technology,Accessories,201.93,6,-92.17
CA-2016-103697,15-09-2018,Customer_463,West,Texas,Houston,Furniture,Bookcases,872.34,7,10.12
CA-2017-103698,02-10-2017,Customer_196,West,New York,Chicago,Furniture,Bookcases,256.72,6,-88.69
CA-2018-103699,18-11-2017,Customer_362,West,Florida,Los Angeles,Furniture,Tables,298.37,9,197.74
CA-2015-103700,17-01-2018,Customer_240,Central,New York,Los Angeles,Technology,Phones,930.75,7,-4.61
CA-2016-103701,16-08-2015,Customer_3,East,Texas,Houston,Technology,Copiers,563.76,7,-93.64
CA-2017-103702,21-11-2016,Customer_181,Central,New York,Los Angeles,Furniture,Bookcases,509.91,9,117.99
CA-2018-103703,18-10-2016,Customer_463,South,Texas,Chicago,Furniture,Chairs,368.67,7,129.78
CA-2015-103704,21-01-2015,Customer_453,East,New York,Houston,Office Supplies,Storage,957.44,7,68.17
CA-2016-103705,07-01-2019,Customer_282,West,Illinois,Chicago,Office Supplies,Paper,677.71,5,180.7
CA-2017-103706,10-04-2015,Customer_491,South,Florida,Chicago,Office Supplies,Storage,361.26,3,276.0
CA-2018-103707,11-10-2018,Customer_371,South,California,Chicago,Office Supplies,Storage,196.63,8,53.53
CA-2015-103708,02-06-2015,Customer_149,Central,Florida,Houston,Technology,Copiers,157.21,10,35.81
CA-2016-103709,02-04-2018,Customer_194,West,Illinois,Los Angeles,Furniture,Chairs,155.5,7,8.81
CA-2017-103710,09-08-2018,Customer_105,South,Florida,New York City,Technology,Phones,194.54,1,259.72
CA-2018-103711,21-04-2017,Customer_158,East,Texas,Houston,Technology,Copiers,977.39,2,272.78
CA-2015-103712,20-09-2017,Customer_300,West,New York,Miami,Furniture,Chairs,681.44,8,-18.05
CA-2016-103713,08-03-2015,Customer_266,West,California,Chicago,Furniture,Chairs,401.36,5,264.98
CA-2017-103714,27-09-2018,Customer_202,South,California,Chicago,Furniture,Chairs,426.65,9,156.33
CA-2018-103715,19-04-2015,Customer_70,Central,California,Houston,Furniture,Bookcases,515.01,5,83.7
CA-2015-103716,03-11-2018,Customer_488,East,Illinois,Miami,Furniture,Chairs,33.35,10,-8.35
CA-2016-103717,22-01-2018,Customer_209,West,Illinois,Houston,Technology,Copiers,454.42,7,258.75
CA-2017-103718,31-07-2018,Customer_34,Central,California,Chicago,Furniture,Bookcases,559.0,2,-36.05
CA-2018-103719,22-05-2017,Customer_187,East,Illinois,Los Angeles,Technology,Accessories,172.69,9,-89.6
CA-2015-103720,13-08-2016,Customer_173,Central,California,Miami,Furniture,Chairs,695.38,10,226.11
CA-2016-103721,28-10-2015,Customer_334,Central,Texas,Houston,Technology,Phones,112.43,9,-36.25
CA-2017-103722,18-01-2019,Customer_294,East,New York,Miami,Office Supplies,Binders,644.79,9,27.7
CA-2018-103723,19-07-2018,Customer_171,Central,New York,Los Angeles,Technology,Phones,369.62,9,140.75
CA-2015-103724,16-05-2017,Customer_153,South,Texas,Miami,Technology,Accessories,57.44,10,45.6
CA-2016-103725,14-03-2015,Customer_335,South,Illinois,Houston,Furniture,Bookcases,284.89,9,179.73
CA-2017-103726,21-01-2019,Customer_449,Central,California,Houston,Furniture,Chairs,178.53,9,265.68
CA-2018-103727,25-06-2015,Customer_444,South,Illinois,Houston,Technology,Accessories,942.12,5,116.32
CA-2015-103728,23-08-2017,Customer_83,Central,California,New York City,Office Supplies,Storage,704.08,7,68.01
CA-2016-103729,22-08-2017,Customer_129,Central,Illinois,Los Angeles,Technology,Copiers,616.35,6,86.7
CA-2017-103730,05-05-2018,Customer_101,South,New York,New York City,Furniture,Tables,892.55,7,217.53
CA-2018-103731,04-12-2016,Customer_28,Central,Texas,Los Angeles,Technology,Copiers,33.2,5,266.36
CA-2015-103732,13-08-2015,Customer_186,West,California,New York City,Technology,Phones,56.2,9,3.92
CA-2016-103733,12-06-2018,Customer_324,Central,California,Los Angeles,Technology,Copiers,718.51,4,-63.55
CA-2017-103734,21-11-2015,Customer_78,East,Illinois,Houston,Technology,Accessories,341.62,8,-30.5
CA-2018-103735,27-04-2016,Customer_252,South,Texas,Chicago,Furniture,Bookcases,818.9,4,0.22
CA-2015-103736,29-04-2015,Customer_46,Central,New York,Miami,Technology,Accessories,68.04,6,74.04
CA-2016-103737,15-08-2016,Customer_327,South,California,Chicago,Office Supplies,Paper,556.45,6,9.26
CA-2017-103738,27-11-2017,Customer_341,Central,Florida,Miami,Office Supplies,Paper,522.14,9,-13.84
CA-2018-103739,15-07-2018,Customer_60,Central,Florida,Miami,Technology,Phones,150.84,6,-34.42
CA-2015-103740,22-04-2018,Customer_66,South,California,Miami,Technology,Accessories,52.91,4,158.8
CA-2016-103741,27-03-2017,Customer_398,Central,New York,New York City,Office Supplies,Paper,506.02,6,134.76
CA-2017-103742,02-02-2019,Customer_74,Central,Texas,Los Angeles,Office Supplies,Binders,781.56,9,-39.36
CA-2018-103743,25-08-2015,Customer_201,Central,Florida,Miami,Furniture,Chairs,136.82,1,288.74
CA-2015-103744,28-07-2017,Customer_87,Central,Florida,New York City,Technology,Accessories,761.07,6,-98.65
CA-2016-103745,17-02-2016,Customer_118,South,New York,Houston,Office Supplies,Paper,502.5,2,-4.54
CA-2017-103746,14-04-2017,Customer_310,West,Texas,Los Angeles,Office Supplies,Binders,404.69,5,38.74
CA-2018-103747,20-09-2016,Customer_102,South,Florida,Chicago,Technology,Accessories,427.46,8,164.9
CA-2015-103748,20-09-2015,Customer_20,West,Texas,Los Angeles,Furniture,Tables,97.19,7,274.43
CA-2016-103749,27-06-2017,Customer_98,South,California,Miami,Office Supplies,Binders,696.66,3,178.26
CA-2017-103750,21-06-2017,Customer_329,West,New York,Chicago,Office Supplies,Paper,500.98,1,207.02
CA-2018-103751,02-09-2017,Customer_23,South,Texas,Los Angeles,Office Supplies,Storage,358.48,6,16.91
CA-2015-103752,26-01-2018,Customer_169,West,Illinois,Chicago,Technology,Phones,257.53,7,238.99
CA-2016-103753,20-07-2017,Customer_441,Central,Texas,Los Angeles,Office Supplies,Paper,811.39,7,146.8
CA-2017-103754,08-06-2016,Customer_55,East,Florida,Los Angeles,Furniture,Tables,314.43,2,-48.93
CA-2018-103755,30-04-2018,Customer_402,Central,Florida,Miami,Furniture,Tables,122.71,5,-89.2
CA-2015-103756,09-08-2017,Customer_135,South,California,Los Angeles,Technology,Accessories,919.07,5,170.57
CA-2016-103757,17-06-2017,Customer_422,Central,Texas,Houston,Technology,Copiers,200.55,8,158.83
CA-2017-103758,24-01-2015,Customer_335,East,California,Houston,Furniture,Tables,91.1,6,244.01
CA-2018-103759,26-02-2016,Customer_48,West,Florida,Los Angeles,Furniture,Bookcases,242.54,2,-92.06
CA-2015-103760,27-12-2017,Customer_121,West,New York,Houston,Office Supplies,Storage,290.81,10,37.38
CA-2016-103761,29-05-2018,Customer_421,East,New York,Houston,Office Supplies,Storage,377.95,10,-51.84
CA-2017-103762,05-02-2018,Customer_207,South,Illinois,Chicago,Furniture,Bookcases,842.19,10,73.93
CA-2018-103763,23-08-2015,Customer_144,South,California,Houston,Furniture,Bookcases,71.08,4,70.98
CA-2015-103764,12-06-2017,Customer_330,East,Illinois,Houston,Office Supplies,Paper,612.94,10,129.94
CA-2016-103765,28-09-2018,Customer_298,West,Florida,Los Angeles,Technology,Phones,167.4,2,5.42
CA-2017-103766,30-01-2017,Customer_151,South,California,Los Angeles,Office Supplies,Binders,227.49,2,113.03
CA-2018-103767,20-09-2015,Customer_169,West,New York,New York City,Office Supplies,Binders,846.96,1,111.44
CA-2015-103768,02-05-2015,Customer_17,Central,Illinois,Chicago,Furniture,Tables,47.43,5,-49.28
CA-2016-103769,13-02-2016,Customer_486,South,New York,Los Angeles,Furniture,Bookcases,904.93,9,12.38
CA-2017-103770,30-04-2016,Customer_146,East,Texas,Houston,Technology,Phones,328.45,6,89.06
CA-2018-103771,25-06-2018,Customer_301,West,Florida,Los Angeles,Office Supplies,Paper,347.63,1,-39.7
CA-2015-103772,12-05-2017,Customer_366,South,Florida,Miami,Office Supplies,Paper,592.44,5,75.1
CA-2016-103773,30-11-2015,Customer_480,South,Texas,Chicago,Furniture,Bookcases,857.1,9,20.36
CA-2017-103774,30-12-2015,Customer_61,Central,New York,New York City,Furniture,Bookcases,297.39,10,94.75
CA-2018-103775,25-03-2017,Customer_199,South,Florida,Chicago,Furniture,Tables,266.99,4,-76.52
CA-2015-103776,10-05-2015,Customer_4,Central,Florida,Chicago,Furniture,Bookcases,491.76,3,264.28
CA-2016-103777,12-10-2016,Customer_401,West,Texas,New York City,Technology,Phones,533.86,1,261.77
CA-2017-103778,20-09-2016,Customer_456,Central,Texas,New York City,Furniture,Tables,837.01,1,222.47
CA-2018-103779,08-02-2017,Customer_131,South,Illinois,Miami,Office Supplies,Paper,683.98,1,281.99
CA-2015-103780,10-01-2015,Customer_201,East,Florida,New York City,Office Supplies,Storage,939.34,10,164.42
CA-2016-103781,21-09-2015,Customer_278,East,New York,Houston,Technology,Phones,214.82,6,136.5
CA-2017-103782,06-03-2016,Customer_462,East,California,New York City,Furniture,Tables,389.54,8,162.56
CA-2018-103783,08-11-2018,Customer_386,South,California,Miami,Furniture,Bookcases,974.77,7,218.45
CA-2015-103784,18-10-2015,Customer_420,East,Florida,Miami,Furniture,Bookcases,133.69,5,117.43
CA-2016-103785,14-07-2015,Customer_27,South,New York,Los Angeles,Office Supplies,Paper,869.72,4,48.51
CA-2017-103786,01-10-2017,Customer_225,West,New York,New York City,Furniture,Tables,740.64,5,127.02
CA-2018-103787,28-01-2015,Customer_125,West,Texas,New York City,Office Supplies,Paper,810.51,6,39.48
CA-2015-103788,12-10-2018,Customer_286,West,California,Miami,Furniture,Chairs,462.09,2,29.71
CA-2016-103789,03-08-2018,Customer_481,East,California,Houston,Office Supplies,Binders,838.2,6,27.4
CA-2017-103790,14-06-2016,Customer_155,East,Texas,Miami,Furniture,Tables,39.03,9,-99.14
CA-2018-103791,02-12-2015,Customer_189,Central,Texas,Chicago,Technology,Copiers,591.75,8,204.24
CA-2015-103792,25-02-2017,Customer_413,West,New York,Chicago,Office Supplies,Binders,469.62,6,149.28
CA-2016-103793,07-01-2018,Customer_492,West,Florida,Los Angeles,Office Supplies,Paper,968.38,8,48.47
CA-2017-103794,08-12-2017,Customer_316,East,California,Chicago,Technology,Accessories,314.69,8,232.74
CA-2018-103795,21-05-2015,Customer_313,South,Texas,Chicago,Technology,Phones,868.35,7,164.96
CA-2015-103796,22-10-2017,Customer_291,East,California,Chicago,Furniture,Tables,726.6,7,126.01
CA-2016-103797,14-11-2018,Customer_226,East,Texas,New York City,Office Supplies,Paper,940.34,7,266.87
CA-2017-103798,26-04-2017,Customer_396,East,Illinois,Miami,Technology,Copiers,731.93,9,252.33
CA-2018-103799,31-01-2018,Customer_442,East,Texas,Los Angeles,Office Supplies,Binders,419.99,10,284.49
CA-2015-103800,04-02-2019,Customer_288,Central,New York,Los Angeles,Technology,Accessories,54.35,9,127.82
CA-2016-103801,05-03-2017,Customer_281,Central,Illinois,Houston,Office Supplies,Storage,112.18,9,272.26
CA-2017-103802,15-10-2016,Customer_196,South,Florida,Miami,Office Supplies,Binders,941.76,9,81.52
CA-2018-103803,18-10-2017,Customer_343,Central,Illinois,Houston,Technology,Copiers,987.76,6,188.58
CA-2015-103804,23-05-2016,Customer_267,East,Illinois,Los Angeles,Office Supplies,Storage,318.31,5,136.76
CA-2016-103805,13-11-2015,Customer_214,Central,California,Miami,Technology,Phones,23.33,4,154.57
CA-2017-103806,23-11-2016,Customer_443,East,California,New York City,Furniture,Chairs,19.34,9,272.29
CA-2018-103807,08-10-2016,Customer_309,Central,California,Chicago,Office Supplies,Paper,785.39,2,-0.78
CA-2015-103808,14-11-2015,Customer_301,West,Illinois,Miami,Technology,Accessories,17.22,4,172.72
CA-2016-103809,14-09-2016,Customer_432,Central,California,Miami,Office Supplies,Binders,646.0,1,-59.71
CA-2017-103810,24-02-2017,Customer_270,East,Illinois,Miami,Furniture,Bookcases,741.49,10,66.11
CA-2018-103811,09-11-2015,Customer_77,Central,Illinois,Chicago,Technology,Accessories,163.55,3,-70.6
CA-2015-103812,15-06-2016,Customer_355,South,Florida,Chicago,Technology,Accessories,462.49,4,200.99
CA-2016-103813,17-07-2018,Customer_176,Central,Texas,Chicago,Office Supplies,Storage,574.22,4,124.06
CA-2017-103814,29-08-2016,Customer_318,East,Texas,Los Angeles,Furniture,Chairs,977.92,10,245.68
CA-2018-103815,27-05-2018,Customer_245,East,Illinois,Houston,Technology,Copiers,707.47,8,287.87
CA-2015-103816,14-07-2015,Customer_172,East,California,Los Angeles,Furniture,Tables,363.51,2,-68.35
CA-2016-103817,17-12-2018,Customer_156,Central,Florida,Los Angeles,Technology,Copiers,494.21,6,-12.0
CA-2017-103818,05-04-2016,Customer_126,East,Florida,Los Angeles,Office Supplies,Paper,973.69,3,121.6
CA-2018-103819,02-04-2016,Customer_432,South,Texas,Los Angeles,Technology,Accessories,527.31,9,0.04
CA-2015-103820,25-05-2016,Customer_282,West,California,New York City,Furniture,Chairs,408.58,4,200.84
CA-2016-103821,25-04-2017,Customer_460,South,Florida,New York City,Furniture,Tables,657.38,10,219.71
CA-2017-103822,21-05-2017,Customer_281,Central,Illinois,Chicago,Furniture,Chairs,236.41,6,298.4
CA-2018-103823,15-07-2015,Customer_384,West,Florida,Los Angeles,Technology,Phones,417.04,4,207.97
CA-2015-103824,26-11-2018,Customer_485,South,California,Los Angeles,Technology,Accessories,899.51,6,250.42
CA-2016-103825,12-05-2017,Customer_352,Central,Florida,Miami,Office Supplies,Storage,640.78,8,265.44
CA-2017-103826,14-08-2015,Customer_441,East,New York,Miami,Technology,Copiers,624.72,3,297.56
CA-2018-103827,12-05-2016,Customer_177,East,Texas,New York City,Furniture,Tables,41.79,2,204.93
CA-2015-103828,19-09-2017,Customer_446,South,New York,Miami,Technology,Accessories,798.05,2,160.26
CA-2016-103829,11-08-2015,Customer_207,East,New York,New York City,Office Supplies,Binders,594.12,2,86.77
CA-2017-103830,30-05-2018,Customer_270,Central,California,Chicago,Office Supplies,Binders,285.78,10,29.42
CA-2018-103831,04-11-2016,Customer_412,East,Illinois,Los Angeles,Furniture,Bookcases,713.37,9,-46.89
CA-2015-103832,05-07-2017,Customer_391,West,Texas,New York City,Office Supplies,Paper,111.57,5,-4.6
CA-2016-103833,05-01-2018,Customer_166,East,Florida,Chicago,Furniture,Chairs,76.94,1,278.75
CA-2017-103834,06-11-2017,Customer_224,Central,Illinois,New York City,Technology,Copiers,374.24,7,138.0
CA-2018-103835,07-07-2016,Customer_18,West,New York,Houston,Technology,Phones,820.72,6,221.87
CA-2015-103836,29-06-2016,Customer_160,West,Texas,Houston,Office Supplies,Storage,918.1,9,-94.51
CA-2016-103837,06-04-2017,Customer_374,South,Florida,Chicago,Furniture,Bookcases,658.81,8,86.41
CA-2017-103838,18-01-2016,Customer_50,South,Illinois,Miami,Office Supplies,Paper,401.06,10,31.25
CA-2018-103839,28-10-2016,Customer_263,East,New York,Chicago,Technology,Accessories,575.64,8,18.27
CA-2015-103840,06-01-2015,Customer_129,West,Texas,Chicago,Office Supplies,Binders,962.38,9,121.99
CA-2016-103841,01-03-2015,Customer_479,East,Texas,New York City,Office Supplies,Storage,657.79,6,103.05
CA-2017-103842,12-10-2017,Customer_1,West,Texas,Chicago,Technology,Copiers,717.16,6,70.5
CA-2018-103843,19-01-2016,Customer_232,East,New York,Chicago,Furniture,Chairs,743.76,8,1.67
CA-2015-103844,29-10-2015,Customer_126,West,Texas,New York City,Technology,Phones,628.58,5,54.4
CA-2016-103845,13-05-2018,Customer_75,West,Florida,New York City,Furniture,Chairs,744.94,5,55.47
CA-2017-103846,17-03-2018,Customer_9,South,Illinois,Houston,Office Supplies,Paper,222.32,1,44.54
CA-2018-103847,14-11-2015,Customer_223,South,Texas,Los Angeles,Office Supplies,Storage,38.3,10,237.71
CA-2015-103848,06-05-2016,Customer_89,West,California,Chicago,Furniture,Bookcases,990.89,8,-41.93
CA-2016-103849,22-11-2015,Customer_26,Central,New York,Los Angeles,Technology,Copiers,919.71,9,294.41
CA-2017-103850,10-05-2017,Customer_440,East,Florida,Houston,Technology,Copiers,927.1,5,236.48
CA-2018-103851,12-03-2018,Customer_340,South,Florida,Los Angeles,Technology,Accessories,635.46,8,-81.05
CA-2015-103852,24-03-2016,Customer_409,East,New York,New York City,Furniture,Chairs,195.13,1,140.29
CA-2016-103853,17-04-2016,Customer_309,Central,New York,Miami,Technology,Accessories,842.05,8,40.72
CA-2017-103854,14-10-2015,Customer_145,South,New York,Los Angeles,Technology,Phones,707.59,4,-75.6
CA-2018-103855,08-12-2016,Customer_280,Central,Texas,Chicago,Office Supplies,Storage,217.82,4,249.05
CA-2015-103856,17-06-2016,Customer_56,West,Illinois,Miami,Office Supplies,Paper,981.8,6,-33.45
CA-2016-103857,30-07-2017,Customer_137,South,Illinois,Houston,Technology,Accessories,148.03,4,64.95
CA-2017-103858,12-01-2016,Customer_244,Central,Florida,Miami,Office Supplies,Paper,155.97,4,-34.79
CA-2018-103859,04-03-2016,Customer_323,South,Florida,New York City,Technology,Accessories,888.81,2,225.0
CA-2015-103860,29-05-2016,Customer_204,South,Illinois,New York City,Office Supplies,Storage,454.06,9,157.34
CA-2016-103861,19-09-2016,Customer_443,East,Florida,Chicago,Furniture,Tables,241.55,7,109.77
CA-2017-103862,25-07-2017,Customer_489,South,Texas,Chicago,Technology,Phones,13.0,4,6.56
CA-2018-103863,27-05-2016,Customer_55,West,Illinois,Los Angeles,Technology,Phones,175.66,7,3.88
CA-2015-103864,30-11-2016,Customer_226,South,Florida,Miami,Furniture,Tables,799.85,2,110.01
CA-2016-103865,30-04-2015,Customer_309,Central,Florida,Miami,Technology,Copiers,452.42,5,14.4
CA-2017-103866,23-09-2015,Customer_47,South,Florida,Los Angeles,Furniture,Chairs,921.17,9,129.8
CA-2018-103867,09-12-2018,Customer_96,East,California,Los Angeles,Technology,Phones,769.54,5,257.39
CA-2015-103868,01-08-2017,Customer_95,Central,Florida,Los Angeles,Office Supplies,Paper,499.44,6,105.04
CA-2016-103869,04-01-2018,Customer_2,East,California,Los Angeles,Furniture,Chairs,671.61,9,299.14
CA-2017-103870,08-03-2016,Customer_190,South,Illinois,New York City,Office Supplies,Storage,115.36,3,124.5
CA-2018-103871,20-05-2017,Customer_50,West,Illinois,Miami,Technology,Phones,497.66,6,-93.35
CA-2015-103872,31-03-2018,Customer_350,East,California,Houston,Furniture,Tables,540.93,9,197.08
CA-2016-103873,19-01-2016,Customer_226,East,Texas,Chicago,Furniture,Tables,294.97,7,-75.97
CA-2017-103874,07-07-2017,Customer_153,South,California,New York City,Technology,Accessories,724.21,6,103.02
CA-2018-103875,08-04-2017,Customer_382,Central,Texas,Chicago,Furniture,Tables,835.25,5,72.46
CA-2015-103876,13-04-2015,Customer_420,East,Texas,Chicago,Technology,Accessories,96.0,10,110.31
CA-2016-103877,22-10-2017,Customer_442,South,Texas,Chicago,Office Supplies,Binders,883.97,8,158.93
CA-2017-103878,13-12-2015,Customer_261,East,Illinois,Los Angeles,Furniture,Tables,810.53,6,-15.57
CA-2018-103879,09-10-2016,Customer_259,West,Florida,Los Angeles,Technology,Phones,902.39,10,46.92
CA-2015-103880,25-11-2018,Customer_489,Central,New York,Houston,Office Supplies,Storage,561.17,7,7.43
CA-2016-103881,13-06-2016,Customer_381,South,Illinois,New York City,Office Supplies,Paper,670.32,6,58.09
CA-2017-103882,13-09-2017,Customer_141,Central,Illinois,Chicago,Office Supplies,Paper,988.73,3,78.98
CA-2018-103883,18-04-2018,Customer_220,Central,Florida,Chicago,Office Supplies,Binders,997.96,6,-67.2
CA-2015-103884,14-08-2018,Customer_12,West,Illinois,Chicago,Furniture,Tables,556.82,1,156.26
CA-2016-103885,01-08-2018,Customer_143,Central,New York,Houston,Office Supplies,Binders,120.76,10,261.13
CA-2017-103886,01-11-2017,Customer_88,South,California,Chicago,Office Supplies,Paper,708.61,7,-45.42
CA-2018-103887,14-10-2018,Customer_83,Central,New York,Los Angeles,Furniture,Tables,592.89,3,222.92
CA-2015-103888,08-09-2016,Customer_32,West,Texas,New York City,Office Supplies,Storage,437.28,4,198.07
CA-2016-103889,25-12-2016,Customer_438,South,California,Chicago,Office Supplies,Storage,281.46,9,195.27
CA-2017-103890,25-11-2015,Customer_68,South,Texas,Chicago,Technology,Copiers,890.19,1,76.18
CA-2018-103891,31-03-2016,Customer_246,East,California,Los Angeles,Technology,Accessories,565.46,3,186.22
CA-2015-103892,08-09-2015,Customer_171,South,Texas,Houston,Furniture,Tables,981.73,2,174.52
CA-2016-103893,22-04-2018,Customer_312,Central,California,Chicago,Technology,Phones,218.55,9,100.91
CA-2017-103894,05-08-2015,Customer_196,South,Texas,Houston,Technology,Phones,958.89,1,201.91
CA-2018-103895,24-12-2017,Customer_86,West,Florida,Miami,Furniture,Chairs,507.72,8,77.07
CA-2015-103896,04-05-2018,Customer_311,East,California,New York City,Furniture,Tables,94.51,5,159.34
CA-2016-103897,22-05-2015,Customer_171,East,California,New York City,Furniture,Tables,739.76,8,215.63
CA-2017-103898,11-12-2017,Customer_13,South,New York,Houston,Furniture,Bookcases,480.87,2,51.83
CA-2018-103899,21-02-2017,Customer_55,South,California,New York City,Technology,Phones,433.8,8,149.3
CA-2015-103900,10-08-2018,Customer_236,Central,Florida,Miami,Technology,Phones,670.0,7,162.75
CA-2016-103901,07-12-2018,Customer_51,West,Florida,New York City,Office Supplies,Storage,880.4,7,1.69
CA-2017-103902,16-01-2015,Customer_153,Central,Texas,Houston,Technology,Accessories,409.87,3,76.23
CA-2018-103903,09-02-2017,Customer_266,East,Texas,Houston,Furniture,Chairs,452.85,6,257.6
CA-2015-103904,17-07-2018,Customer_201,South,California,Los Angeles,Office Supplies,Paper,892.21,7,-91.77
CA-2016-103905,07-01-2018,Customer_430,West,New York,New York City,Office Supplies,Binders,215.71,5,99.7
CA-2017-103906,30-01-2016,Customer_81,Central,Illinois,Chicago,Technology,Copiers,255.57,1,33.12
CA-2018-103907,11-09-2017,Customer_202,West,California,Los Angeles,Furniture,Bookcases,721.59,9,49.31
CA-2015-103908,24-03-2017,Customer_247,West,California,Chicago,Furniture,Chairs,914.78,3,-14.63
CA-2016-103909,26-05-2016,Customer_284,Central,California,Miami,Furniture,Chairs,392.52,5,140.62
CA-2017-103910,09-10-2018,Customer_130,West,New York,Chicago,Technology,Phones,975.99,9,174.75
CA-2018-103911,06-12-2018,Customer_211,West,California,Houston,Furniture,Chairs,745.8,9,23.18
CA-2015-103912,03-05-2015,Customer_342,Central,Florida,Los Angeles,Technology,Accessories,871.61,4,200.39
CA-2016-103913,06-02-2018,Customer_105,West,Illinois,Chicago,Office Supplies,Binders,275.14,5,263.33
CA-2017-103914,11-08-2015,Customer_258,Central,Texas,Chicago,Office Supplies,Paper,989.84,9,57.55
CA-2018-103915,01-03-2017,Customer_136,South,Texas,Miami,Office Supplies,Binders,794.39,1,220.89
CA-2015-103916,04-10-2015,Customer_117,Central,Texas,Houston,Office Supplies,Storage,583.51,1,-87.97
CA-2016-103917,27-06-2017,Customer_78,Central,Illinois,Chicago,Technology,Phones,511.66,10,-16.21
CA-2017-103918,26-07-2017,Customer_77,West,Florida,Los Angeles,Technology,Accessories,470.12,1,210.25
CA-2018-103919,31-05-2018,Customer_203,East,Illinois,Los Angeles,Technology,Copiers,299.61,7,42.97
CA-2015-103920,03-07-2015,Customer_385,East,New York,Miami,Furniture,Bookcases,88.27,3,254.96
CA-2016-103921,14-05-2017,Customer_437,South,Texas,Chicago,Technology,Copiers,929.69,9,188.13
CA-2017-103922,18-10-2018,Customer_279,Central,New York,Chicago,Office Supplies,Storage,953.43,4,265.38
CA-2018-103923,22-11-2018,Customer_56,Central,Texas,Houston,Furniture,Bookcases,186.57,5,109.7
CA-2015-103924,25-12-2015,Customer_485,South,California,Los Angeles,Furniture,Tables,116.15,8,13.97
CA-2016-103925,15-03-2016,Customer_273,East,California,Chicago,Technology,Copiers,484.98,1,42.62
CA-2017-103926,19-09-2017,Customer_296,South,California,Los Angeles,Furniture,Bookcases,336.98,6,165.16
CA-2018-103927,06-07-2015,Customer_362,South,Illinois,Miami,Technology,Accessories,255.95,4,-32.74
CA-2015-103928,11-02-2016,Customer_437,South,New York,Los Angeles,Office Supplies,Storage,548.96,3,50.46
CA-2016-103929,19-02-2015,Customer_343,South,New York,New York City,Technology,Copiers,616.9,10,-50.1
CA-2017-103930,14-03-2017,Customer_328,South,Illinois,Los Angeles,Office Supplies,Paper,273.1,9,182.41
CA-2018-103931,31-05-2015,Customer_85,South,Florida,New York City,Furniture,Chairs,529.07,10,226.91
CA-2015-103932,17-10-2017,Customer_326,West,New York,Los Angeles,Furniture,Tables,257.06,8,134.21
CA-2016-103933,15-06-2015,Customer_149,West,California,Miami,Office Supplies,Paper,445.08,9,-55.98
CA-2017-103934,05-03-2018,Customer_419,Central,New York,Miami,Office Supplies,Binders,701.01,6,116.7
CA-2018-103935,04-03-2016,Customer_432,Central,Illinois,Los Angeles,Furniture,Tables,746.19,8,288.55
CA-2015-103936,05-09-2015,Customer_435,Central,Florida,Houston,Office Supplies,Storage,342.88,7,199.26
CA-2016-103937,17-07-2016,Customer_95,West,Texas,Miami,Technology,Accessories,299.36,3,282.98
CA-2017-103938,29-06-2016,Customer_51,South,Illinois,Chicago,Technology,Phones,326.4,7,283.57
CA-2018-103939,24-02-2018,Customer_414,West,New York,Houston,Technology,Accessories,120.08,4,60.51
CA-2015-103940,21-04-2015,Customer_493,East,Illinois,Chicago,Furniture,Chairs,664.04,6,-84.92
CA-2016-103941,22-11-2015,Customer_153,Central,Florida,Houston,Furniture,Bookcases,546.0,9,229.47
CA-2017-103942,25-03-2016,Customer_407,Central,California,Los Angeles,Furniture,Tables,256.66,5,266.26
CA-2018-103943,06-03-2017,Customer_364,Central,Illinois,Houston,Office Supplies,Storage,208.48,2,190.21
CA-2015-103944,22-10-2015,Customer_150,East,New York,Chicago,Office Supplies,Storage,954.72,5,-44.89
CA-2016-103945,17-06-2015,Customer_289,West,New York,Chicago,Technology,Phones,315.4,6,-99.27
CA-2017-103946,07-11-2018,Customer_241,Central,California,Chicago,Furniture,Chairs,588.1,1,162.93
CA-2018-103947,18-07-2018,Customer_51,East,New York,New York City,Technology,Copiers,897.6,10,-18.97
CA-2015-103948,07-02-2015,Customer_183,Central,Illinois,Chicago,Furniture,Chairs,844.01,3,255.14
CA-2016-103949,13-11-2018,Customer_198,Central,Illinois,Los Angeles,Office Supplies,Paper,965.2,8,-39.23
CA-2017-103950,13-11-2018,Customer_401,West,New York,Houston,Office Supplies,Paper,409.95,10,298.83
CA-2018-103951,01-03-2018,Customer_7,East,California,Los Angeles,Technology,Copiers,353.22,3,275.62
CA-2015-103952,29-06-2015,Customer_457,Central,New York,Los Angeles,Technology,Phones,249.32,2,224.04
CA-2016-103953,10-01-2016,Customer_267,East,Illinois,Houston,Furniture,Bookcases,803.79,9,82.68
CA-2017-103954,12-03-2015,Customer_485,East,New York,Chicago,Furniture,Bookcases,312.68,2,139.78
CA-2018-103955,24-08-2018,Customer_237,South,New York,Chicago,Office Supplies,Binders,45.14,10,138.64
CA-2015-103956,09-03-2018,Customer_330,East,California,Los Angeles,Office Supplies,Paper,865.91,10,83.88
CA-2016-103957,06-02-2019,Customer_130,West,New York,Los Angeles,Furniture,Chairs,775.73,8,89.42
CA-2017-103958,12-05-2017,Customer_189,South,Florida,Miami,Office Supplies,Storage,607.47,3,75.14
CA-2018-103959,01-10-2016,Customer_124,Central,Florida,Chicago,Technology,Phones,261.05,8,104.45
CA-2015-103960,18-11-2016,Customer_164,West,California,Houston,Office Supplies,Paper,528.39,2,276.39
CA-2016-103961,23-07-2015,Customer_377,South,California,Houston,Furniture,Tables,944.72,10,207.4
CA-2017-103962,25-10-2015,Customer_220,Central,Texas,New York City,Office Supplies,Storage,620.0,1,-76.25
CA-2018-103963,05-01-2016,Customer_437,East,Texas,Houston,Technology,Copiers,564.94,7,-13.41
CA-2015-103964,27-01-2017,Customer_46,Central,Texas,Miami,Office Supplies,Storage,426.01,6,92.01
CA-2016-103965,27-04-2015,Customer_227,South,Illinois,Chicago,Technology,Accessories,605.76,6,3.34
CA-2017-103966,18-07-2017,Customer_7,West,Texas,Miami,Office Supplies,Storage,897.08,7,210.16
CA-2018-103967,23-03-2017,Customer_38,South,Texas,Los Angeles,Technology,Phones,165.77,5,179.18
CA-2015-103968,26-05-2015,Customer_395,West,New York,New York City,Office Supplies,Paper,100.05,7,131.12
CA-2016-103969,20-11-2018,Customer_260,East,Texas,Los Angeles,Furniture,Chairs,668.33,9,-95.65
CA-2017-103970,22-05-2017,Customer_368,South,New York,Chicago,Furniture,Tables,506.59,10,171.36
CA-2018-103971,20-07-2016,Customer_436,Central,California,Houston,Office Supplies,Paper,573.4,7,69.36
CA-2015-103972,17-09-2015,Customer_261,East,Illinois,Miami,Technology,Accessories,781.24,6,44.87
CA-2016-103973,08-05-2015,Customer_227,West,New York,New York City,Office Supplies,Binders,153.26,5,246.12
CA-2017-103974,13-09-2018,Customer_45,South,Texas,Los Angeles,Furniture,Bookcases,683.06,8,-26.33
CA-2018-103975,26-03-2018,Customer_362,West,Florida,New York City,Technology,Copiers,510.59,7,236.29
CA-2015-103976,09-02-2016,Customer_335,East,California,Chicago,Office Supplies,Binders,224.06,6,269.72
CA-2016-103977,30-09-2016,Customer_107,South,Florida,Los Angeles,Furniture,Tables,212.76,7,172.08
CA-2017-103978,09-11-2016,Customer_38,West,California,Chicago,Office Supplies,Storage,903.37,2,17.12
CA-2018-103979,24-01-2015,Customer_348,Central,California,Houston,Office Supplies,Storage,378.11,2,253.32
CA-2015-103980,08-04-2018,Customer_144,Central,Illinois,Houston,Technology,Accessories,597.64,7,-28.41
CA-2016-103981,29-11-2016,Customer_371,East,California,New York City,Office Supplies,Paper,192.74,8,-97.84
CA-2017-103982,27-11-2017,Customer_235,East,Florida,Los Angeles,Technology,Phones,229.7,4,81.7
CA-2018-103983,17-08-2017,Customer_425,Central,Florida,Los Angeles,Office Supplies,Paper,413.47,8,297.12
CA-2015-103984,19-06-2016,Customer_191,East,California,New York City,Office Supplies,Paper,716.97,6,54.41
CA-2016-103985,18-02-2015,Customer_325,East,New York,Chicago,Technology,Copiers,418.67,2,-61.2
CA-2017-103986,28-01-2019,Customer_255,Central,California,Houston,Office Supplies,Binders,612.15,8,90.39
CA-2018-103987,01-01-2017,Customer_387,South,New York,Miami,Furniture,Tables,172.97,1,19.84
CA-2015-103988,22-11-2015,Customer_254,East,California,Houston,Office Supplies,Binders,182.0,7,-31.89
CA-2016-103989,25-02-2016,Customer_282,West,Texas,Miami,Furniture,Tables,331.64,7,-64.0
CA-2017-103990,30-12-2015,Customer_150,East,Florida,Los Angeles,Furniture,Chairs,108.79,7,-89.88
CA-2018-103991,21-08-2015,Customer_94,West,New York,New York City,Office Supplies,Paper,693.51,2,107.51
CA-2015-103992,10-12-2015,Customer_408,Central,California,Los Angeles,Furniture,Chairs,814.43,7,264.75
CA-2016-103993,05-10-2018,Customer_354,South,Florida,Los Angeles,Technology,Copiers,721.11,7,-40.14
CA-2017-103994,02-11-2017,Customer_403,East,California,New York City,Technology,Phones,778.5,8,129.0
CA-2018-103995,20-07-2015,Customer_282,West,Florida,Houston,Furniture,Bookcases,945.01,2,179.27
CA-2015-103996,02-01-2018,Customer_158,West,Florida,New York City,Office Supplies,Storage,291.31,8,249.04
CA-2016-103997,31-08-2015,Customer_36,West,California,New York City,Office Supplies,Binders,928.69,5,242.52
CA-2017-103998,20-04-2018,Customer_354,Central,Illinois,Miami,Technology,Accessories,325.19,3,51.73
CA-2018-103999,18-03-2018,Customer_427,West,California,Chicago,Technology,Copiers,118.21,5,109.08
CA-2015-104000,21-02-2017,Customer_1,West,Texas,Los Angeles,Office Supplies,Storage,694.89,10,23.78
CA-2016-104001,29-01-2015,Customer_22,South,Florida,Houston,Furniture,Bookcases,59.98,7,-73.85
CA-2017-104002,14-10-2018,Customer_68,South,Florida,Houston,Technology,Copiers,646.75,5,196.59
CA-2018-104003,25-07-2016,Customer_266,East,California,Houston,Office Supplies,Binders,685.78,9,-59.71
CA-2015-104004,26-10-2016,Customer_301,East,Illinois,Houston,Office Supplies,Storage,495.7,2,148.93
CA-2016-104005,08-09-2017,Customer_121,Central,Texas,Chicago,Technology,Phones,599.7,2,-8.23
CA-2017-104006,23-11-2017,Customer_424,West,California,Chicago,Office Supplies,Paper,562.93,3,113.52
CA-2018-104007,29-08-2017,Customer_96,West,California,Miami,Furniture,Chairs,14.29,9,-97.82
CA-2015-104008,15-10-2015,Customer_189,West,California,Chicago,Technology,Accessories,419.07,3,164.78
CA-2016-104009,31-08-2017,Customer_281,Central,Florida,Houston,Furniture,Tables,876.37,3,75.2
CA-2017-104010,15-01-2019,Customer_259,South,Florida,Houston,Technology,Accessories,353.72,5,40.55
CA-2018-104011,13-03-2016,Customer_484,Central,Texas,Los Angeles,Office Supplies,Binders,266.74,5,28.85
CA-2015-104012,04-01-2016,Customer_150,South,New York,Miami,Office Supplies,Storage,473.66,3,93.71
CA-2016-104013,15-07-2016,Customer_379,West,Florida,Houston,Furniture,Tables,267.62,2,66.51
CA-2017-104014,04-05-2015,Customer_479,West,California,Los Angeles,Furniture,Chairs,636.7,7,206.74
CA-2018-104015,07-05-2018,Customer_165,South,New York,Los Angeles,Furniture,Tables,405.19,5,-64.81
CA-2015-104016,16-10-2016,Customer_20,South,California,New York City,Office Supplies,Storage,771.66,9,-79.1
CA-2016-104017,16-08-2015,Customer_393,Central,Florida,Houston,Office Supplies,Paper,43.21,9,243.17
CA-2017-104018,07-04-2017,Customer_461,South,Texas,Houston,Furniture,Chairs,354.01,6,299.5
CA-2018-104019,05-05-2017,Customer_295,West,California,Miami,Furniture,Tables,245.58,2,7.98
CA-2015-104020,04-03-2016,Customer_343,East,Illinois,New York City,Furniture,Bookcases,497.05,9,82.0
CA-2016-104021,06-10-2018,Customer_8,South,Texas,Houston,Furniture,Chairs,698.91,4,10.74
CA-2017-104022,22-06-2015,Customer_435,East,New York,New York City,Furniture,Chairs,950.81,4,73.89
CA-2018-104023,10-09-2015,Customer_251,West,California,Houston,Furniture,Tables,854.35,1,-18.48
CA-2015-104024,27-04-2017,Customer_310,East,California,Chicago,Office Supplies,Storage,630.84,8,-27.62
CA-2016-104025,16-07-2016,Customer_446,West,Illinois,New York City,Furniture,Chairs,512.2,2,101.46
CA-2017-104026,11-06-2017,Customer_207,South,New York,Chicago,Technology,Copiers,675.11,5,139.84
CA-2018-104027,01-03-2015,Customer_466,Central,Florida,Los Angeles,Office Supplies,Paper,471.94,6,13.66
CA-2015-104028,30-01-2016,Customer_500,East,Texas,Miami,Furniture,Tables,533.15,7,-23.75
CA-2016-104029,14-07-2016,Customer_477,Central,New York,Chicago,Furniture,Tables,119.73,9,154.72
CA-2017-104030,23-07-2017,Customer_333,West,Florida,Houston,Office Supplies,Binders,252.85,9,254.35
CA-2018-104031,06-04-2017,Customer_239,South,Illinois,Miami,Technology,Copiers,762.5,2,-23.38
CA-2015-104032,15-05-2017,Customer_87,East,California,Houston,Office Supplies,Binders,678.83,7,27.68
CA-2016-104033,30-07-2015,Customer_276,West,New York,Los Angeles,Technology,Copiers,81.55,9,102.29
CA-2017-104034,17-05-2018,Customer_31,Central,Illinois,Houston,Furniture,Chairs,66.82,8,57.22
CA-2018-104035,21-04-2017,Customer_391,East,Illinois,New York City,Technology,Phones,100.69,6,-32.22
CA-2015-104036,28-09-2018,Customer_271,East,California,Chicago,Furniture,Chairs,45.36,1,-4.92
CA-2016-104037,18-11-2017,Customer_11,East,New York,Los Angeles,Furniture,Tables,632.86,1,-96.49
CA-2017-104038,12-09-2016,Customer_122,South,Illinois,Los Angeles,Furniture,Chairs,97.95,10,-81.82
CA-2018-104039,09-06-2017,Customer_153,South,Texas,New York City,Furniture,Chairs,380.59,10,241.11
CA-2015-104040,23-07-2016,Customer_119,East,New York,Los Angeles,Technology,Copiers,101.05,2,35.36
CA-2016-104041,07-03-2017,Customer_495,South,New York,Chicago,Office Supplies,Paper,498.83,3,269.71
CA-2017-104042,08-10-2018,Customer_40,Central,Florida,Miami,Furniture,Bookcases,857.7,4,130.22
CA-2018-104043,17-01-2015,Customer_420,East,California,Houston,Technology,Copiers,112.37,6,105.62
CA-2015-104044,24-04-2015,Customer_210,East,Illinois,Chicago,Office Supplies,Storage,897.6,7,152.82
CA-2016-104045,07-11-2016,Customer_311,East,Texas,Chicago,Furniture,Bookcases,897.02,9,207.41
CA-2017-104046,25-04-2018,Customer_167,South,New York,New York City,Office Supplies,Binders,826.25,3,1.77
CA-2018-104047,19-11-2016,Customer_307,Central,Texas,Miami,Office Supplies,Storage,188.45,6,164.98
CA-2015-104048,08-09-2015,Customer_45,West,California,Houston,Technology,Copiers,611.83,1,56.79
CA-2016-104049,15-08-2015,Customer_44,West,Texas,Miami,Furniture,Bookcases,592.79,4,55.31
CA-2017-104050,21-02-2017,Customer_496,West,New York,Chicago,Office Supplies,Paper,816.76,5,206.47
CA-2018-104051,19-12-2016,Customer_150,West,New York,Houston,Technology,Copiers,165.79,5,58.13
CA-2015-104052,14-02-2015,Customer_114,South,California,Houston,Furniture,Chairs,196.33,5,-86.53
CA-2016-104053,20-10-2017,Customer_453,West,California,New York City,Office Supplies,Binders,758.68,5,-7.9
CA-2017-104054,31-07-2015,Customer_30,East,New York,Houston,Furniture,Bookcases,636.9,5,179.23
CA-2018-104055,16-07-2016,Customer_394,West,Illinois,Chicago,Office Supplies,Paper,341.32,3,284.39
CA-2015-104056,01-08-2017,Customer_460,East,Illinois,Los Angeles,Office Supplies,Paper,75.45,10,-52.14
CA-2016-104057,04-07-2015,Customer_234,Central,New York,Miami,Technology,Accessories,669.02,5,219.64
CA-2017-104058,01-12-2017,Customer_201,West,Illinois,Los Angeles,Technology,Phones,391.11,4,77.85
CA-2018-104059,25-04-2018,Customer_88,South,Illinois,Los Angeles,Office Supplies,Paper,116.99,2,297.35
CA-2015-104060,24-04-2018,Customer_346,West,Illinois,Los Angeles,Furniture,Bookcases,828.58,1,129.61
CA-2016-104061,19-01-2016,Customer_443,East,New York,New York City,Furniture,Bookcases,257.17,6,194.2
CA-2017-104062,14-08-2018,Customer_91,Central,New York,Chicago,Office Supplies,Paper,575.11,3,9.54
CA-2018-104063,20-12-2016,Customer_295,Central,Texas,Los Angeles,Office Supplies,Storage,914.0,1,135.03
CA-2015-104064,16-12-2017,Customer_86,South,Florida,New York City,Office Supplies,Paper,732.62,2,52.04
CA-2016-104065,04-08-2016,Customer_24,West,Texas,Los Angeles,Office Supplies,Paper,463.81,7,279.69
CA-2017-104066,25-10-2018,Customer_87,Central,California,New York City,Furniture,Bookcases,973.29,9,146.11
CA-2018-104067,12-05-2016,Customer_10,West,Texas,Miami,Office Supplies,Binders,472.61,8,150.26
CA-2015-104068,22-02-2015,Customer_182,South,Florida,New York City,Furniture,Tables,858.4,2,294.22
CA-2016-104069,11-04-2016,Customer_347,South,Texas,Chicago,Technology,Copiers,502.74,8,44.95
CA-2017-104070,19-06-2017,Customer_50,South,New York,Los Angeles,Technology,Phones,486.38,1,210.76
CA-2018-104071,03-09-2015,Customer_254,East,Illinois,Miami,Furniture,Tables,615.73,5,-17.02
CA-2015-104072,25-01-2019,Customer_152,South,New York,Los Angeles,Office Supplies,Binders,589.65,9,207.72
CA-2016-104073,23-07-2017,Customer_97,West,Texas,New York City,Furniture,Tables,777.77,8,192.11
CA-2017-104074,21-01-2017,Customer_233,West,Florida,Los Angeles,Office Supplies,Binders,701.06,3,-16.49
CA-2018-104075,07-03-2015,Customer_213,East,California,Houston,Office Supplies,Binders,465.56,9,147.48
CA-2015-104076,17-01-2016,Customer_366,East,New York,New York City,Office Supplies,Storage,358.65,8,-52.64
CA-2016-104077,19-03-2015,Customer_365,South,Florida,Los Angeles,Technology,Copiers,697.09,8,-16.8
CA-2017-104078,26-03-2015,Customer_282,Central,Florida,Houston,Furniture,Chairs,856.84,3,25.9
CA-2018-104079,31-05-2016,Customer_245,Central,California,Chicago,Office Supplies,Binders,523.95,4,143.08
CA-2015-104080,06-09-2018,Customer_167,South,Illinois,Los Angeles,Technology,Phones,381.14,2,-47.11
CA-2016-104081,09-05-2016,Customer_236,South,California,Chicago,Office Supplies,Storage,115.65,4,137.06
CA-2017-104082,04-04-2016,Customer_332,Central,Florida,Houston,Furniture,Bookcases,632.56,10,22.36
CA-2018-104083,07-04-2016,Customer_340,Central,New York,Miami,Furniture,Tables,797.19,10,89.55
CA-2015-104084,31-03-2018,Customer_492,West,Texas,Los Angeles,Furniture,Bookcases,857.56,7,-96.76
CA-2016-104085,05-08-2015,Customer_104,West,Illinois,Chicago,Technology,Phones,811.54,7,177.9
CA-2017-104086,09-06-2017,Customer_288,South,Texas,Houston,Office Supplies,Paper,351.45,8,219.87
CA-2018-104087,26-12-2015,Customer_226,South,Texas,Houston,Office Supplies,Storage,356.54,8,289.74
CA-2015-104088,07-02-2016,Customer_441,South,Illinois,Chicago,Technology,Phones,383.05,1,-72.79
CA-2016-104089,15-01-2015,Customer_406,West,New York,New York City,Technology,Accessories,338.2,3,78.33
CA-2017-104090,12-02-2016,Customer_498,Central,Texas,Los Angeles,Technology,Phones,54.97,6,11.2
CA-2018-104091,23-03-2016,Customer_270,South,Texas,Houston,Technology,Copiers,265.92,4,107.01
CA-2015-104092,26-01-2019,Customer_241,West,Florida,Houston,Technology,Copiers,683.58,1,79.41
CA-2016-104093,17-01-2015,Customer_233,Central,New York,Miami,Office Supplies,Binders,957.89,5,-45.58
CA-2017-104094,25-06-2018,Customer_50,Central,New York,Los Angeles,Technology,Accessories,715.33,4,215.79
CA-2018-104095,21-03-2015,Customer_101,West,Illinois,New York City,Office Supplies,Paper,49.32,5,-55.0
CA-2015-104096,22-02-2017,Customer_373,West,Texas,Houston,Furniture,Bookcases,540.59,6,200.15
CA-2016-104097,26-06-2016,Customer_479,West,New York,Houston,Technology,Copiers,191.91,2,32.12
CA-2017-104098,16-07-2016,Customer_433,East,New York,Houston,Furniture,Chairs,212.36,8,155.32
CA-2018-104099,17-09-2018,Customer_480,East,California,Los Angeles,Technology,Copiers,756.45,1,-99.16
CA-2015-104100,10-12-2017,Customer_113,West,New York,New York City,Office Supplies,Binders,208.29,5,86.98
CA-2016-104101,06-12-2017,Customer_406,South,Illinois,Miami,Office Supplies,Binders,524.14,1,290.02
CA-2017-104102,22-07-2018,Customer_417,Central,Illinois,Houston,Office Supplies,Binders,699.22,1,36.89
CA-2018-104103,04-03-2016,Customer_87,East,Illinois,Chicago,Technology,Phones,420.9,1,-35.28
CA-2015-104104,02-11-2015,Customer_417,Central,Texas,Miami,Office Supplies,Binders,969.39,7,121.77
CA-2016-104105,10-07-2015,Customer_428,Central,California,Chicago,Office Supplies,Paper,941.16,4,71.78
CA-2017-104106,29-09-2017,Customer_187,East,New York,Houston,Furniture,Tables,416.42,7,70.45
CA-2018-104107,23-05-2017,Customer_328,South,Florida,Los Angeles,Furniture,Bookcases,252.22,2,-48.13
CA-2015-104108,08-01-2016,Customer_239,West,California,Miami,Furniture,Bookcases,193.89,3,106.88
CA-2016-104109,09-04-2016,Customer_164,South,New York,Los Angeles,Technology,Copiers,639.61,1,-63.52
CA-2017-104110,22-01-2019,Customer_221,East,Florida,Miami,Office Supplies,Paper,670.82,9,4.06
CA-2018-104111,09-05-2015,Customer_361,West,California,Houston,Technology,Accessories,735.06,4,41.72
CA-2015-104112,02-08-2015,Customer_269,East,Texas,New York City,Technology,Copiers,251.43,1,56.16
CA-2016-104113,28-10-2015,Customer_131,South,Texas,Chicago,Office Supplies,Storage,963.64,6,201.59
CA-2017-104114,19-09-2018,Customer_81,East,Illinois,Miami,Technology,Accessories,977.34,10,-53.38
CA-2018-104115,12-08-2017,Customer_189,West,Texas,New York City,Furniture,Tables,892.64,4,-90.76
CA-2015-104116,06-11-2017,Customer_389,West,New York,Los Angeles,Furniture,Chairs,282.49,3,205.45
CA-2016-104117,16-11-2018,Customer_366,Central,Florida,Chicago,Office Supplies,Binders,591.92,3,60.39
CA-2017-104118,30-07-2016,Customer_133,West,Florida,Houston,Office Supplies,Storage,787.92,9,244.17
CA-2018-104119,10-05-2015,Customer_136,Central,New York,Los Angeles,Furniture,Tables,736.83,8,118.52
CA-2015-104120,16-08-2018,Customer_185,East,California,Houston,Office Supplies,Storage,459.89,1,283.84
CA-2016-104121,08-03-2015,Customer_159,East,California,Chicago,Furniture,Tables,195.75,6,55.78
CA-2017-104122,10-06-2018,Customer_137,South,New York,New York City,Furniture,Chairs,839.15,10,-6.09
CA-2018-104123,17-06-2016,Customer_468,South,California,New York City,Furniture,Tables,107.16,7,31.52
CA-2015-104124,04-06-2018,Customer_384,Central,Illinois,Chicago,Office Supplies,Paper,725.04,5,66.12
CA-2016-104125,08-11-2016,Customer_389,East,Illinois,Chicago,Office Supplies,Paper,290.38,2,260.98
CA-2017-104126,25-02-2018,Customer_378,East,New York,Los Angeles,Furniture,Chairs,121.58,9,22.85
CA-2018-104127,08-07-2017,Customer_298,East,California,Miami,Technology,Accessories,536.32,8,163.03
CA-2015-104128,13-10-2018,Customer_496,South,Illinois,Miami,Technology,Phones,77.53,8,122.89
CA-2016-104129,15-10-2015,Customer_383,East,Illinois,Chicago,Office Supplies,Paper,230.4,5,181.56
CA-2017-104130,15-04-2016,Customer_151,South,Florida,Houston,Technology,Copiers,537.55,3,286.03
CA-2018-104131,24-03-2017,Customer_149,West,Florida,Miami,Office Supplies,Storage,872.74,10,180.64
CA-2015-104132,03-12-2017,Customer_287,East,Florida,Miami,Furniture,Tables,875.18,10,-69.77
CA-2016-104133,20-06-2016,Customer_164,East,California,Miami,Furniture,Tables,240.04,8,177.14
CA-2017-104134,17-04-2016,Customer_414,Central,Texas,Los Angeles,Office Supplies,Paper,769.56,1,287.98
CA-2018-104135,10-03-2018,Customer_159,East,Florida,New York City,Furniture,Tables,268.98,10,124.98
CA-2015-104136,01-02-2016,Customer_349,East,Texas,New York City,Office Supplies,Binders,86.64,2,164.67
CA-2016-104137,10-03-2017,Customer_223,East,Illinois,Houston,Office Supplies,Storage,798.88,5,96.04
CA-2017-104138,28-12-2015,Customer_72,South,Texas,New York City,Office Supplies,Storage,771.61,5,264.92
CA-2018-104139,27-05-2018,Customer_110,Central,Illinois,Chicago,Office Supplies,Storage,528.47,4,-36.28
CA-2015-104140,16-05-2015,Customer_170,Central,California,Los Angeles,Office Supplies,Binders,56.75,1,-19.5
CA-2016-104141,19-06-2015,Customer_121,East,Texas,Miami,Office Supplies,Binders,837.52,5,276.13
CA-2017-104142,22-08-2018,Customer_306,South,Florida,Miami,Office Supplies,Paper,330.64,6,57.84
CA-2018-104143,20-07-2015,Customer_366,South,Illinois,Houston,Technology,Phones,627.75,7,79.0
CA-2015-104144,29-09-2018,Customer_455,West,California,New York City,Technology,Copiers,576.01,10,25.5
CA-2016-104145,23-03-2018,Customer_166,West,Florida,Chicago,Furniture,Bookcases,660.08,5,280.89
CA-2017-104146,15-12-2015,Customer_50,Central,Illinois,Houston,Technology,Copiers,516.86,3,100.51
CA-2018-104147,16-05-2017,Customer_137,West,Illinois,Los Angeles,Office Supplies,Binders,741.52,6,297.51
CA-2015-104148,24-02-2018,Customer_171,West,Florida,Miami,Technology,Accessories,498.3,7,205.83
CA-2016-104149,11-08-2015,Customer_178,Central,California,Miami,Technology,Phones,383.07,3,143.0
CA-2017-104150,25-11-2018,Customer_312,South,Texas,New York City,Technology,Accessories,875.21,1,176.82
CA-2018-104151,10-11-2016,Customer_492,East,Illinois,Houston,Furniture,Tables,626.31,4,119.39
CA-2015-104152,11-05-2016,Customer_419,South,California,New York City,Technology,Copiers,703.3,5,-22.39
CA-2016-104153,01-09-2018,Customer_144,Central,New York,New York City,Office Supplies,Binders,37.96,4,265.1
CA-2017-104154,05-05-2015,Customer_403,East,Texas,Miami,Office Supplies,Paper,501.76,10,-44.66
CA-2018-104155,30-04-2015,Customer_230,Central,Texas,New York City,Office Supplies,Binders,424.41,3,271.28
CA-2015-104156,02-06-2018,Customer_390,South,Florida,Chicago,Office Supplies,Binders,301.65,9,121.79
CA-2016-104157,13-11-2017,Customer_227,South,New York,Chicago,Technology,Phones,314.52,4,41.3
CA-2017-104158,12-02-2015,Customer_46,East,Texas,New York City,Technology,Accessories,53.15,4,264.76
CA-2018-104159,30-01-2015,Customer_331,South,Illinois,New York City,Office Supplies,Storage,576.97,1,283.63
CA-2015-104160,02-01-2017,Customer_130,West,Florida,Houston,Office Supplies,Storage,534.14,6,223.87
CA-2016-104161,25-10-2018,Customer_331,East,Florida,New York City,Furniture,Tables,890.62,7,14.48
CA-2017-104162,19-05-2015,Customer_489,Central,Florida,Miami,Technology,Accessories,809.44,7,-62.65
CA-2018-104163,24-01-2016,Customer_302,East,Illinois,Miami,Office Supplies,Paper,771.64,3,123.09
CA-2015-104164,27-10-2015,Customer_497,East,Illinois,Houston,Office Supplies,Paper,27.7,3,-15.21
CA-2016-104165,23-03-2015,Customer_470,South,Texas,Houston,Technology,Accessories,969.88,2,-58.87
CA-2017-104166,19-02-2017,Customer_60,Central,Florida,New York City,Technology,Copiers,135.65,9,146.19
CA-2018-104167,02-04-2018,Customer_366,Central,Florida,Los Angeles,Furniture,Bookcases,817.88,2,-19.73
CA-2015-104168,28-12-2018,Customer_468,East,Texas,Miami,Furniture,Chairs,613.25,2,10.77
CA-2016-104169,25-03-2017,Customer_5,East,New York,Houston,Office Supplies,Paper,191.37,5,-5.64
CA-2017-104170,26-10-2016,Customer_343,West,Illinois,Miami,Office Supplies,Binders,240.68,6,35.45
CA-2018-104171,29-09-2017,Customer_9,East,Illinois,Chicago,Furniture,Bookcases,178.28,7,-84.43
CA-2015-104172,19-07-2015,Customer_342,West,California,Houston,Office Supplies,Paper,34.2,10,114.31
CA-2016-104173,19-03-2016,Customer_432,West,Texas,Miami,Technology,Accessories,494.08,2,137.77
CA-2017-104174,07-09-2016,Customer_20,East,Illinois,Miami,Office Supplies,Binders,998.51,2,88.06
CA-2018-104175,16-05-2016,Customer_42,West,Texas,New York City,Technology,Accessories,471.95,9,282.57
CA-2015-104176,24-01-2015,Customer_138,Central,Illinois,Miami,Furniture,Chairs,582.62,9,187.81
CA-2016-104177,13-05-2015,Customer_164,West,Illinois,Houston,Technology,Phones,806.2,7,24.28
CA-2017-104178,07-03-2017,Customer_119,West,Illinois,Los Angeles,Office Supplies,Storage,82.1,9,102.91
CA-2018-104179,21-01-2018,Customer_344,Central,Illinois,Chicago,Technology,Phones,37.02,4,66.58
CA-2015-104180,06-01-2017,Customer_461,Central,California,Los Angeles,Office Supplies,Binders,77.79,3,107.06
CA-2016-104181,14-08-2017,Customer_379,West,California,Houston,Technology,Accessories,117.96,1,-93.33
CA-2017-104182,02-06-2018,Customer_486,East,Illinois,Miami,Technology,Phones,566.93,10,229.57
CA-2018-104183,15-01-2019,Customer_62,West,New York,New York City,Furniture,Bookcases,699.45,2,149.23
CA-2015-104184,08-01-2017,Customer_363,South,California,Chicago,Office Supplies,Binders,831.03,8,162.71
CA-2016-104185,06-11-2018,Customer_209,South,California,Houston,Furniture,Bookcases,493.23,2,280.27
CA-2017-104186,19-10-2016,Customer_98,East,New York,Chicago,Office Supplies,Paper,95.56,10,80.63
CA-2018-104187,18-12-2018,Customer_141,West,Texas,Miami,Office Supplies,Storage,562.66,8,67.08
CA-2015-104188,21-03-2016,Customer_226,West,California,Los Angeles,Furniture,Tables,285.02,9,-34.06
CA-2016-104189,04-09-2015,Customer_204,East,Texas,Chicago,Office Supplies,Paper,442.41,7,132.32
CA-2017-104190,14-07-2018,Customer_434,Central,Illinois,Miami,Office Supplies,Paper,974.81,1,41.88
CA-2018-104191,12-05-2018,Customer_294,East,Illinois,Houston,Technology,Phones,48.05,4,216.65
CA-2015-104192,17-05-2017,Customer_431,West,Florida,Miami,Furniture,Bookcases,123.34,3,96.29
CA-2016-104193,30-03-2017,Customer_371,Central,Illinois,Houston,Technology,Accessories,645.39,6,139.51
CA-2017-104194,24-08-2018,Customer_328,East,New York,Miami,Technology,Copiers,915.33,7,146.24
CA-2018-104195,11-04-2016,Customer_173,East,California,Miami,Office Supplies,Binders,564.18,8,138.4
CA-2015-104196,12-03-2015,Customer_83,South,New York,Miami,Office Supplies,Paper,92.12,3,185.9
CA-2016-104197,09-06-2017,Customer_71,East,Florida,Miami,Technology,Accessories,950.38,5,11.69
CA-2017-104198,13-04-2018,Customer_87,West,Illinois,Houston,Furniture,Chairs,521.12,2,262.72
CA-2018-104199,24-02-2017,Customer_129,East,Illinois,Houston,Technology,Copiers,170.51,1,-5.15
CA-2015-104200,04-01-2016,Customer_75,East,Texas,Miami,Furniture,Bookcases,435.51,5,150.75
CA-2016-104201,08-05-2018,Customer_182,East,Illinois,Los Angeles,Office Supplies,Storage,613.02,1,265.35
CA-2017-104202,26-05-2017,Customer_278,South,Illinois,New York City,Technology,Accessories,295.27,7,282.44
CA-2018-104203,06-06-2018,Customer_91,South,Illinois,New York City,Furniture,Tables,93.64,9,60.97
CA-2015-104204,16-01-2017,Customer_85,South,California,Miami,Technology,Copiers,596.56,3,8.2
CA-2016-104205,13-01-2018,Customer_438,East,California,Miami,Office Supplies,Storage,306.83,5,28.86
CA-2017-104206,06-06-2018,Customer_164,Central,Florida,Houston,Office Supplies,Paper,76.44,6,-27.4
CA-2018-104207,19-01-2015,Customer_260,Central,Texas,Los Angeles,Office Supplies,Paper,997.07,4,10.06
CA-2015-104208,13-11-2015,Customer_51,South,California,New York City,Furniture,Chairs,94.77,10,-57.54
CA-2016-104209,13-11-2015,Customer_292,West,Texas,New York City,Technology,Copiers,837.53,10,92.28
CA-2017-104210,26-01-2017,Customer_312,South,Florida,Chicago,Technology,Phones,581.38,2,124.75
CA-2018-104211,04-08-2015,Customer_12,East,California,New York City,Office Supplies,Paper,514.51,4,296.25
CA-2015-104212,03-08-2017,Customer_451,East,Florida,Houston,Technology,Phones,622.21,2,134.45
CA-2016-104213,22-04-2018,Customer_87,Central,Florida,Houston,Technology,Copiers,377.67,6,-55.82
CA-2017-104214,12-01-2015,Customer_55,South,Illinois,Los Angeles,Furniture,Tables,544.35,6,134.56
CA-2018-104215,20-06-2017,Customer_294,East,Illinois,New York City,Office Supplies,Binders,530.48,5,103.27
CA-2015-104216,15-12-2017,Customer_147,South,Illinois,Miami,Office Supplies,Storage,683.54,10,63.57
CA-2016-104217,29-11-2018,Customer_280,Central,California,New York City,Technology,Accessories,895.82,4,110.85
CA-2017-104218,10-12-2018,Customer_456,West,Illinois,Chicago,Technology,Phones,954.3,7,73.8
CA-2018-104219,05-10-2015,Customer_477,South,Florida,Miami,Furniture,Tables,418.97,4,-80.79
CA-2015-104220,11-10-2018,Customer_194,West,Texas,Miami,Technology,Copiers,266.67,7,142.19
CA-2016-104221,28-01-2018,Customer_21,West,Illinois,New York City,Furniture,Bookcases,577.88,6,87.46
CA-2017-104222,01-09-2017,Customer_351,Central,Texas,Los Angeles,Furniture,Chairs,886.83,4,5.57
CA-2018-104223,19-05-2017,Customer_240,South,Florida,New York City,Furniture,Chairs,891.27,1,80.48
CA-2015-104224,26-05-2016,Customer_236,West,California,Miami,Technology,Accessories,685.05,8,183.76
CA-2016-104225,02-09-2018,Customer_305,West,California,Los Angeles,Furniture,Tables,397.53,1,240.08
CA-2017-104226,06-02-2017,Customer_447,East,Illinois,New York City,Furniture,Bookcases,347.6,8,239.58
CA-2018-104227,10-07-2017,Customer_201,East,Illinois,Chicago,Furniture,Bookcases,914.88,1,219.98
CA-2015-104228,22-09-2017,Customer_20,East,Florida,Chicago,Technology,Copiers,150.27,8,15.56
CA-2016-104229,11-09-2018,Customer_349,Central,Florida,Houston,Technology,Copiers,161.0,1,229.29
CA-2017-104230,28-03-2016,Customer_485,South,California,Chicago,Office Supplies,Binders,377.02,6,-25.88
CA-2018-104231,29-07-2018,Customer_195,East,Texas,Miami,Office Supplies,Paper,861.9,10,-38.41
CA-2015-104232,13-09-2016,Customer_64,East,Illinois,Chicago,Technology,Phones,486.01,5,95.24
CA-2016-104233,15-02-2018,Customer_114,West,Florida,Houston,Furniture,Chairs,645.31,5,83.19
CA-2017-104234,09-08-2018,Customer_347,West,New York,Los Angeles,Office Supplies,Paper,901.79,5,233.7
CA-2018-104235,02-03-2015,Customer_474,Central,Texas,Houston,Furniture,Bookcases,416.95,1,225.23
CA-2015-104236,09-09-2017,Customer_381,East,Illinois,Los Angeles,Office Supplies,Storage,812.58,9,20.04
CA-2016-104237,02-04-2015,Customer_314,West,Florida,Chicago,Technology,Phones,100.53,4,2.26
CA-2017-104238,09-01-2018,Customer_45,Central,Illinois,Houston,Technology,Phones,399.35,9,-94.39
CA-2018-104239,23-11-2017,Customer_7,West,Illinois,Chicago,Office Supplies,Paper,932.09,8,-58.92
CA-2015-104240,18-03-2016,Customer_298,East,New York,New York City,Technology,Copiers,697.02,1,-40.81
CA-2016-104241,29-01-2017,Customer_493,South,New York,Miami,Office Supplies,Storage,52.51,1,195.17
CA-2017-104242,19-09-2017,Customer_184,West,Texas,Miami,Technology,Accessories,621.6,2,-80.53
CA-2018-104243,17-06-2018,Customer_410,Central,Florida,Houston,Office Supplies,Storage,554.07,7,173.87
CA-2015-104244,15-10-2016,Customer_415,East,California,New York City,Office Supplies,Paper,168.6,5,-51.1
CA-2016-104245,15-04-2018,Customer_57,East,Texas,Los Angeles,Technology,Accessories,504.61,5,224.93
CA-2017-104246,27-01-2015,Customer_457,Central,Texas,Los Angeles,Office Supplies,Paper,388.64,8,85.13
CA-2018-104247,09-04-2018,Customer_233,Central,New York,Chicago,Technology,Accessories,709.3,4,-13.78
CA-2015-104248,06-06-2017,Customer_230,West,Illinois,New York City,Technology,Copiers,389.6,2,168.81
CA-2016-104249,09-02-2019,Customer_99,Central,New York,Chicago,Office Supplies,Storage,402.43,3,135.82
CA-2017-104250,24-06-2017,Customer_325,South,California,Houston,Office Supplies,Paper,716.78,7,277.45
CA-2018-104251,31-05-2015,Customer_58,Central,Florida,Houston,Office Supplies,Paper,717.44,3,-36.77
CA-2015-104252,29-03-2015,Customer_122,West,Texas,Los Angeles,Furniture,Tables,635.23,5,41.07
CA-2016-104253,16-04-2016,Customer_300,Central,Florida,Miami,Technology,Accessories,995.1,6,-27.44
CA-2017-104254,05-02-2016,Customer_35,South,Texas,Houston,Office Supplies,Storage,195.33,3,86.39
CA-2018-104255,05-04-2016,Customer_382,South,Florida,Houston,Furniture,Chairs,251.41,9,270.03
CA-2015-104256,01-05-2016,Customer_299,West,California,Miami,Office Supplies,Binders,259.51,7,-55.14
CA-2016-104257,15-09-2015,Customer_255,Central,California,Houston,Furniture,Chairs,632.08,3,144.03
CA-2017-104258,28-08-2015,Customer_12,South,California,Miami,Furniture,Bookcases,390.68,1,-16.1
CA-2018-104259,16-03-2016,Customer_478,South,New York,Houston,Technology,Phones,944.41,10,156.06
CA-2015-104260,18-04-2018,Customer_495,West,Illinois,Los Angeles,Office Supplies,Binders,470.59,3,202.07
CA-2016-104261,05-04-2016,Customer_62,East,Florida,Miami,Office Supplies,Paper,161.79,10,267.72
CA-2017-104262,18-08-2017,Customer_446,South,New York,Miami,Technology,Accessories,203.89,6,85.33
CA-2018-104263,15-01-2017,Customer_57,Central,Florida,Los Angeles,Office Supplies,Binders,572.46,5,143.3
CA-2015-104264,31-03-2015,Customer_419,East,New York,Chicago,Technology,Accessories,334.69,9,215.53
CA-2016-104265,19-02-2015,Customer_170,South,Texas,Miami,Furniture,Bookcases,270.7,2,5.83
CA-2017-104266,09-12-2017,Customer_162,Central,Illinois,Chicago,Technology,Accessories,656.84,5,25.87
CA-2018-104267,11-08-2015,Customer_144,East,Illinois,Los Angeles,Technology,Copiers,16.4,7,212.06
CA-2015-104268,10-05-2016,Customer_363,South,Illinois,Chicago,Technology,Accessories,573.94,9,243.38
CA-2016-104269,24-11-2017,Customer_54,West,Texas,New York City,Office Supplies,Binders,409.72,4,4.03
CA-2017-104270,24-04-2018,Customer_136,West,Florida,Miami,Technology,Phones,860.26,6,273.51
CA-2018-104271,01-08-2017,Customer_103,East,California,Chicago,Office Supplies,Binders,908.76,7,124.28
CA-2015-104272,23-06-2016,Customer_214,West,Illinois,Los Angeles,Technology,Copiers,938.45,9,-37.39
CA-2016-104273,12-01-2019,Customer_114,Central,Florida,Chicago,Furniture,Chairs,872.76,4,-48.95
CA-2017-104274,11-01-2017,Customer_118,South,California,Chicago,Technology,Copiers,78.56,6,198.35
CA-2018-104275,09-07-2016,Customer_126,East,Texas,Miami,Technology,Copiers,170.13,6,-50.0
CA-2015-104276,07-11-2015,Customer_165,East,New York,Chicago,Office Supplies,Binders,46.21,9,34.2
CA-2016-104277,06-12-2016,Customer_239,West,Texas,Los Angeles,Office Supplies,Paper,711.99,5,155.32
CA-2017-104278,23-06-2017,Customer_233,South,Texas,Houston,Office Supplies,Binders,260.02,3,165.28
CA-2018-104279,01-03-2016,Customer_457,East,Texas,Chicago,Office Supplies,Binders,543.35,10,295.83
CA-2015-104280,08-11-2016,Customer_307,Central,California,Chicago,Technology,Accessories,602.33,7,-49.2
CA-2016-104281,12-03-2018,Customer_191,East,Illinois,Chicago,Furniture,Bookcases,764.04,9,13.61
CA-2017-104282,10-06-2017,Customer_199,South,New York,New York City,Furniture,Tables,213.24,2,-45.76
CA-2018-104283,30-12-2017,Customer_183,West,California,New York City,Technology,Copiers,859.74,9,212.89
CA-2015-104284,11-06-2017,Customer_306,West,Florida,New York City,Furniture,Bookcases,986.07,3,150.79
CA-2016-104285,31-10-2017,Customer_221,South,New York,Chicago,Technology,Copiers,363.72,3,165.69
CA-2017-104286,17-10-2017,Customer_319,South,Illinois,New York City,Office Supplies,Storage,173.76,7,234.9
CA-2018-104287,09-03-2015,Customer_370,South,California,Houston,Furniture,Bookcases,63.66,7,-64.16
CA-2015-104288,19-11-2015,Customer_458,West,Illinois,Miami,Technology,Phones,666.77,4,257.09
CA-2016-104289,24-01-2017,Customer_243,West,Texas,New York City,Technology,Accessories,774.43,2,257.26
CA-2017-104290,18-08-2016,Customer_476,South,Texas,Chicago,Technology,Phones,303.47,6,25.21
CA-2018-104291,28-10-2017,Customer_467,East,Texas,Chicago,Technology,Copiers,63.64,2,-29.32
CA-2015-104292,08-09-2017,Customer_476,West,Illinois,Houston,Furniture,Tables,553.86,1,-34.84
CA-2016-104293,16-05-2018,Customer_149,Central,Texas,New York City,Furniture,Tables,923.48,1,298.07
CA-2017-104294,05-02-2018,Customer_214,Central,California,Miami,Furniture,Bookcases,838.13,8,-24.04
CA-2018-104295,11-03-2018,Customer_52,East,Florida,Chicago,Technology,Phones,613.01,4,291.62
CA-2015-104296,22-02-2016,Customer_290,South,California,Houston,Office Supplies,Paper,313.73,2,28.5
CA-2016-104297,22-07-2016,Customer_9,Central,Texas,Miami,Office Supplies,Storage,884.63,10,10.91
CA-2017-104298,16-10-2015,Customer_48,Central,Florida,Houston,Technology,Phones,327.09,10,179.59
CA-2018-104299,23-04-2018,Customer_1,East,New York,Chicago,Technology,Phones,914.49,5,85.73
CA-2015-104300,13-01-2019,Customer_453,East,Illinois,Miami,Technology,Accessories,430.13,1,31.32
CA-2016-104301,23-06-2016,Customer_441,West,Illinois,Houston,Office Supplies,Binders,928.11,7,297.7
CA-2017-104302,06-07-2015,Customer_186,South,California,Houston,Furniture,Bookcases,498.81,4,252.15
CA-2018-104303,23-07-2018,Customer_84,East,Texas,Houston,Technology,Phones,482.34,6,9.99
CA-2015-104304,10-06-2016,Customer_477,West,New York,Miami,Office Supplies,Paper,594.59,6,239.39
CA-2016-104305,30-10-2016,Customer_348,Central,Texas,Houston,Furniture,Tables,569.86,5,247.69
CA-2017-104306,23-07-2018,Customer_117,West,California,Los Angeles,Furniture,Chairs,492.88,5,275.69
CA-2018-104307,29-02-2016,Customer_80,South,California,Los Angeles,Office Supplies,Binders,618.85,2,32.47
CA-2015-104308,12-06-2016,Customer_14,West,Illinois,New York City,Furniture,Chairs,963.31,7,242.16
CA-2016-104309,23-07-2018,Customer_253,West,Florida,Houston,Office Supplies,Binders,855.24,10,-61.4
CA-2017-104310,08-10-2018,Customer_459,Central,California,Houston,Furniture,Bookcases,440.63,3,50.57
CA-2018-104311,04-05-2017,Customer_35,West,Florida,Chicago,Furniture,Bookcases,754.53,7,-77.48
CA-2015-104312,12-07-2015,Customer_292,Central,Florida,New York City,Office Supplies,Storage,296.67,9,143.53
CA-2016-104313,26-06-2016,Customer_404,South,Texas,Houston,Office Supplies,Storage,324.75,7,57.04
CA-2017-104314,21-08-2018,Customer_468,East,New York,Miami,Technology,Accessories,416.14,6,-11.89
CA-2018-104315,19-08-2016,Customer_421,Central,New York,New York City,Furniture,Bookcases,140.3,4,208.35
CA-2015-104316,04-07-2016,Customer_55,West,New York,New York City,Technology,Phones,364.05,9,102.44
CA-2016-104317,12-05-2016,Customer_90,South,Illinois,Miami,Technology,Copiers,507.37,1,-74.66
CA-2017-104318,21-06-2017,Customer_57,East,New York,New York City,Furniture,Chairs,425.86,8,185.77
CA-2018-104319,05-07-2016,Customer_107,West,California,New York City,Technology,Phones,304.55,10,237.45
CA-2015-104320,14-05-2015,Customer_244,South,Illinois,Chicago,Technology,Accessories,806.65,10,-66.08
CA-2016-104321,21-06-2015,Customer_153,Central,California,Houston,Technology,Phones,213.18,8,32.16
CA-2017-104322,16-09-2015,Customer_408,West,Illinois,New York City,Furniture,Tables,613.78,10,181.82
CA-2018-104323,13-03-2015,Customer_178,West,Illinois,Los Angeles,Office Supplies,Paper,599.5,3,185.33
CA-2015-104324,17-05-2018,Customer_363,South,Florida,Houston,Office Supplies,Binders,507.44,5,40.07
CA-2016-104325,30-10-2015,Customer_359,West,Illinois,Houston,Technology,Phones,849.84,2,294.03
CA-2017-104326,24-06-2015,Customer_401,East,Florida,New York City,Furniture,Chairs,430.99,9,56.4
CA-2018-104327,29-08-2016,Customer_151,South,New York,Los Angeles,Technology,Copiers,225.78,6,67.53
CA-2015-104328,18-07-2017,Customer_245,South,New York,New York City,Office Supplies,Binders,280.96,3,285.12
CA-2016-104329,11-10-2015,Customer_275,South,Texas,Chicago,Technology,Accessories,945.5,10,17.11
CA-2017-104330,10-08-2015,Customer_355,East,Florida,New York City,Office Supplies,Storage,733.73,10,106.14
CA-2018-104331,05-08-2018,Customer_121,Central,New York,New York City,Technology,Phones,707.54,9,225.87
CA-2015-104332,29-06-2016,Customer_38,South,California,Chicago,Furniture,Chairs,74.57,2,108.47
CA-2016-104333,15-04-2015,Customer_76,Central,Texas,Los Angeles,Office Supplies,Storage,206.43,5,280.66
CA-2017-104334,04-02-2016,Customer_325,South,Florida,Miami,Technology,Accessories,410.47,2,245.5
CA-2018-104335,05-04-2016,Customer_9,South,Texas,Miami,Furniture,Chairs,356.49,9,212.83
CA-2015-104336,06-08-2018,Customer_291,Central,Florida,Chicago,Office Supplies,Paper,102.59,10,140.42
CA-2016-104337,02-01-2016,Customer_336,West,California,New York City,Office Supplies,Storage,986.16,10,50.87
CA-2017-104338,13-06-2018,Customer_361,Central,Illinois,Chicago,Technology,Copiers,38.37,1,275.19
CA-2018-104339,03-01-2019,Customer_147,West,New York,New York City,Office Supplies,Paper,11.04,5,-83.47
CA-2015-104340,13-08-2016,Customer_278,South,California,Chicago,Office Supplies,Paper,929.19,6,15.86
CA-2016-104341,04-12-2015,Customer_186,South,Florida,New York City,Office Supplies,Binders,927.19,9,-29.24
CA-2017-104342,21-12-2016,Customer_104,Central,New York,New York City,Furniture,Tables,587.43,4,45.72
CA-2018-104343,09-05-2017,Customer_93,West,Texas,Los Angeles,Office Supplies,Binders,412.92,2,-82.59
CA-2015-104344,30-01-2018,Customer_256,West,Texas,Los Angeles,Technology,Copiers,30.42,3,-65.96
CA-2016-104345,30-08-2017,Customer_361,South,Illinois,Houston,Technology,Accessories,989.01,5,71.65
CA-2017-104346,27-05-2015,Customer_248,East,California,Houston,Technology,Copiers,403.18,7,166.43
CA-2018-104347,13-04-2018,Customer_328,East,Florida,Miami,Furniture,Chairs,732.03,4,-25.88
CA-2015-104348,08-03-2018,Customer_139,South,Florida,New York City,Furniture,Tables,975.33,1,204.42
CA-2016-104349,22-04-2017,Customer_177,West,New York,Los Angeles,Technology,Phones,10.25,5,140.08
CA-2017-104350,21-02-2017,Customer_167,East,Florida,Los Angeles,Furniture,Chairs,68.25,4,-19.99
CA-2018-104351,21-04-2016,Customer_11,East,California,Houston,Furniture,Chairs,443.9,9,186.55
CA-2015-104352,02-01-2019,Customer_286,South,Illinois,Houston,Office Supplies,Paper,843.45,4,-68.43
CA-2016-104353,25-10-2015,Customer_286,West,Florida,Houston,Technology,Phones,82.11,2,8.36
CA-2017-104354,18-02-2018,Customer_43,East,Florida,Chicago,Technology,Phones,94.01,5,290.94
CA-2018-104355,03-08-2015,Customer_154,Central,Florida,Los Angeles,Technology,Accessories,459.25,10,2.55
CA-2015-104356,24-06-2016,Customer_468,South,Florida,Los Angeles,Furniture,Chairs,799.32,6,234.0
CA-2016-104357,08-06-2018,Customer_149,East,California,Chicago,Technology,Phones,835.71,4,-25.22
CA-2017-104358,15-11-2018,Customer_1,Central,Texas,Chicago,Office Supplies,Paper,620.15,1,5.56
CA-2018-104359,30-07-2017,Customer_89,West,New York,Houston,Technology,Accessories,491.88,6,-54.13
CA-2015-104360,02-07-2016,Customer_456,West,California,Miami,Technology,Accessories,576.41,4,267.02
CA-2016-104361,17-09-2017,Customer_4,South,Texas,Houston,Office Supplies,Storage,757.55,7,173.14
CA-2017-104362,02-05-2018,Customer_500,West,New York,Chicago,Furniture,Chairs,867.73,2,134.72
CA-2018-104363,23-02-2017,Customer_268,South,California,Houston,Technology,Copiers,764.17,3,253.25
CA-2015-104364,03-06-2018,Customer_271,West,Illinois,Chicago,Furniture,Tables,798.12,1,285.74
CA-2016-104365,24-12-2016,Customer_145,East,Florida,New York City,Office Supplies,Binders,602.86,1,129.13
CA-2017-104366,04-11-2016,Customer_317,South,Texas,Houston,Office Supplies,Paper,888.48,7,284.61
CA-2018-104367,08-06-2017,Customer_391,West,Texas,Houston,Office Supplies,Storage,130.86,4,148.38
CA-2015-104368,15-06-2016,Customer_247,East,Texas,Houston,Technology,Copiers,437.37,8,-31.25
CA-2016-104369,25-08-2018,Customer_285,Central,Illinois,New York City,Furniture,Bookcases,660.12,4,198.72
CA-2017-104370,19-08-2015,Customer_493,Central,Illinois,Chicago,Office Supplies,Binders,694.71,8,98.46
CA-2018-104371,27-06-2016,Customer_245,West,Texas,New York City,Technology,Phones,74.67,10,-30.01
CA-2015-104372,13-08-2015,Customer_109,East,California,New York City,Office Supplies,Paper,855.72,7,22.88
CA-2016-104373,11-10-2016,Customer_51,Central,Florida,Los Angeles,Technology,Accessories,308.24,8,-95.3
CA-2017-104374,24-04-2016,Customer_3,South,Florida,Los Angeles,Technology,Accessories,68.94,5,264.53
CA-2018-104375,10-09-2017,Customer_488,East,California,Houston,Furniture,Chairs,324.93,2,54.26
CA-2015-104376,28-08-2018,Customer_345,South,Florida,Los Angeles,Furniture,Tables,188.15,10,151.1
CA-2016-104377,15-04-2015,Customer_472,East,Texas,Miami,Furniture,Tables,155.43,7,73.8
CA-2017-104378,01-06-2015,Customer_284,East,California,Miami,Technology,Copiers,745.65,1,165.41
CA-2018-104379,12-06-2018,Customer_352,South,Florida,Chicago,Furniture,Chairs,114.14,6,54.73
CA-2015-104380,26-12-2017,Customer_354,West,Texas,Houston,Office Supplies,Paper,448.23,8,201.97
CA-2016-104381,10-02-2018,Customer_122,West,Illinois,Chicago,Office Supplies,Paper,996.73,6,-16.66
CA-2017-104382,22-02-2018,Customer_357,Central,New York,New York City,Office Supplies,Storage,344.73,2,145.9
CA-2018-104383,10-01-2017,Customer_466,South,Texas,Los Angeles,Technology,Phones,947.55,3,187.89
CA-2015-104384,25-01-2018,Customer_396,South,Illinois,Chicago,Furniture,Chairs,953.41,10,72.88
CA-2016-104385,24-10-2017,Customer_54,East,New York,Houston,Furniture,Bookcases,541.67,9,48.98
CA-2017-104386,26-12-2017,Customer_204,Central,Florida,Miami,Technology,Copiers,719.62,8,288.17
CA-2018-104387,09-06-2018,Customer_126,South,California,New York City,Office Supplies,Paper,164.43,9,200.4
CA-2015-104388,20-03-2018,Customer_283,South,Florida,Houston,Furniture,Tables,875.15,6,162.02
CA-2016-104389,22-09-2015,Customer_310,West,Texas,Miami,Furniture,Bookcases,97.58,8,198.25
CA-2017-104390,07-09-2016,Customer_208,East,New York,Houston,Technology,Accessories,833.94,1,-8.38
CA-2018-104391,18-12-2018,Customer_30,East,Texas,New York City,Furniture,Chairs,661.49,4,168.91
CA-2015-104392,22-11-2015,Customer_180,Central,New York,Houston,Office Supplies,Binders,79.86,3,60.28
CA-2016-104393,15-11-2018,Customer_363,Central,California,Chicago,Technology,Copiers,273.17,5,-24.22
CA-2017-104394,11-07-2017,Customer_256,West,Illinois,New York City,Technology,Accessories,416.62,7,128.77
CA-2018-104395,17-08-2015,Customer_496,South,Illinois,New York City,Office Supplies,Paper,73.27,7,150.17
CA-2015-104396,10-12-2018,Customer_294,South,Florida,Miami,Furniture,Tables,317.48,10,221.05
CA-2016-104397,08-01-2019,Customer_67,West,California,Chicago,Office Supplies,Paper,97.84,7,102.57
CA-2017-104398,20-12-2015,Customer_16,West,Illinois,Los Angeles,Technology,Phones,97.25,8,131.38
CA-2018-104399,30-12-2017,Customer_141,East,Texas,Miami,Furniture,Bookcases,784.61,2,31.91
CA-2015-104400,05-11-2016,Customer_74,East,Florida,Chicago,Office Supplies,Paper,47.8,8,-67.65
CA-2016-104401,20-03-2015,Customer_371,West,California,Miami,Technology,Accessories,21.31,4,-62.13
CA-2017-104402,31-01-2016,Customer_107,Central,Illinois,Chicago,Furniture,Tables,600.25,8,42.42
CA-2018-104403,14-11-2018,Customer_103,Central,Florida,Miami,Office Supplies,Binders,375.81,7,118.72
CA-2015-104404,31-07-2015,Customer_253,South,New York,Chicago,Office Supplies,Binders,410.6,8,85.76
CA-2016-104405,18-08-2016,Customer_288,West,California,New York City,Office Supplies,Paper,454.92,5,258.29
CA-2017-104406,07-03-2017,Customer_459,East,Texas,Chicago,Technology,Phones,457.84,4,212.72
CA-2018-104407,06-09-2015,Customer_207,West,California,Houston,Furniture,Tables,808.11,8,215.47
CA-2015-104408,14-01-2017,Customer_218,East,Texas,Los Angeles,Furniture,Chairs,263.12,1,15.81
CA-2016-104409,19-07-2016,Customer_48,South,Texas,Los Angeles,Office Supplies,Storage,22.11,2,117.11
CA-2017-104410,06-01-2019,Customer_309,East,Illinois,Chicago,Furniture,Tables,955.15,5,186.31
CA-2018-104411,28-04-2018,Customer_469,West,Texas,Miami,Furniture,Bookcases,159.8,4,198.19
CA-2015-104412,07-07-2017,Customer_259,Central,Texas,Houston,Technology,Phones,752.41,6,-43.34
CA-2016-104413,06-09-2015,Customer_167,East,Florida,Los Angeles,Technology,Copiers,532.85,3,245.45
CA-2017-104414,10-08-2015,Customer_43,South,California,Miami,Office Supplies,Binders,398.2,5,69.22
CA-2018-104415,18-03-2017,Customer_107,West,California,Los Angeles,Technology,Copiers,746.33,6,84.39
CA-2015-104416,18-07-2017,Customer_341,East,New York,Los Angeles,Technology,Copiers,746.57,6,152.36
CA-2016-104417,22-02-2015,Customer_462,West,California,Houston,Office Supplies,Binders,355.98,6,-97.0
CA-2017-104418,04-08-2015,Customer_107,West,Texas,Chicago,Furniture,Bookcases,79.51,8,263.74
CA-2018-104419,31-07-2018,Customer_264,West,Illinois,Los Angeles,Office Supplies,Paper,145.29,2,159.48
CA-2015-104420,01-05-2016,Customer_332,West,California,Miami,Furniture,Tables,406.26,5,-10.91
CA-2016-104421,27-02-2015,Customer_174,East,Illinois,Los Angeles,Office Supplies,Binders,154.79,2,-82.65
CA-2017-104422,10-10-2018,Customer_364,West,Florida,Los Angeles,Technology,Phones,685.24,10,171.06
CA-2018-104423,10-11-2018,Customer_52,East,California,Miami,Furniture,Chairs,881.6,1,68.05
CA-2015-104424,13-07-2016,Customer_308,West,Florida,Chicago,Furniture,Bookcases,313.08,1,-46.36
CA-2016-104425,20-12-2017,Customer_308,Central,Florida,Chicago,Furniture,Chairs,821.9,8,84.32
CA-2017-104426,07-11-2016,Customer_283,West,California,Houston,Office Supplies,Paper,315.7,4,8.28
CA-2018-104427,05-12-2015,Customer_60,West,Texas,Houston,Furniture,Chairs,705.56,5,145.78
CA-2015-104428,12-06-2015,Customer_449,West,Illinois,Houston,Furniture,Bookcases,716.15,7,-60.19
CA-2016-104429,01-05-2017,Customer_102,East,California,Los Angeles,Furniture,Tables,716.91,9,225.5
CA-2017-104430,01-11-2018,Customer_396,West,Illinois,Houston,Technology,Phones,367.31,9,125.03
CA-2018-104431,19-03-2015,Customer_299,West,California,Los Angeles,Technology,Accessories,634.4,10,299.36
CA-2015-104432,18-09-2016,Customer_330,South,Texas,Houston,Furniture,Bookcases,309.77,9,8.59
CA-2016-104433,18-09-2016,Customer_352,East,Illinois,Miami,Furniture,Chairs,162.06,3,-56.94
CA-2017-104434,03-08-2017,Customer_188,West,New York,New York City,Technology,Copiers,589.41,9,101.02
CA-2018-104435,04-12-2017,Customer_297,West,Florida,New York City,Furniture,Chairs,430.8,4,112.83
CA-2015-104436,07-02-2018,Customer_212,East,Illinois,Miami,Furniture,Tables,614.65,3,56.78
CA-2016-104437,28-11-2016,Customer_253,South,California,Chicago,Furniture,Chairs,289.64,4,274.39
CA-2017-104438,14-08-2016,Customer_471,West,Texas,Miami,Furniture,Chairs,901.05,6,-31.14
CA-2018-104439,16-02-2018,Customer_8,West,California,Chicago,Office Supplies,Binders,609.92,7,220.55
CA-2015-104440,22-07-2017,Customer_318,Central,Florida,Miami,Furniture,Chairs,205.95,10,99.42
CA-2016-104441,05-10-2016,Customer_38,West,Florida,Miami,Technology,Phones,349.94,8,98.04
CA-2017-104442,29-01-2018,Customer_382,Central,Florida,Houston,Office Supplies,Paper,367.68,8,147.28
CA-2018-104443,06-08-2018,Customer_419,East,New York,New York City,Technology,Copiers,365.28,8,207.61
CA-2015-104444,19-11-2017,Customer_32,West,Texas,New York City,Furniture,Chairs,853.93,9,103.85
CA-2016-104445,02-08-2016,Customer_194,South,New York,Chicago,Technology,Phones,45.01,3,-45.5
CA-2017-104446,02-09-2015,Customer_484,East,Texas,Chicago,Office Supplies,Storage,163.19,10,72.21
CA-2018-104447,09-10-2016,Customer_27,South,Texas,Houston,Office Supplies,Storage,95.74,5,73.43
CA-2015-104448,07-01-2015,Customer_38,East,California,Chicago,Technology,Phones,98.01,9,175.15
CA-2016-104449,19-09-2015,Customer_208,South,Florida,Los Angeles,Technology,Accessories,980.83,4,-56.36
CA-2017-104450,20-05-2018,Customer_52,East,New York,New York City,Furniture,Bookcases,219.4,4,109.71
CA-2018-104451,23-10-2015,Customer_340,West,New York,New York City,Furniture,Chairs,724.75,6,123.52
CA-2015-104452,07-10-2018,Customer_244,East,California,Miami,Technology,Phones,106.12,10,187.35
CA-2016-104453,04-02-2019,Customer_10,East,Illinois,Miami,Technology,Phones,988.66,8,221.36
CA-2017-104454,30-10-2017,Customer_453,West,Texas,Miami,Office Supplies,Paper,316.65,1,253.15
CA-2018-104455,14-05-2017,Customer_1,Central,New York,Chicago,Technology,Copiers,840.88,4,177.95
CA-2015-104456,15-09-2018,Customer_230,South,Florida,Los Angeles,Furniture,Chairs,380.35,9,26.04
CA-2016-104457,21-01-2015,Customer_390,West,Florida,Houston,Office Supplies,Paper,249.57,7,237.9
CA-2017-104458,29-11-2015,Customer_331,Central,New York,Miami,Office Supplies,Paper,417.17,8,262.42
CA-2018-104459,25-06-2016,Customer_27,South,California,Los Angeles,Furniture,Bookcases,78.54,6,196.82
CA-2015-104460,11-08-2017,Customer_341,West,Texas,Miami,Furniture,Bookcases,139.21,8,147.05
CA-2016-104461,04-10-2018,Customer_482,South,Florida,Chicago,Office Supplies,Binders,735.8,4,219.13
CA-2017-104462,08-12-2017,Customer_289,East,Illinois,New York City,Furniture,Bookcases,980.38,7,-65.91
CA-2018-104463,27-02-2017,Customer_328,South,Illinois,Houston,Technology,Accessories,601.9,8,51.61
CA-2015-104464,01-05-2015,Customer_413,West,New York,New York City,Technology,Accessories,438.44,10,-53.0
CA-2016-104465,02-02-2018,Customer_99,East,Texas,Houston,Furniture,Bookcases,75.5,4,157.51
CA-2017-104466,27-03-2016,Customer_42,West,Florida,New York City,Office Supplies,Paper,604.99,3,182.34
CA-2018-104467,08-08-2018,Customer_485,Central,California,Los Angeles,Office Supplies,Binders,375.98,10,46.29
CA-2015-104468,23-04-2015,Customer_271,Central,Illinois,Los Angeles,Furniture,Bookcases,388.9,5,17.65
CA-2016-104469,19-12-2016,Customer_313,South,Illinois,New York City,Technology,Copiers,111.39,8,-6.39
CA-2017-104470,17-02-2017,Customer_445,East,Florida,Los Angeles,Technology,Phones,596.81,10,161.18
CA-2018-104471,30-11-2016,Customer_45,Central,Texas,Miami,Furniture,Bookcases,823.85,1,294.4
CA-2015-104472,10-03-2015,Customer_73,South,California,Houston,Furniture,Chairs,312.07,7,290.44
CA-2016-104473,11-08-2017,Customer_165,East,Texas,Houston,Office Supplies,Paper,166.82,2,74.08
CA-2017-104474,13-12-2017,Customer_475,West,New York,Miami,Furniture,Tables,312.33,5,222.91
CA-2018-104475,08-08-2015,Customer_164,West,California,Chicago,Office Supplies,Binders,852.17,6,119.35
CA-2015-104476,10-02-2018,Customer_14,Central,Texas,New York City,Furniture,Chairs,972.93,9,245.92
CA-2016-104477,10-01-2017,Customer_225,Central,New York,New York City,Office Supplies,Storage,605.12,4,175.35
CA-2017-104478,31-01-2016,Customer_378,Central,New York,Miami,Office Supplies,Binders,803.67,4,69.35
CA-2018-104479,05-02-2017,Customer_406,South,Florida,Miami,Office Supplies,Paper,39.91,8,292.61
CA-2015-104480,29-07-2018,Customer_142,West,New York,Los Angeles,Technology,Phones,893.63,8,-27.86
CA-2016-104481,11-05-2015,Customer_41,South,Florida,Houston,Office Supplies,Binders,589.46,8,57.87
CA-2017-104482,27-01-2016,Customer_225,East,California,Miami,Office Supplies,Storage,479.53,3,-81.4
CA-2018-104483,17-08-2015,Customer_410,South,New York,Miami,Furniture,Chairs,549.01,1,-39.92
CA-2015-104484,04-10-2018,Customer_61,East,Illinois,Miami,Technology,Accessories,206.28,5,-75.84
CA-2016-104485,06-06-2018,Customer_445,East,New York,Los Angeles,Furniture,Bookcases,900.88,9,237.98
CA-2017-104486,19-12-2018,Customer_185,Central,Illinois,Houston,Office Supplies,Paper,219.49,2,109.8
CA-2018-104487,16-08-2017,Customer_431,East,New York,Chicago,Furniture,Chairs,219.43,5,-78.3
CA-2015-104488,28-04-2015,Customer_101,East,Florida,New York City,Furniture,Tables,735.66,9,7.78
CA-2016-104489,09-01-2015,Customer_309,East,Texas,Chicago,Office Supplies,Paper,821.18,4,83.15
CA-2017-104490,18-02-2018,Customer_108,West,New York,Houston,Furniture,Chairs,324.43,3,67.2
CA-2018-104491,27-11-2015,Customer_276,East,Florida,Miami,Office Supplies,Binders,893.81,1,60.26
CA-2015-104492,05-08-2017,Customer_328,West,Florida,Houston,Furniture,Bookcases,292.41,3,174.4
CA-2016-104493,15-10-2017,Customer_214,East,Illinois,Houston,Technology,Phones,702.32,7,66.57
CA-2017-104494,28-01-2019,Customer_265,East,Illinois,Chicago,Office Supplies,Storage,496.2,10,-50.37
CA-2018-104495,26-10-2015,Customer_302,West,California,New York City,Technology,Accessories,743.77,8,253.78
CA-2015-104496,20-09-2018,Customer_419,South,New York,Miami,Technology,Phones,104.64,7,263.48
CA-2016-104497,08-07-2017,Customer_292,West,California,Chicago,Technology,Accessories,702.58,4,208.8
CA-2017-104498,11-04-2017,Customer_261,Central,New York,New York City,Office Supplies,Binders,616.39,4,-13.66
CA-2018-104499,06-06-2017,Customer_16,Central,Illinois,Chicago,Technology,Accessories,352.57,4,246.38
CA-2015-104500,04-05-2016,Customer_206,West,Florida,New York City,Office Supplies,Storage,996.52,6,29.68
CA-2016-104501,25-04-2018,Customer_476,East,Illinois,Chicago,Office Supplies,Storage,514.34,1,-95.67
CA-2017-104502,18-01-2018,Customer_157,West,Florida,Chicago,Furniture,Bookcases,688.27,7,224.33
CA-2018-104503,09-01-2019,Customer_151,West,Texas,New York City,Technology,Accessories,137.3,10,142.24
CA-2015-104504,23-02-2017,Customer_37,West,California,Los Angeles,Furniture,Bookcases,975.55,1,243.87
CA-2016-104505,25-01-2015,Customer_163,West,California,Miami,Furniture,Chairs,372.81,1,260.97
CA-2017-104506,29-07-2018,Customer_237,West,Florida,Houston,Furniture,Chairs,853.42,1,40.3
CA-2018-104507,30-01-2016,Customer_44,West,Texas,New York City,Furniture,Tables,539.42,1,59.4
CA-2015-104508,18-03-2018,Customer_284,Central,Texas,Chicago,Technology,Accessories,132.0,5,-9.71
CA-2016-104509,22-05-2016,Customer_480,West,California,Los Angeles,Technology,Copiers,412.73,7,74.43
CA-2017-104510,05-07-2017,Customer_265,South,Illinois,Los Angeles,Furniture,Chairs,701.56,2,134.28
CA-2018-104511,11-02-2015,Customer_310,Central,Florida,Chicago,Technology,Phones,366.57,7,255.71
CA-2015-104512,23-11-2017,Customer_149,South,Illinois,New York City,Furniture,Chairs,453.52,2,140.57
CA-2016-104513,15-10-2016,Customer_460,South,Illinois,Chicago,Office Supplies,Paper,904.21,5,163.46
CA-2017-104514,21-09-2018,Customer_298,West,California,Miami,Technology,Accessories,667.71,2,13.97
CA-2018-104515,24-03-2018,Customer_226,Central,Texas,New York City,Technology,Phones,572.13,9,253.93
CA-2015-104516,01-12-2015,Customer_228,West,Texas,Miami,Furniture,Bookcases,656.34,5,244.72
CA-2016-104517,05-11-2016,Customer_356,West,California,Miami,Office Supplies,Storage,881.36,8,162.13
CA-2017-104518,12-03-2017,Customer_232,Central,Texas,New York City,Technology,Accessories,727.27,10,273.3
CA-2018-104519,08-03-2015,Customer_292,East,California,Miami,Furniture,Tables,909.98,10,7.94
CA-2015-104520,28-01-2015,Customer_242,Central,California,Chicago,Office Supplies,Storage,607.24,2,49.72
CA-2016-104521,24-06-2015,Customer_122,South,New York,Los Angeles,Office Supplies,Paper,703.17,3,255.39
CA-2017-104522,19-01-2019,Customer_123,South,California,Miami,Technology,Phones,320.96,5,-29.11
CA-2018-104523,18-02-2017,Customer_170,West,Texas,Los Angeles,Office Supplies,Storage,471.86,2,-74.04
CA-2015-104524,27-01-2019,Customer_293,East,California,Chicago,Technology,Accessories,826.11,3,164.09
CA-2016-104525,22-09-2017,Customer_423,Central,California,Chicago,Technology,Accessories,880.13,2,101.3
CA-2017-104526,17-03-2015,Customer_223,East,Texas,New York City,Technology,Phones,689.88,6,36.57
CA-2018-104527,10-03-2017,Customer_212,Central,Florida,New York City,Office Supplies,Storage,387.05,1,-71.61
CA-2015-104528,11-06-2018,Customer_148,West,Texas,Houston,Furniture,Bookcases,220.89,4,69.41
CA-2016-104529,04-04-2015,Customer_118,South,Texas,Los Angeles,Office Supplies,Storage,326.97,10,182.78
CA-2017-104530,08-10-2016,Customer_93,West,Florida,Miami,Office Supplies,Storage,678.02,5,188.8
CA-2018-104531,18-09-2018,Customer_240,Central,Texas,Chicago,Technology,Phones,942.68,4,193.3
CA-2015-104532,21-09-2016,Customer_207,West,California,New York City,Furniture,Bookcases,640.2,10,155.48
CA-2016-104533,03-03-2018,Customer_488,West,Texas,Los Angeles,Technology,Accessories,551.71,3,89.48
CA-2017-104534,27-04-2017,Customer_119,Central,New York,New York City,Office Supplies,Paper,176.98,8,-95.66
CA-2018-104535,23-01-2019,Customer_106,East,Texas,Chicago,Office Supplies,Binders,924.28,1,209.02
CA-2015-104536,03-04-2015,Customer_493,East,Illinois,Chicago,Technology,Accessories,217.85,6,272.17
CA-2016-104537,16-07-2018,Customer_222,Central,Florida,Chicago,Technology,Copiers,624.57,7,-69.53
CA-2017-104538,17-01-2019,Customer_398,West,Texas,Houston,Office Supplies,Binders,764.45,8,-1.39
CA-2018-104539,22-12-2015,Customer_398,West,Illinois,Los Angeles,Furniture,Chairs,904.96,10,290.4
CA-2015-104540,10-09-2015,Customer_353,West,Texas,Miami,Technology,Accessories,557.57,8,278.75
CA-2016-104541,17-03-2016,Customer_428,Central,New York,Miami,Technology,Copiers,557.33,8,218.72
CA-2017-104542,18-09-2017,Customer_439,Central,Texas,Houston,Furniture,Chairs,286.74,1,144.66
CA-2018-104543,14-09-2015,Customer_340,South,Illinois,New York City,Technology,Copiers,467.38,6,86.19
CA-2015-104544,15-12-2017,Customer_280,Central,California,Houston,Technology,Accessories,338.93,10,223.23
CA-2016-104545,25-08-2017,Customer_407,Central,Illinois,Houston,Technology,Accessories,272.52,4,136.4
CA-2017-104546,23-09-2016,Customer_1,South,Illinois,New York City,Furniture,Tables,810.73,6,96.67
CA-2018-104547,17-03-2017,Customer_184,Central,Illinois,Houston,Furniture,Chairs,271.09,1,123.87
CA-2015-104548,20-03-2017,Customer_181,West,Florida,Houston,Furniture,Tables,517.0,1,163.1
CA-2016-104549,30-11-2016,Customer_222,East,Florida,Houston,Office Supplies,Storage,731.41,8,100.54
CA-2017-104550,12-05-2017,Customer_455,Central,Texas,Chicago,Furniture,Chairs,257.37,5,184.43
CA-2018-104551,19-07-2016,Customer_222,Central,Texas,New York City,Office Supplies,Binders,876.8,2,258.59
CA-2015-104552,27-10-2018,Customer_424,Central,Texas,Miami,Office Supplies,Storage,93.81,10,-57.19
CA-2016-104553,29-09-2015,Customer_394,West,California,Miami,Technology,Accessories,656.26,2,62.5
CA-2017-104554,18-07-2015,Customer_486,East,Texas,Houston,Technology,Copiers,618.37,2,40.6
CA-2018-104555,12-03-2017,Customer_270,Central,Florida,Houston,Technology,Accessories,429.65,4,141.87
CA-2015-104556,02-02-2016,Customer_159,West,Texas,Los Angeles,Office Supplies,Storage,217.05,9,21.77
CA-2016-104557,15-10-2016,Customer_338,West,Texas,New York City,Furniture,Bookcases,28.9,7,120.55
CA-2017-104558,29-10-2017,Customer_325,East,Florida,Houston,Office Supplies,Storage,968.64,10,66.17
CA-2018-104559,19-04-2016,Customer_344,Central,New York,Houston,Furniture,Chairs,808.51,9,17.4
CA-2015-104560,26-02-2018,Customer_12,South,New York,New York City,Technology,Phones,354.73,5,-62.11
CA-2016-104561,27-04-2017,Customer_15,East,New York,New York City,Furniture,Bookcases,645.86,7,-43.52
CA-2017-104562,15-04-2017,Customer_307,East,Illinois,Miami,Office Supplies,Paper,225.37,8,-76.97
CA-2018-104563,22-09-2017,Customer_203,South,Florida,Houston,Furniture,Bookcases,815.34,9,133.96
CA-2015-104564,18-04-2015,Customer_100,South,Texas,New York City,Office Supplies,Storage,319.95,1,135.27
CA-2016-104565,17-04-2017,Customer_409,East,Illinois,New York City,Furniture,Chairs,35.61,3,212.06
CA-2017-104566,16-01-2017,Customer_392,Central,Texas,New York City,Furniture,Tables,917.33,8,283.57
CA-2018-104567,31-08-2017,Customer_500,East,New York,Miami,Technology,Copiers,472.09,6,14.47
CA-2015-104568,14-06-2016,Customer_466,Central,Florida,Miami,Technology,Phones,582.93,1,32.73
CA-2016-104569,31-07-2015,Customer_128,Central,Illinois,Los Angeles,Office Supplies,Binders,80.84,6,-14.23
CA-2017-104570,06-07-2018,Customer_445,West,New York,New York City,Technology,Phones,250.61,1,242.55
CA-2018-104571,30-01-2015,Customer_440,East,New York,Miami,Technology,Phones,813.24,2,72.41
CA-2015-104572,03-03-2015,Customer_277,East,California,New York City,Furniture,Bookcases,941.24,7,-53.39
CA-2016-104573,27-09-2016,Customer_132,East,Florida,Houston,Technology,Copiers,560.25,4,257.05
CA-2017-104574,11-07-2018,Customer_81,South,New York,Chicago,Office Supplies,Binders,865.07,1,69.22
CA-2018-104575,20-02-2015,Customer_369,Central,California,Houston,Furniture,Bookcases,642.53,1,182.66
CA-2015-104576,24-09-2018,Customer_142,East,Texas,Miami,Office Supplies,Storage,430.45,2,294.45
CA-2016-104577,26-01-2019,Customer_470,West,Texas,Houston,Technology,Copiers,174.33,8,144.42
CA-2017-104578,31-01-2017,Customer_483,Central,New York,Los Angeles,Technology,Accessories,464.14,10,219.04
CA-2018-104579,06-07-2016,Customer_410,Central,New York,Los Angeles,Office Supplies,Storage,833.7,7,273.88
CA-2015-104580,27-09-2015,Customer_430,East,Florida,Miami,Office Supplies,Storage,496.61,2,146.66
CA-2016-104581,29-10-2015,Customer_412,Central,Texas,New York City,Furniture,Tables,934.1,3,264.88
CA-2017-104582,15-06-2017,Customer_136,South,Illinois,Miami,Furniture,Bookcases,419.53,2,16.74
CA-2018-104583,12-01-2016,Customer_13,East,Illinois,Houston,Technology,Copiers,917.32,5,200.28
CA-2015-104584,11-04-2015,Customer_200,South,California,Chicago,Furniture,Chairs,565.87,9,111.71
CA-2016-104585,18-09-2016,Customer_495,West,California,Los Angeles,Furniture,Tables,223.25,6,209.17
CA-2017-104586,04-04-2018,Customer_403,West,Florida,Chicago,Office Supplies,Binders,158.13,8,155.11
CA-2018-104587,13-10-2018,Customer_429,Central,California,Chicago,Technology,Copiers,424.25,6,213.81
CA-2015-104588,12-06-2018,Customer_481,Central,Illinois,New York City,Office Supplies,Storage,29.96,8,16.12
CA-2016-104589,26-09-2018,Customer_126,Central,New York,Miami,Office Supplies,Paper,996.56,7,194.41
CA-2017-104590,08-12-2017,Customer_179,West,Florida,Houston,Furniture,Chairs,547.59,9,260.69
CA-2018-104591,22-01-2015,Customer_238,West,Texas,New York City,Technology,Accessories,587.12,9,282.56
CA-2015-104592,26-08-2016,Customer_497,East,Texas,Houston,Technology,Copiers,123.62,6,8.2
CA-2016-104593,12-08-2015,Customer_404,South,Texas,Chicago,Office Supplies,Binders,649.84,6,278.01
CA-2017-104594,27-01-2017,Customer_162,West,Illinois,Chicago,Technology,Phones,383.25,4,290.97
CA-2018-104595,21-11-2015,Customer_298,Central,Florida,Chicago,Furniture,Chairs,154.06,5,218.2
CA-2015-104596,24-04-2015,Customer_446,Central,Illinois,Miami,Office Supplies,Binders,890.94,2,36.55
CA-2016-104597,11-04-2016,Customer_145,South,Texas,Houston,Technology,Copiers,212.95,1,59.76
CA-2017-104598,01-10-2015,Customer_74,West,California,Chicago,Technology,Phones,850.76,9,236.3
CA-2018-104599,07-01-2019,Customer_6,South,Illinois,New York City,Furniture,Bookcases,137.56,5,148.75
CA-2015-104600,14-12-2015,Customer_328,Central,Florida,Chicago,Technology,Copiers,256.66,5,165.62
CA-2016-104601,14-12-2017,Customer_61,South,Texas,New York City,Office Supplies,Binders,182.61,8,259.03
CA-2017-104602,26-09-2018,Customer_426,West,Illinois,Houston,Furniture,Bookcases,192.36,8,-44.95
CA-2018-104603,02-08-2017,Customer_27,East,California,Miami,Furniture,Bookcases,619.09,8,-54.01
CA-2015-104604,23-04-2015,Customer_440,South,Illinois,New York City,Office Supplies,Binders,759.6,9,189.9
CA-2016-104605,08-01-2016,Customer_414,South,Illinois,Houston,Technology,Copiers,564.15,2,119.18
CA-2017-104606,10-07-2016,Customer_283,Central,Illinois,Los Angeles,Office Supplies,Storage,933.58,6,188.51
CA-2018-104607,22-11-2018,Customer_65,Central,Florida,Houston,Technology,Accessories,832.53,3,29.84
CA-2015-104608,21-06-2015,Customer_123,East,New York,Miami,Technology,Phones,999.94,2,75.12
CA-2016-104609,05-10-2015,Customer_64,Central,Illinois,Miami,Office Supplies,Binders,272.77,4,223.84
CA-2017-104610,27-02-2015,Customer_354,West,California,New York City,Furniture,Bookcases,676.12,6,-58.32
CA-2018-104611,19-12-2018,Customer_478,South,California,Los Angeles,Furniture,Chairs,845.42,5,280.04
CA-2015-104612,13-02-2016,Customer_142,South,Texas,Chicago,Office Supplies,Paper,195.7,6,258.36
CA-2016-104613,22-09-2017,Customer_262,East,New York,Los Angeles,Furniture,Bookcases,857.07,1,-71.46
CA-2017-104614,07-01-2018,Customer_15,West,Florida,Chicago,Office Supplies,Storage,343.8,6,153.56
CA-2018-104615,11-06-2018,Customer_447,West,Texas,Chicago,Technology,Accessories,537.55,6,105.05
CA-2015-104616,11-08-2016,Customer_248,South,Illinois,Los Angeles,Technology,Accessories,426.42,5,230.16
CA-2016-104617,02-03-2015,Customer_14,East,New York,Los Angeles,Office Supplies,Paper,75.21,2,95.78
CA-2017-104618,06-11-2018,Customer_54,Central,Florida,Miami,Furniture,Chairs,465.87,4,195.75
CA-2018-104619,13-04-2018,Customer_479,South,Florida,Los Angeles,Office Supplies,Paper,99.01,5,77.58
CA-2015-104620,05-02-2018,Customer_324,South,Illinois,New York City,Furniture,Tables,658.44,4,-66.22
CA-2016-104621,09-08-2018,Customer_340,East,New York,Miami,Furniture,Tables,756.47,9,165.89
CA-2017-104622,14-05-2015,Customer_500,East,Illinois,Houston,Furniture,Tables,829.18,8,113.05
CA-2018-104623,12-11-2015,Customer_479,East,New York,Los Angeles,Furniture,Bookcases,944.56,8,-13.58
CA-2015-104624,12-03-2018,Customer_398,East,Texas,New York City,Office Supplies,Paper,247.83,1,145.96
CA-2016-104625,27-01-2017,Customer_251,East,New York,Miami,Furniture,Tables,860.5,8,271.59
CA-2017-104626,06-02-2015,Customer_264,South,Illinois,Houston,Office Supplies,Paper,323.26,8,156.71
CA-2018-104627,04-08-2018,Customer_250,Central,Florida,Houston,Furniture,Chairs,994.65,7,-26.67
CA-2015-104628,08-08-2017,Customer_239,Central,Florida,Los Angeles,Furniture,Bookcases,613.54,2,5.57
CA-2016-104629,10-02-2015,Customer_209,West,California,Miami,Office Supplies,Paper,601.17,1,25.46
CA-2017-104630,29-04-2016,Customer_354,South,California,Houston,Furniture,Chairs,33.31,5,-90.64
CA-2018-104631,16-11-2015,Customer_388,Central,Illinois,New York City,Furniture,Bookcases,809.11,10,217.32
CA-2015-104632,12-01-2019,Customer_60,West,Illinois,Miami,Furniture,Chairs,474.24,5,68.51
CA-2016-104633,23-09-2015,Customer_401,West,Illinois,Chicago,Furniture,Bookcases,152.53,1,166.03
CA-2017-104634,23-03-2018,Customer_497,East,California,Chicago,Technology,Accessories,445.69,10,216.81
CA-2018-104635,07-04-2017,Customer_498,East,Texas,New York City,Furniture,Tables,74.26,3,9.99
CA-2015-104636,11-08-2016,Customer_83,South,Florida,Los Angeles,Office Supplies,Storage,642.78,8,164.34
CA-2016-104637,08-05-2016,Customer_481,East,New York,Miami,Office Supplies,Storage,921.76,10,266.12
CA-2017-104638,13-05-2016,Customer_445,South,Florida,Chicago,Technology,Accessories,237.81,10,-80.56
CA-2018-104639,17-12-2015,Customer_469,Central,Texas,Houston,Technology,Phones,551.26,5,49.92
CA-2015-104640,11-01-2017,Customer_28,Central,Illinois,New York City,Office Supplies,Binders,507.37,8,131.69
CA-2016-104641,08-12-2016,Customer_422,South,California,New York City,Technology,Accessories,633.0,7,-20.07
CA-2017-104642,06-01-2019,Customer_250,West,California,Chicago,Office Supplies,Storage,815.0,2,35.91
CA-2018-104643,31-10-2018,Customer_432,South,New York,Miami,Furniture,Bookcases,278.04,10,1.9
CA-2015-104644,21-05-2017,Customer_100,West,New York,Los Angeles,Furniture,Tables,659.21,8,291.06
CA-2016-104645,16-06-2016,Customer_209,East,New York,New York City,Furniture,Chairs,363.44,4,91.85
CA-2017-104646,03-04-2018,Customer_381,East,Texas,Los Angeles,Office Supplies,Paper,378.94,8,54.45
CA-2018-104647,04-10-2018,Customer_225,West,Texas,New York City,Office Supplies,Binders,11.73,10,94.27
CA-2015-104648,02-10-2017,Customer_54,East,California,New York City,Technology,Phones,863.75,8,71.02
CA-2016-104649,31-07-2015,Customer_93,Central,Texas,Houston,Furniture,Chairs,977.18,3,-74.61
CA-2017-104650,03-08-2018,Customer_241,Central,New York,Los Angeles,Office Supplies,Binders,835.54,7,-57.5
CA-2018-104651,26-11-2016,Customer_486,West,California,Los Angeles,Furniture,Chairs,447.7,2,-4.33
CA-2015-104652,19-06-2018,Customer_219,Central,Illinois,Houston,Technology,Copiers,134.4,1,156.96
CA-2016-104653,08-09-2018,Customer_69,South,New York,Los Angeles,Office Supplies,Binders,843.3,6,57.9
CA-2017-104654,05-09-2018,Customer_487,South,Texas,Los Angeles,Technology,Copiers,999.3,1,8.34
CA-2018-104655,07-05-2015,Customer_317,South,Texas,Los Angeles,Furniture,Bookcases,23.85,10,-27.42
CA-2015-104656,20-04-2016,Customer_482,Central,New York,Miami,Technology,Phones,886.65,8,116.21
CA-2016-104657,07-01-2018,Customer_352,West,Florida,Miami,Furniture,Tables,589.79,9,63.01
CA-2017-104658,06-07-2015,Customer_64,East,New York,New York City,Furniture,Bookcases,912.24,7,245.3
CA-2018-104659,13-06-2017,Customer_470,West,New York,New York City,Furniture,Bookcases,666.9,1,258.49
CA-2015-104660,18-10-2016,Customer_450,East,Florida,Houston,Furniture,Chairs,130.06,2,-5.94
CA-2016-104661,25-05-2017,Customer_110,East,Illinois,New York City,Office Supplies,Binders,87.22,6,-0.85
CA-2017-104662,19-02-2015,Customer_207,West,Florida,New York City,Technology,Copiers,756.15,7,182.16
CA-2018-104663,29-08-2015,Customer_152,South,California,Houston,Office Supplies,Storage,111.24,4,193.52
CA-2015-104664,04-03-2017,Customer_368,West,New York,New York City,Technology,Accessories,672.89,8,202.83
CA-2016-104665,27-08-2017,Customer_429,West,New York,Houston,Technology,Accessories,465.49,5,37.75
CA-2017-104666,20-08-2017,Customer_493,East,California,Miami,Furniture,Tables,489.08,2,118.33
CA-2018-104667,22-01-2017,Customer_17,East,Illinois,Miami,Office Supplies,Paper,507.65,3,233.4
CA-2015-104668,27-04-2016,Customer_142,West,Illinois,New York City,Office Supplies,Storage,394.52,3,-80.44
CA-2016-104669,03-05-2017,Customer_20,West,California,Miami,Office Supplies,Paper,166.5,5,8.86
CA-2017-104670,28-09-2016,Customer_141,East,New York,Houston,Office Supplies,Binders,566.56,5,20.55
CA-2018-104671,24-10-2017,Customer_498,Central,Florida,Miami,Technology,Copiers,802.97,6,43.67
CA-2015-104672,01-01-2019,Customer_105,Central,New York,Houston,Office Supplies,Storage,831.18,9,-47.47
CA-2016-104673,10-09-2016,Customer_496,West,New York,Houston,Furniture,Bookcases,164.23,2,220.89
CA-2017-104674,07-07-2018,Customer_48,West,Illinois,Chicago,Office Supplies,Binders,127.36,1,105.09
CA-2018-104675,28-05-2018,Customer_392,Central,Florida,Miami,Furniture,Tables,454.75,2,-32.2
CA-2015-104676,26-10-2017,Customer_68,Central,Florida,New York City,Furniture,Chairs,484.97,6,47.67
CA-2016-104677,29-07-2016,Customer_69,South,Illinois,Miami,Technology,Phones,667.38,5,50.05
CA-2017-104678,26-07-2018,Customer_289,South,Texas,Miami,Furniture,Chairs,657.13,8,131.39
CA-2018-104679,31-01-2018,Customer_339,South,New York,Miami,Furniture,Chairs,841.86,10,117.46
CA-2015-104680,30-11-2016,Customer_313,Central,Illinois,Miami,Technology,Accessories,978.25,9,-95.66
CA-2016-104681,26-12-2015,Customer_341,East,Florida,Chicago,Technology,Accessories,645.16,6,155.36
CA-2017-104682,03-06-2016,Customer_437,Central,New York,New York City,Office Supplies,Paper,216.32,7,219.24
CA-2018-104683,09-12-2016,Customer_348,East,Illinois,Miami,Technology,Accessories,966.41,10,-64.62
CA-2015-104684,13-12-2017,Customer_234,South,California,Chicago,Furniture,Bookcases,319.71,10,-7.32
CA-2016-104685,09-09-2016,Customer_357,West,New York,Los Angeles,Furniture,Tables,612.33,8,169.05
CA-2017-104686,17-12-2016,Customer_481,East,New York,Houston,Technology,Phones,434.24,10,-36.64
CA-2018-104687,21-11-2015,Customer_331,South,Illinois,Chicago,Office Supplies,Storage,340.36,10,161.65
CA-2015-104688,29-11-2018,Customer_127,South,Florida,Chicago,Technology,Copiers,721.77,4,191.72
CA-2016-104689,17-05-2017,Customer_298,West,Illinois,Houston,Office Supplies,Paper,999.44,7,272.02
CA-2017-104690,20-02-2018,Customer_203,Central,California,New York City,Furniture,Tables,354.93,2,-64.0
CA-2018-104691,24-12-2015,Customer_7,Central,Illinois,Chicago,Furniture,Chairs,974.69,2,142.05
CA-2015-104692,12-06-2016,Customer_344,South,California,Houston,Furniture,Chairs,387.04,9,-43.35
CA-2016-104693,01-01-2016,Customer_444,Central,Texas,New York City,Office Supplies,Storage,330.05,10,244.43
CA-2017-104694,22-06-2015,Customer_219,West,Texas,Los Angeles,Office Supplies,Storage,139.71,9,289.69
CA-2018-104695,23-08-2018,Customer_318,South,Florida,Los Angeles,Technology,Copiers,10.88,6,227.95
CA-2015-104696,22-02-2017,Customer_413,East,California,Los Angeles,Furniture,Tables,82.65,7,77.62
CA-2016-104697,30-01-2018,Customer_22,West,Illinois,Chicago,Furniture,Bookcases,260.85,7,208.87
CA-2017-104698,06-03-2018,Customer_178,South,Texas,Miami,Technology,Copiers,913.41,7,-87.28
CA-2018-104699,09-02-2016,Customer_308,East,California,Miami,Office Supplies,Paper,868.42,3,-60.37
CA-2015-104700,26-03-2017,Customer_317,Central,Illinois,Houston,Technology,Copiers,381.18,7,-52.87
CA-2016-104701,02-10-2016,Customer_252,Central,Texas,Chicago,Technology,Copiers,343.87,3,-84.84
CA-2017-104702,15-08-2015,Customer_471,East,Florida,Chicago,Furniture,Bookcases,863.39,9,205.45
CA-2018-104703,19-12-2017,Customer_272,Central,Texas,Chicago,Office Supplies,Binders,17.35,6,166.67
CA-2015-104704,22-05-2017,Customer_45,West,Texas,Houston,Furniture,Chairs,962.66,1,283.69
CA-2016-104705,17-03-2015,Customer_107,East,New York,Houston,Technology,Copiers,929.13,4,225.69
CA-2017-104706,14-01-2016,Customer_71,South,California,Chicago,Technology,Copiers,327.9,9,251.8
CA-2018-104707,03-09-2015,Customer_66,East,Texas,Chicago,Furniture,Tables,701.62,10,261.23
CA-2015-104708,14-05-2016,Customer_235,East,California,Chicago,Furniture,Bookcases,929.34,4,-8.28
CA-2016-104709,24-09-2016,Customer_255,South,New York,New York City,Technology,Phones,597.26,6,-0.08
CA-2017-104710,20-02-2016,Customer_195,East,California,Miami,Technology,Phones,777.63,4,31.28
CA-2018-104711,27-08-2016,Customer_14,East,Illinois,Miami,Technology,Copiers,975.51,4,90.33
CA-2015-104712,15-05-2016,Customer_478,East,Florida,Miami,Office Supplies,Paper,95.52,3,214.3
CA-2016-104713,18-01-2015,Customer_344,East,Texas,Houston,Technology,Copiers,689.61,7,79.21
CA-2017-104714,10-10-2016,Customer_243,East,New York,Houston,Furniture,Chairs,266.31,5,279.56
CA-2018-104715,07-12-2018,Customer_373,East,Texas,Los Angeles,Office Supplies,Paper,384.04,9,145.2
CA-2015-104716,20-05-2016,Customer_292,West,Florida,Los Angeles,Office Supplies,Storage,58.69,8,-86.52
CA-2016-104717,01-11-2018,Customer_468,South,New York,Houston,Furniture,Chairs,732.09,6,-45.26
CA-2017-104718,24-02-2016,Customer_224,Central,New York,Chicago,Office Supplies,Paper,73.24,5,14.61
CA-2018-104719,07-10-2017,Customer_206,East,New York,Miami,Furniture,Bookcases,43.84,4,127.07
CA-2015-104720,25-02-2017,Customer_367,East,Florida,Houston,Office Supplies,Storage,346.49,5,116.78
CA-2016-104721,21-03-2017,Customer_401,East,Florida,Los Angeles,Furniture,Tables,956.88,6,-7.31
CA-2017-104722,25-01-2019,Customer_290,South,Texas,Chicago,Technology,Copiers,516.83,7,156.17
CA-2018-104723,29-12-2017,Customer_267,West,California,Los Angeles,Technology,Copiers,184.0,3,95.69
CA-2015-104724,08-04-2015,Customer_1,South,Illinois,New York City,Office Supplies,Storage,76.85,9,-15.5
CA-2016-104725,02-11-2016,Customer_277,South,Florida,Chicago,Furniture,Chairs,645.26,3,-53.04
CA-2017-104726,07-05-2017,Customer_353,East,Texas,Chicago,Technology,Accessories,305.8,2,-47.97
CA-2018-104727,11-10-2017,Customer_500,South,Texas,Houston,Technology,Accessories,452.45,2,233.76
CA-2015-104728,26-02-2015,Customer_319,East,Texas,Los Angeles,Office Supplies,Paper,777.08,2,-60.58
CA-2016-104729,28-10-2017,Customer_260,Central,Texas,Miami,Furniture,Tables,666.22,9,-40.94
CA-2017-104730,02-12-2015,Customer_290,East,California,Los Angeles,Office Supplies,Binders,517.04,9,34.06
CA-2018-104731,06-03-2016,Customer_126,Central,New York,Houston,Furniture,Bookcases,141.38,9,162.85
CA-2015-104732,12-07-2015,Customer_427,South,Illinois,Los Angeles,Office Supplies,Storage,112.52,7,102.51
CA-2016-104733,23-01-2015,Customer_256,East,Illinois,Miami,Technology,Accessories,280.56,7,99.93
CA-2017-104734,21-04-2016,Customer_20,Central,California,Los Angeles,Office Supplies,Binders,58.71,3,44.4
CA-2018-104735,11-12-2017,Customer_30,West,California,New York City,Office Supplies,Binders,454.39,9,-6.01
CA-2015-104736,24-12-2016,Customer_418,West,New York,Miami,Furniture,Tables,603.7,10,270.31
CA-2016-104737,17-04-2018,Customer_3,Central,Illinois,Houston,Furniture,Bookcases,983.08,1,197.69
CA-2017-104738,25-04-2018,Customer_127,East,Texas,Los Angeles,Technology,Accessories,95.93,4,-89.68
CA-2018-104739,29-02-2016,Customer_406,Central,New York,Houston,Office Supplies,Binders,327.39,6,-55.58
CA-2015-104740,05-07-2017,Customer_274,South,Texas,Chicago,Furniture,Chairs,865.3,1,-96.56
CA-2016-104741,03-10-2018,Customer_193,South,California,Houston,Office Supplies,Binders,683.33,3,279.38
CA-2017-104742,04-03-2017,Customer_407,West,Illinois,Miami,Office Supplies,Storage,947.45,8,180.98
CA-2018-104743,01-01-2018,Customer_240,East,New York,Los Angeles,Furniture,Bookcases,652.56,4,232.33
CA-2015-104744,04-12-2016,Customer_499,West,Texas,Los Angeles,Furniture,Bookcases,385.9,2,133.78
CA-2016-104745,08-11-2017,Customer_255,South,California,Miami,Technology,Copiers,404.68,10,247.73
CA-2017-104746,22-11-2018,Customer_285,Central,New York,Miami,Office Supplies,Paper,459.05,8,58.52
CA-2018-104747,11-02-2016,Customer_404,South,New York,Miami,Furniture,Bookcases,303.69,3,-39.77
CA-2015-104748,14-07-2015,Customer_395,West,Illinois,Miami,Furniture,Tables,449.11,8,76.88
CA-2016-104749,30-05-2015,Customer_418,East,California,Houston,Technology,Accessories,185.26,10,51.41
CA-2017-104750,18-06-2015,Customer_94,East,Texas,Houston,Technology,Phones,848.45,7,-67.36
CA-2018-104751,15-01-2016,Customer_342,Central,California,New York City,Furniture,Bookcases,496.71,2,161.23
CA-2015-104752,07-09-2018,Customer_468,South,New York,Chicago,Technology,Copiers,485.24,10,-80.67
CA-2016-104753,21-01-2015,Customer_287,South,Illinois,Los Angeles,Technology,Accessories,481.05,10,174.79
CA-2017-104754,16-08-2015,Customer_292,West,New York,Chicago,Office Supplies,Binders,103.1,2,149.68
CA-2018-104755,10-09-2015,Customer_192,South,Texas,Houston,Furniture,Chairs,250.46,4,7.58
CA-2015-104756,13-01-2018,Customer_352,Central,Illinois,New York City,Office Supplies,Storage,94.87,6,127.46
CA-2016-104757,27-04-2016,Customer_475,Central,California,Miami,Office Supplies,Storage,226.29,10,163.26
CA-2017-104758,31-12-2017,Customer_20,South,Illinois,Houston,Technology,Phones,892.08,4,210.53
CA-2018-104759,11-05-2018,Customer_23,South,Illinois,Houston,Furniture,Bookcases,284.62,5,219.37
CA-2015-104760,03-12-2017,Customer_467,East,California,Chicago,Office Supplies,Binders,649.12,4,21.83
CA-2016-104761,23-09-2015,Customer_488,West,Florida,Los Angeles,Furniture,Tables,575.8,5,151.73
CA-2017-104762,10-11-2017,Customer_79,West,New York,Los Angeles,Technology,Copiers,780.77,7,24.04
CA-2018-104763,06-02-2017,Customer_483,East,Florida,New York City,Office Supplies,Storage,343.39,9,-8.2
CA-2015-104764,15-01-2015,Customer_462,Central,New York,Chicago,Furniture,Chairs,896.83,8,286.42
CA-2016-104765,25-06-2017,Customer_140,South,Illinois,New York City,Technology,Accessories,339.86,2,285.34
CA-2017-104766,01-02-2017,Customer_70,South,Florida,Houston,Office Supplies,Paper,749.11,9,92.14
CA-2018-104767,18-04-2015,Customer_18,Central,Texas,Los Angeles,Furniture,Tables,635.73,4,293.11
CA-2015-104768,19-03-2017,Customer_74,South,Florida,Miami,Furniture,Bookcases,905.42,4,164.96
CA-2016-104769,12-01-2016,Customer_154,East,New York,Miami,Technology,Copiers,663.26,6,59.38
CA-2017-104770,10-02-2017,Customer_107,East,New York,Los Angeles,Furniture,Chairs,656.59,3,257.09
CA-2018-104771,24-08-2016,Customer_220,East,California,Chicago,Office Supplies,Binders,943.41,6,-31.81
CA-2015-104772,23-10-2015,Customer_329,West,California,Miami,Furniture,Tables,875.2,3,31.62
CA-2016-104773,04-06-2015,Customer_230,West,Texas,Miami,Technology,Accessories,481.8,10,239.59
CA-2017-104774,15-10-2017,Customer_457,East,Texas,Los Angeles,Office Supplies,Binders,90.69,5,181.32
CA-2018-104775,21-07-2017,Customer_446,South,Florida,New York City,Technology,Phones,255.66,9,61.3
CA-2015-104776,26-02-2018,Customer_143,South,Texas,Houston,Technology,Phones,506.35,3,-20.98
CA-2016-104777,06-01-2017,Customer_297,South,Florida,Los Angeles,Furniture,Chairs,644.54,10,210.92
CA-2017-104778,01-11-2015,Customer_339,West,Illinois,Miami,Office Supplies,Storage,924.3,10,145.17
CA-2018-104779,19-12-2015,Customer_35,South,Florida,New York City,Technology,Phones,742.77,7,49.2
CA-2015-104780,20-04-2016,Customer_177,South,Texas,Los Angeles,Furniture,Bookcases,777.6,5,259.39
CA-2016-104781,04-02-2018,Customer_452,Central,Illinois,Houston,Furniture,Chairs,607.64,2,-8.41
CA-2017-104782,22-03-2017,Customer_368,South,Florida,New York City,Technology,Copiers,370.55,3,247.17
CA-2018-104783,16-01-2016,Customer_377,East,New York,Los Angeles,Office Supplies,Storage,843.42,3,73.12
CA-2015-104784,07-11-2016,Customer_284,East,Texas,Miami,Technology,Copiers,720.48,8,122.64
CA-2016-104785,19-07-2015,Customer_401,South,Florida,Houston,Furniture,Tables,693.98,8,113.57
CA-2017-104786,11-10-2016,Customer_497,Central,Texas,Chicago,Technology,Phones,117.67,10,179.16
CA-2018-104787,10-07-2016,Customer_244,South,Texas,Houston,Technology,Accessories,460.18,10,90.65
CA-2015-104788,06-05-2015,Customer_350,West,New York,Houston,Furniture,Chairs,376.89,3,157.2
CA-2016-104789,05-04-2018,Customer_339,South,California,Los Angeles,Office Supplies,Storage,550.28,2,63.82
CA-2017-104790,15-07-2018,Customer_19,West,California,New York City,Office Supplies,Paper,939.56,9,66.39
CA-2018-104791,06-05-2018,Customer_176,South,New York,Houston,Furniture,Chairs,694.29,4,-52.03
CA-2015-104792,04-05-2015,Customer_41,West,New York,Chicago,Furniture,Bookcases,689.28,9,-34.05
CA-2016-104793,04-04-2016,Customer_111,West,Illinois,Miami,Furniture,Bookcases,203.33,3,187.69
CA-2017-104794,19-09-2015,Customer_274,South,California,Chicago,Technology,Accessories,853.24,3,-30.87
CA-2018-104795,01-03-2015,Customer_382,Central,California,Chicago,Furniture,Tables,623.23,7,113.36
CA-2015-104796,11-12-2017,Customer_4,West,California,New York City,Technology,Accessories,298.12,1,31.87
CA-2016-104797,03-03-2016,Customer_408,South,New York,Chicago,Office Supplies,Paper,78.24,4,84.42
CA-2017-104798,19-06-2016,Customer_237,South,Florida,Los Angeles,Furniture,Chairs,950.75,3,260.49
CA-2018-104799,15-03-2017,Customer_449,South,New York,Houston,Furniture,Chairs,379.97,6,268.8
CA-2015-104800,31-05-2016,Customer_105,South,California,Miami,Technology,Copiers,513.06,6,165.4
CA-2016-104801,29-03-2017,Customer_315,South,Illinois,Chicago,Office Supplies,Paper,522.68,1,-30.25
CA-2017-104802,26-04-2016,Customer_327,East,Florida,Miami,Technology,Phones,494.47,7,98.16
CA-2018-104803,23-10-2016,Customer_187,West,Florida,Miami,Office Supplies,Paper,62.51,3,-92.98
CA-2015-104804,01-05-2015,Customer_64,East,New York,Houston,Office Supplies,Storage,856.58,4,-76.21
CA-2016-104805,11-06-2016,Customer_250,West,California,New York City,Technology,Phones,447.9,1,133.04
CA-2017-104806,24-01-2018,Customer_232,East,Texas,Houston,Furniture,Chairs,884.85,9,103.13
CA-2018-104807,24-03-2018,Customer_110,East,Illinois,New York City,Furniture,Tables,795.01,2,176.04
CA-2015-104808,26-09-2016,Customer_468,West,New York,Houston,Office Supplies,Storage,684.53,10,33.09
CA-2016-104809,10-10-2017,Customer_485,East,Texas,Chicago,Furniture,Chairs,490.47,5,129.38
CA-2017-104810,08-03-2018,Customer_289,West,California,New York City,Furniture,Tables,542.8,5,-31.67
CA-2018-104811,27-07-2017,Customer_409,Central,Florida,Houston,Office Supplies,Storage,427.51,4,50.88
CA-2015-104812,02-09-2018,Customer_447,Central,New York,Chicago,Technology,Accessories,466.89,1,39.54
CA-2016-104813,27-05-2017,Customer_259,East,California,Houston,Office Supplies,Paper,442.94,8,228.23
CA-2017-104814,24-02-2016,Customer_17,South,Texas,Chicago,Office Supplies,Paper,833.34,9,-74.73
CA-2018-104815,28-11-2017,Customer_434,Central,Texas,Los Angeles,Technology,Accessories,824.81,1,105.93
CA-2015-104816,21-02-2015,Customer_283,South,Illinois,Chicago,Furniture,Bookcases,906.4,3,265.32
CA-2016-104817,09-06-2015,Customer_445,Central,Texas,New York City,Furniture,Tables,828.39,6,70.47
CA-2017-104818,23-08-2015,Customer_88,Central,Florida,Houston,Furniture,Chairs,509.22,7,180.87
CA-2018-104819,26-03-2016,Customer_45,West,Illinois,New York City,Furniture,Bookcases,650.24,9,195.87
CA-2015-104820,05-10-2016,Customer_204,West,California,New York City,Furniture,Chairs,636.38,6,126.12
CA-2016-104821,14-04-2017,Customer_479,East,California,Chicago,Office Supplies,Paper,747.03,5,-86.64
CA-2017-104822,01-09-2015,Customer_479,South,Illinois,Miami,Furniture,Bookcases,553.61,8,2.51
CA-2018-104823,19-03-2018,Customer_139,East,New York,Los Angeles,Furniture,Tables,840.16,8,263.86
CA-2015-104824,06-02-2016,Customer_355,Central,New York,Miami,Furniture,Bookcases,246.49,8,76.26
CA-2016-104825,11-11-2015,Customer_203,Central,Illinois,New York City,Furniture,Tables,816.57,4,247.9
CA-2017-104826,05-01-2018,Customer_307,Central,Texas,Miami,Technology,Copiers,76.66,9,165.25
CA-2018-104827,09-06-2015,Customer_102,South,California,Houston,Office Supplies,Paper,175.3,7,191.21
CA-2015-104828,23-05-2015,Customer_467,Central,Florida,Miami,Furniture,Bookcases,68.23,5,81.1
CA-2016-104829,03-05-2016,Customer_256,West,Florida,Houston,Furniture,Bookcases,33.66,1,282.3
CA-2017-104830,08-07-2016,Customer_458,East,California,Miami,Office Supplies,Binders,109.58,9,-95.03
CA-2018-104831,24-03-2016,Customer_334,East,Texas,Houston,Furniture,Chairs,377.76,10,-89.24
CA-2015-104832,29-10-2015,Customer_176,Central,Illinois,Houston,Office Supplies,Paper,440.19,10,63.95
CA-2016-104833,19-02-2016,Customer_203,West,California,Houston,Technology,Accessories,794.91,7,-23.4
CA-2017-104834,17-12-2015,Customer_448,East,California,Houston,Technology,Phones,598.32,8,196.89
CA-2018-104835,10-10-2018,Customer_334,South,Florida,Los Angeles,Technology,Phones,183.32,4,22.11
CA-2015-104836,16-12-2016,Customer_461,West,Texas,Houston,Furniture,Tables,110.52,4,54.94
CA-2016-104837,05-03-2016,Customer_436,West,California,Los Angeles,Furniture,Bookcases,153.19,4,81.31
CA-2017-104838,31-12-2015,Customer_253,East,Illinois,Chicago,Furniture,Chairs,617.82,5,295.21
CA-2018-104839,07-07-2017,Customer_217,East,Florida,Houston,Furniture,Bookcases,707.51,3,101.27
CA-2015-104840,27-07-2017,Customer_172,East,New York,Miami,Technology,Accessories,985.28,8,165.99
CA-2016-104841,08-08-2018,Customer_106,East,New York,Chicago,Technology,Phones,362.23,2,219.85
CA-2017-104842,19-04-2015,Customer_289,East,Illinois,New York City,Office Supplies,Storage,928.64,3,286.83
CA-2018-104843,16-01-2017,Customer_461,Central,Texas,New York City,Technology,Phones,676.7,7,244.65
CA-2015-104844,01-05-2017,Customer_255,West,California,Los Angeles,Technology,Accessories,46.94,10,281.93
CA-2016-104845,17-01-2018,Customer_50,West,New York,Houston,Furniture,Tables,418.61,8,78.73
CA-2017-104846,09-05-2015,Customer_32,South,Florida,Houston,Technology,Phones,342.93,9,-62.57
CA-2018-104847,10-01-2017,Customer_477,South,New York,Miami,Office Supplies,Storage,24.63,3,185.68
CA-2015-104848,28-02-2016,Customer_48,Central,Florida,New York City,Furniture,Tables,664.99,1,52.54
CA-2016-104849,13-08-2015,Customer_211,East,Texas,Houston,Technology,Phones,367.78,10,43.16
CA-2017-104850,09-01-2016,Customer_64,Central,Florida,Chicago,Office Supplies,Binders,891.34,6,257.97
CA-2018-104851,18-09-2018,Customer_132,East,Florida,Los Angeles,Office Supplies,Paper,766.83,2,0.46
CA-2015-104852,07-06-2015,Customer_138,East,Illinois,New York City,Technology,Accessories,389.64,7,-15.12
CA-2016-104853,08-01-2019,Customer_301,East,Texas,Houston,Furniture,Bookcases,355.75,1,283.69
CA-2017-104854,20-08-2016,Customer_111,South,New York,Miami,Office Supplies,Binders,322.44,7,262.25
CA-2018-104855,24-02-2018,Customer_484,East,Florida,Houston,Technology,Phones,880.67,2,91.14
CA-2015-104856,18-11-2017,Customer_276,South,Florida,Miami,Furniture,Bookcases,740.43,10,44.34
CA-2016-104857,08-03-2017,Customer_34,East,Florida,Chicago,Furniture,Bookcases,464.51,10,263.75
CA-2017-104858,02-06-2015,Customer_448,East,Florida,Miami,Furniture,Tables,291.66,5,230.17
CA-2018-104859,01-03-2015,Customer_87,East,Texas,New York City,Technology,Phones,517.46,10,56.9
CA-2015-104860,23-12-2018,Customer_24,West,Illinois,Los Angeles,Technology,Copiers,542.07,5,244.18
CA-2016-104861,29-12-2018,Customer_121,Central,Texas,Los Angeles,Technology,Accessories,566.91,7,262.06
CA-2017-104862,13-01-2015,Customer_164,Central,Illinois,Chicago,Office Supplies,Storage,654.34,2,293.05
CA-2018-104863,03-07-2018,Customer_148,East,Texas,New York City,Technology,Phones,814.56,9,118.54
CA-2015-104864,27-07-2016,Customer_389,Central,Texas,Miami,Furniture,Chairs,779.97,5,126.6
CA-2016-104865,01-01-2015,Customer_102,Central,Florida,Chicago,Office Supplies,Binders,931.61,9,162.85
CA-2017-104866,23-12-2015,Customer_209,Central,California,New York City,Technology,Copiers,555.47,3,137.78
CA-2018-104867,06-09-2018,Customer_285,Central,California,Houston,Office Supplies,Binders,792.06,4,137.99
CA-2015-104868,19-12-2018,Customer_414,West,Texas,Chicago,Office Supplies,Storage,460.51,2,252.04
CA-2016-104869,12-06-2016,Customer_312,East,Illinois,Houston,Furniture,Chairs,108.35,4,172.72
CA-2017-104870,19-03-2016,Customer_220,South,Texas,Miami,Office Supplies,Paper,537.41,6,54.03
CA-2018-104871,16-01-2015,Customer_182,East,New York,Chicago,Technology,Phones,940.54,5,217.39
CA-2015-104872,20-05-2018,Customer_141,West,Florida,New York City,Furniture,Chairs,878.61,10,-18.72
CA-2016-104873,28-09-2015,Customer_342,East,Florida,New York City,Technology,Phones,442.92,7,13.65
CA-2017-104874,13-01-2018,Customer_226,South,Illinois,Chicago,Technology,Copiers,513.09,5,110.55
CA-2018-104875,02-02-2019,Customer_7,Central,Texas,Chicago,Furniture,Tables,61.11,7,256.17
CA-2015-104876,10-01-2016,Customer_88,Central,Illinois,Miami,Office Supplies,Paper,767.26,5,152.24
CA-2016-104877,12-03-2015,Customer_449,South,Florida,Chicago,Furniture,Tables,422.96,10,136.2
CA-2017-104878,14-03-2018,Customer_13,East,Illinois,Chicago,Furniture,Bookcases,461.08,8,196.73
CA-2018-104879,23-03-2016,Customer_208,West,Illinois,New York City,Furniture,Tables,704.73,7,-6.6
CA-2015-104880,05-03-2015,Customer_157,West,New York,Chicago,Technology,Phones,530.33,10,-58.42
CA-2016-104881,04-09-2016,Customer_433,South,California,Houston,Technology,Accessories,945.1,1,274.79
CA-2017-104882,14-09-2015,Customer_261,South,Texas,Miami,Office Supplies,Paper,529.42,5,14.78
CA-2018-104883,26-04-2018,Customer_9,East,New York,Miami,Furniture,Chairs,649.67,7,4.55
CA-2015-104884,28-04-2016,Customer_299,South,Texas,Chicago,Furniture,Bookcases,276.9,6,229.88
CA-2016-104885,12-05-2018,Customer_473,West,California,Miami,Technology,Accessories,111.26,6,135.54
CA-2017-104886,31-05-2017,Customer_199,East,Florida,Los Angeles,Office Supplies,Storage,94.4,9,-30.62
CA-2018-104887,30-09-2016,Customer_210,Central,Illinois,Chicago,Office Supplies,Paper,305.73,9,-31.14
CA-2015-104888,11-06-2016,Customer_495,East,New York,Los Angeles,Office Supplies,Binders,877.53,4,151.18
CA-2016-104889,17-09-2016,Customer_87,East,California,Los Angeles,Office Supplies,Binders,522.47,9,-93.11
CA-2017-104890,18-12-2018,Customer_356,South,Florida,Houston,Office Supplies,Storage,612.58,8,100.98
CA-2018-104891,07-06-2018,Customer_370,West,Texas,Miami,Office Supplies,Storage,906.19,2,293.8
CA-2015-104892,29-01-2016,Customer_224,West,Illinois,Los Angeles,Furniture,Chairs,590.43,6,177.24
CA-2016-104893,11-03-2017,Customer_471,Central,Florida,Miami,Technology,Phones,621.02,9,-15.74
CA-2017-104894,12-08-2015,Customer_263,Central,Illinois,Miami,Office Supplies,Binders,289.0,9,1.22
CA-2018-104895,04-03-2018,Customer_46,East,California,Houston,Office Supplies,Storage,962.27,10,6.62
CA-2015-104896,29-09-2018,Customer_500,West,Illinois,Miami,Office Supplies,Paper,513.58,1,57.18
CA-2016-104897,07-01-2018,Customer_38,South,Florida,Miami,Furniture,Bookcases,575.81,3,177.67
CA-2017-104898,31-05-2015,Customer_1,South,Texas,New York City,Furniture,Tables,312.42,2,28.34
CA-2018-104899,07-04-2015,Customer_176,East,Texas,New York City,Technology,Accessories,873.16,5,12.21
CA-2015-104900,08-06-2015,Customer_286,West,New York,New York City,Furniture,Chairs,947.92,9,205.58
CA-2016-104901,29-07-2016,Customer_351,East,Florida,Chicago,Office Supplies,Paper,803.14,3,160.53
CA-2017-104902,08-03-2017,Customer_463,West,Texas,Miami,Furniture,Bookcases,190.47,6,45.86
CA-2018-104903,06-04-2015,Customer_377,West,Florida,Miami,Technology,Phones,740.59,3,-66.99
CA-2015-104904,27-12-2018,Customer_467,South,Texas,Chicago,Office Supplies,Binders,554.36,9,-20.73
CA-2016-104905,30-01-2019,Customer_229,Central,California,Houston,Office Supplies,Paper,654.82,8,-37.48
CA-2017-104906,10-10-2018,Customer_487,West,Illinois,Houston,Furniture,Tables,365.46,10,226.33
CA-2018-104907,11-07-2015,Customer_177,Central,Illinois,Chicago,Office Supplies,Paper,97.67,2,144.84
CA-2015-104908,20-04-2017,Customer_490,West,Florida,Chicago,Technology,Accessories,608.26,5,83.05
CA-2016-104909,04-10-2015,Customer_128,Central,Texas,Miami,Furniture,Chairs,705.21,4,264.73
CA-2017-104910,31-10-2015,Customer_198,Central,Florida,Chicago,Office Supplies,Binders,321.32,6,5.28
CA-2018-104911,10-11-2016,Customer_54,West,Florida,Los Angeles,Furniture,Chairs,709.9,10,-12.65
CA-2015-104912,02-07-2016,Customer_109,South,Florida,Chicago,Technology,Copiers,653.74,10,201.44
CA-2016-104913,07-02-2017,Customer_390,East,Texas,New York City,Technology,Copiers,124.24,6,297.8
CA-2017-104914,20-03-2016,Customer_443,South,New York,Houston,Technology,Copiers,670.9,10,106.36
CA-2018-104915,15-03-2016,Customer_247,Central,Illinois,Los Angeles,Office Supplies,Binders,259.44,7,239.93
CA-2015-104916,04-11-2018,Customer_384,South,New York,Los Angeles,Technology,Accessories,757.23,1,-74.0
CA-2016-104917,01-08-2017,Customer_51,South,Florida,New York City,Office Supplies,Paper,157.43,2,157.93
CA-2017-104918,26-02-2015,Customer_420,East,Illinois,Chicago,Office Supplies,Paper,954.27,6,292.95
CA-2018-104919,10-11-2015,Customer_442,East,Illinois,Chicago,Office Supplies,Storage,957.59,5,185.21
CA-2015-104920,02-06-2016,Customer_74,Central,California,Houston,Technology,Phones,797.59,7,-75.62
CA-2016-104921,07-11-2017,Customer_243,West,Illinois,Los Angeles,Technology,Accessories,106.7,7,141.56
CA-2017-104922,01-10-2016,Customer_424,West,Illinois,New York City,Technology,Phones,506.23,3,264.62
CA-2018-104923,21-12-2018,Customer_26,Central,California,Chicago,Technology,Phones,652.72,4,212.62
CA-2015-104924,16-07-2016,Customer_320,East,New York,Los Angeles,Technology,Copiers,492.28,7,297.72
CA-2016-104925,06-11-2015,Customer_226,South,New York,Miami,Office Supplies,Binders,632.41,1,221.68
CA-2017-104926,31-01-2019,Customer_460,South,Texas,Los Angeles,Technology,Accessories,917.53,10,114.28
CA-2018-104927,11-05-2018,Customer_243,Central,New York,Los Angeles,Furniture,Tables,525.31,9,74.56
CA-2015-104928,18-03-2016,Customer_387,West,Illinois,New York City,Office Supplies,Paper,473.08,7,136.33
CA-2016-104929,30-05-2015,Customer_362,West,New York,Miami,Technology,Phones,337.32,1,174.66
CA-2017-104930,27-09-2018,Customer_368,Central,Illinois,Los Angeles,Office Supplies,Paper,242.77,2,-89.13
CA-2018-104931,21-08-2017,Customer_231,Central,California,Chicago,Technology,Accessories,958.16,8,-34.31
CA-2015-104932,27-04-2015,Customer_180,Central,Texas,New York City,Technology,Phones,929.88,4,21.3
CA-2016-104933,12-12-2015,Customer_101,East,Illinois,Los Angeles,Office Supplies,Storage,541.64,8,177.27
CA-2017-104934,25-06-2016,Customer_188,East,New York,Miami,Technology,Copiers,693.55,3,28.31
CA-2018-104935,25-02-2018,Customer_368,Central,New York,Los Angeles,Furniture,Tables,109.03,7,208.15
CA-2015-104936,18-12-2017,Customer_82,Central,California,Chicago,Technology,Phones,579.03,4,203.49
CA-2016-104937,02-09-2015,Customer_293,South,Florida,Miami,Furniture,Chairs,589.14,9,-90.0
CA-2017-104938,10-11-2015,Customer_104,East,Illinois,Houston,Furniture,Tables,742.51,7,-7.01
CA-2018-104939,08-10-2017,Customer_312,West,Illinois,Miami,Furniture,Chairs,768.96,5,97.26
CA-2015-104940,09-10-2015,Customer_248,East,California,Los Angeles,Technology,Phones,305.58,1,29.51
CA-2016-104941,05-02-2019,Customer_194,West,Florida,Chicago,Office Supplies,Storage,804.44,3,118.0
CA-2017-104942,03-02-2018,Customer_55,West,Texas,Miami,Office Supplies,Binders,737.93,7,129.19
CA-2018-104943,12-04-2015,Customer_50,Central,Florida,Los Angeles,Furniture,Bookcases,529.48,2,-73.25
CA-2015-104944,09-05-2015,Customer_464,South,New York,Los Angeles,Furniture,Tables,292.25,7,76.27
CA-2016-104945,24-01-2017,Customer_14,South,Florida,Los Angeles,Office Supplies,Paper,709.59,9,268.55
CA-2017-104946,22-01-2016,Customer_52,East,New York,New York City,Technology,Copiers,29.38,3,56.21
CA-2018-104947,07-08-2017,Customer_287,South,California,Chicago,Office Supplies,Storage,624.88,4,135.35
CA-2015-104948,07-04-2018,Customer_453,West,California,Miami,Office Supplies,Binders,499.72,2,-35.56
CA-2016-104949,09-10-2015,Customer_8,East,California,Houston,Technology,Accessories,292.83,10,166.58
CA-2017-104950,28-11-2018,Customer_188,East,California,Houston,Office Supplies,Binders,43.56,1,-26.97
CA-2018-104951,24-12-2018,Customer_68,East,California,Los Angeles,Technology,Copiers,840.85,6,77.41
CA-2015-104952,04-06-2015,Customer_61,Central,Florida,New York City,Office Supplies,Storage,815.8,5,-30.98
CA-2016-104953,02-10-2017,Customer_259,West,Florida,New York City,Technology,Copiers,196.02,9,34.03
CA-2017-104954,27-07-2015,Customer_22,East,Florida,Miami,Office Supplies,Storage,399.63,1,234.9
CA-2018-104955,04-03-2018,Customer_176,South,New York,Chicago,Office Supplies,Storage,724.59,9,76.04
CA-2015-104956,26-03-2017,Customer_371,South,New York,Chicago,Office Supplies,Binders,775.29,1,43.25
CA-2016-104957,31-01-2015,Customer_13,South,Illinois,Los Angeles,Furniture,Tables,751.39,7,-57.88
CA-2017-104958,08-05-2017,Customer_455,South,New York,Houston,Furniture,Bookcases,874.91,2,18.34
CA-2018-104959,02-05-2017,Customer_292,East,Illinois,Houston,Furniture,Tables,971.62,4,220.6
CA-2015-104960,14-05-2015,Customer_50,South,Texas,Houston,Furniture,Chairs,606.88,8,48.75
CA-2016-104961,06-01-2015,Customer_253,South,Texas,Chicago,Office Supplies,Paper,162.37,2,-39.17
CA-2017-104962,01-08-2015,Customer_233,Central,Florida,Houston,Technology,Accessories,480.69,8,206.88
CA-2018-104963,26-12-2016,Customer_78,Central,Texas,Chicago,Furniture,Chairs,744.85,9,169.82
CA-2015-104964,24-11-2015,Customer_287,East,Illinois,Chicago,Office Supplies,Paper,824.98,5,206.6
CA-2016-104965,25-08-2015,Customer_262,West,Florida,New York City,Office Supplies,Binders,861.5,2,11.81
CA-2017-104966,02-08-2015,Customer_408,East,Florida,Houston,Office Supplies,Paper,259.66,4,135.39
CA-2018-104967,25-06-2018,Customer_165,East,Texas,Chicago,Office Supplies,Paper,926.02,2,-22.58
CA-2015-104968,19-01-2019,Customer_16,Central,California,New York City,Office Supplies,Storage,476.0,3,275.52
CA-2016-104969,04-05-2016,Customer_387,East,Florida,New York City,Technology,Copiers,331.89,7,171.79
CA-2017-104970,04-08-2018,Customer_237,Central,Florida,New York City,Technology,Copiers,142.63,6,222.25
CA-2018-104971,18-04-2017,Customer_359,West,Texas,Chicago,Office Supplies,Storage,617.37,1,-4.41
CA-2015-104972,16-01-2018,Customer_410,South,Illinois,Houston,Technology,Accessories,981.46,8,105.23
CA-2016-104973,01-08-2016,Customer_253,Central,New York,Los Angeles,Furniture,Chairs,241.31,4,71.8
CA-2017-104974,25-05-2018,Customer_301,East,Illinois,Houston,Office Supplies,Binders,409.34,3,238.82
CA-2018-104975,31-08-2018,Customer_292,South,Illinois,Miami,Furniture,Bookcases,187.35,7,120.65
CA-2015-104976,10-11-2016,Customer_498,South,Florida,Los Angeles,Technology,Accessories,112.18,7,3.11
CA-2016-104977,10-06-2018,Customer_416,Central,Illinois,Miami,Furniture,Tables,885.6,3,111.92
CA-2017-104978,01-01-2018,Customer_156,West,New York,Los Angeles,Technology,Copiers,454.31,5,-70.37
CA-2018-104979,25-11-2015,Customer_195,South,Texas,New York City,Office Supplies,Storage,27.41,2,107.33
CA-2015-104980,25-01-2018,Customer_76,Central,Florida,Houston,Furniture,Tables,31.8,6,-33.15
CA-2016-104981,03-05-2017,Customer_103,Central,California,New York City,Furniture,Chairs,210.33,8,111.77
CA-2017-104982,01-05-2016,Customer_460,Central,New York,Houston,Technology,Accessories,308.64,4,271.39
CA-2018-104983,04-03-2016,Customer_213,West,Illinois,Los Angeles,Furniture,Tables,669.55,3,233.99
CA-2015-104984,07-12-2017,Customer_181,West,Texas,Chicago,Office Supplies,Binders,52.67,9,174.08
CA-2016-104985,29-01-2016,Customer_454,East,California,Los Angeles,Furniture,Bookcases,608.18,8,17.18
CA-2017-104986,02-11-2018,Customer_52,West,Illinois,Chicago,Furniture,Bookcases,181.94,10,-76.86
CA-2018-104987,04-03-2016,Customer_330,South,New York,Los Angeles,Office Supplies,Storage,949.07,1,50.2
CA-2015-104988,16-12-2018,Customer_178,South,Texas,Miami,Technology,Accessories,460.07,2,120.7
CA-2016-104989,12-09-2017,Customer_332,South,Illinois,Miami,Furniture,Chairs,613.11,10,-36.74
CA-2017-104990,20-04-2017,Customer_44,Central,New York,Houston,Technology,Phones,503.63,5,-99.13
CA-2018-104991,18-10-2015,Customer_61,East,Texas,Los Angeles,Furniture,Chairs,22.68,2,292.57
CA-2015-104992,11-01-2018,Customer_94,West,California,New York City,Furniture,Tables,432.83,9,-1.95
CA-2016-104993,16-02-2016,Customer_229,Central,New York,Houston,Office Supplies,Binders,779.27,6,26.87
CA-2017-104994,23-09-2015,Customer_438,Central,Texas,Los Angeles,Office Supplies,Binders,577.43,1,192.79
CA-2018-104995,28-03-2018,Customer_259,South,Florida,Chicago,Technology,Copiers,841.75,7,277.68
CA-2015-104996,25-05-2018,Customer_177,East,Illinois,New York City,Furniture,Tables,294.16,6,-54.0
CA-2016-104997,03-12-2015,Customer_276,South,Texas,Chicago,Technology,Copiers,40.89,3,195.52
CA-2017-104998,14-04-2015,Customer_426,East,New York,New York City,Office Supplies,Binders,608.26,4,215.43
CA-2018-104999,03-06-2018,Customer_91,Central,California,Houston,Technology,Copiers,68.48,4,205.89
CA-2015-105000,25-06-2016,Customer_340,West,Texas,Los Angeles,Technology,Accessories,631.63,9,97.85
CA-2016-105001,03-01-2015,Customer_265,East,Florida,Houston,Technology,Accessories,181.12,6,13.84
CA-2017-105002,20-08-2016,Customer_413,West,Texas,New York City,Furniture,Chairs,461.89,5,271.56
CA-2018-105003,12-10-2017,Customer_441,South,California,Chicago,Technology,Phones,591.74,5,294.26
CA-2015-105004,13-02-2018,Customer_282,South,New York,Chicago,Furniture,Tables,527.46,1,26.83
CA-2016-105005,26-05-2015,Customer_46,West,California,Chicago,Office Supplies,Storage,163.08,3,-16.78
CA-2017-105006,25-04-2016,Customer_436,East,Florida,Miami,Technology,Accessories,125.88,10,160.52
CA-2018-105007,07-10-2015,Customer_209,South,Florida,Houston,Technology,Copiers,189.18,6,-16.28
CA-2015-105008,14-01-2019,Customer_282,East,Texas,New York City,Technology,Accessories,989.72,5,125.15
CA-2016-105009,14-12-2017,Customer_485,East,Illinois,New York City,Technology,Copiers,107.42,2,274.84
CA-2017-105010,03-12-2015,Customer_191,South,New York,New York City,Technology,Accessories,16.15,9,205.82
CA-2018-105011,02-01-2019,Customer_116,West,Illinois,New York City,Technology,Accessories,225.52,1,-94.11
CA-2015-105012,14-04-2016,Customer_475,East,Illinois,Houston,Office Supplies,Binders,332.05,9,296.69
CA-2016-105013,18-11-2016,Customer_191,South,California,Houston,Furniture,Chairs,229.61,1,239.5
CA-2017-105014,27-12-2017,Customer_212,South,Texas,Houston,Furniture,Bookcases,623.5,5,165.12
CA-2018-105015,16-04-2016,Customer_364,East,California,Los Angeles,Office Supplies,Binders,803.1,5,-90.01
CA-2015-105016,24-09-2017,Customer_330,East,New York,Chicago,Furniture,Chairs,361.03,6,153.42
CA-2016-105017,05-08-2018,Customer_173,Central,California,Houston,Technology,Accessories,895.0,6,154.66
CA-2017-105018,23-09-2018,Customer_224,East,Illinois,Houston,Office Supplies,Paper,889.9,3,135.28
CA-2018-105019,15-07-2016,Customer_266,West,Texas,Los Angeles,Furniture,Tables,295.01,8,196.81
CA-2015-105020,14-05-2016,Customer_290,West,New York,Miami,Technology,Phones,693.24,9,-33.86
CA-2016-105021,29-04-2015,Customer_188,Central,New York,Miami,Office Supplies,Paper,77.79,2,226.79
CA-2017-105022,09-02-2016,Customer_32,Central,California,Los Angeles,Technology,Phones,985.04,3,197.44
CA-2018-105023,03-10-2018,Customer_351,Central,Texas,Houston,Office Supplies,Storage,224.26,4,-45.08
CA-2015-105024,23-02-2016,Customer_282,West,Florida,Houston,Office Supplies,Binders,413.55,6,97.26
CA-2016-105025,14-12-2017,Customer_39,West,California,Los Angeles,Office Supplies,Binders,442.91,3,260.95
CA-2017-105026,21-02-2016,Customer_394,East,California,New York City,Furniture,Tables,398.8,3,78.29
CA-2018-105027,11-12-2015,Customer_84,Central,Illinois,Chicago,Office Supplies,Storage,530.51,2,-54.14
CA-2015-105028,27-09-2016,Customer_255,East,Illinois,Miami,Furniture,Chairs,396.39,8,51.04
CA-2016-105029,23-06-2016,Customer_88,West,California,Chicago,Technology,Phones,732.56,9,196.51
CA-2017-105030,08-06-2015,Customer_422,West,California,New York City,Furniture,Tables,921.87,4,115.58
CA-2018-105031,07-08-2016,Customer_495,South,California,Los Angeles,Furniture,Bookcases,726.39,10,216.56
CA-2015-105032,28-07-2016,Customer_106,East,New York,Houston,Technology,Accessories,717.5,8,80.05
CA-2016-105033,09-03-2016,Customer_169,East,California,New York City,Office Supplies,Storage,332.32,7,-79.62
CA-2017-105034,20-05-2017,Customer_144,East,New York,Chicago,Furniture,Bookcases,924.69,9,-75.88
CA-2018-105035,01-04-2017,Customer_278,Central,New York,Miami,Furniture,Bookcases,477.88,7,92.88
CA-2015-105036,08-05-2015,Customer_317,South,New York,New York City,Office Supplies,Binders,953.74,7,102.87
CA-2016-105037,20-04-2016,Customer_485,West,Florida,Houston,Furniture,Bookcases,792.88,5,203.61
CA-2017-105038,24-06-2015,Customer_140,South,Texas,New York City,Furniture,Tables,700.71,1,202.37
CA-2018-105039,17-07-2017,Customer_226,Central,Florida,Miami,Furniture,Bookcases,647.93,2,111.55
CA-2015-105040,12-03-2015,Customer_146,West,Florida,Houston,Office Supplies,Paper,722.09,10,110.75
CA-2016-105041,02-09-2017,Customer_308,West,Texas,Chicago,Technology,Phones,904.24,2,-52.09
CA-2017-105042,18-03-2017,Customer_435,South,Illinois,Chicago,Office Supplies,Binders,592.05,9,-64.46
CA-2018-105043,12-10-2017,Customer_103,Central,Texas,New York City,Office Supplies,Storage,795.75,1,65.97
CA-2015-105044,20-04-2018,Customer_304,East,Texas,Houston,Technology,Phones,701.72,1,197.1
CA-2016-105045,27-10-2016,Customer_172,West,Illinois,Houston,Furniture,Chairs,409.99,4,117.18
CA-2017-105046,26-10-2018,Customer_92,East,Florida,Houston,Technology,Copiers,536.93,10,-63.78
CA-2018-105047,02-11-2018,Customer_384,Central,New York,Miami,Furniture,Tables,948.14,4,160.27
CA-2015-105048,21-11-2017,Customer_60,Central,Texas,Los Angeles,Office Supplies,Storage,210.43,8,104.28
CA-2016-105049,25-06-2018,Customer_222,West,Texas,Chicago,Technology,Phones,604.32,4,289.74
CA-2017-105050,27-01-2018,Customer_495,South,Florida,Chicago,Furniture,Tables,121.91,3,-10.61
CA-2018-105051,24-11-2015,Customer_349,East,Florida,Chicago,Technology,Phones,158.15,1,87.29
CA-2015-105052,30-04-2016,Customer_261,Central,Florida,Los Angeles,Technology,Accessories,580.39,3,86.99
CA-2016-105053,03-02-2015,Customer_165,East,Illinois,Chicago,Office Supplies,Paper,367.62,3,74.16
CA-2017-105054,04-11-2017,Customer_470,East,Illinois,Houston,Office Supplies,Binders,527.48,1,24.23
CA-2018-105055,03-04-2015,Customer_478,South,New York,Miami,Furniture,Bookcases,459.29,7,-70.88
CA-2015-105056,08-12-2016,Customer_116,West,California,Los Angeles,Furniture,Tables,552.39,1,50.94
CA-2016-105057,20-05-2016,Customer_105,Central,Florida,Los Angeles,Technology,Accessories,696.56,4,269.3
CA-2017-105058,16-11-2016,Customer_166,West,New York,Houston,Technology,Accessories,648.21,5,13.4
CA-2018-105059,12-12-2017,Customer_3,West,California,Los Angeles,Technology,Copiers,942.47,1,158.54
CA-2015-105060,11-10-2016,Customer_109,East,Florida,Houston,Technology,Accessories,472.6,2,-19.74
CA-2016-105061,23-10-2015,Customer_73,Central,California,Los Angeles,Furniture,Bookcases,361.48,2,118.85
CA-2017-105062,24-09-2017,Customer_482,West,New York,Houston,Furniture,Tables,77.14,3,50.23
CA-2018-105063,28-08-2015,Customer_97,South,California,Chicago,Technology,Copiers,837.2,10,296.86
CA-2015-105064,05-08-2018,Customer_185,Central,New York,Houston,Office Supplies,Storage,707.85,8,178.88
CA-2016-105065,20-06-2017,Customer_167,East,New York,Los Angeles,Furniture,Tables,742.1,4,64.49
CA-2017-105066,19-11-2018,Customer_233,West,Florida,Miami,Office Supplies,Paper,685.92,9,-38.56
CA-2018-105067,06-11-2016,Customer_101,East,Texas,New York City,Technology,Copiers,14.48,6,79.54
CA-2015-105068,13-09-2018,Customer_20,South,New York,Miami,Office Supplies,Paper,730.66,7,106.83
CA-2016-105069,29-03-2015,Customer_143,Central,Texas,Chicago,Office Supplies,Paper,111.94,8,267.89
CA-2017-105070,19-03-2017,Customer_30,South,Texas,Houston,Furniture,Tables,41.53,2,-2.16
CA-2018-105071,15-02-2015,Customer_489,Central,Illinois,Chicago,Office Supplies,Binders,11.62,8,128.59
CA-2015-105072,18-07-2018,Customer_32,South,California,Los Angeles,Furniture,Bookcases,476.13,6,189.44
CA-2016-105073,14-08-2017,Customer_117,West,Texas,Miami,Office Supplies,Storage,340.77,10,25.74
CA-2017-105074,15-07-2015,Customer_487,West,New York,Miami,Technology,Phones,16.65,8,244.7
CA-2018-105075,06-02-2017,Customer_119,West,California,Miami,Technology,Copiers,269.6,8,-55.54
CA-2015-105076,13-08-2015,Customer_101,Central,Illinois,Miami,Office Supplies,Storage,306.03,8,75.79
CA-2016-105077,26-09-2017,Customer_7,Central,California,Los Angeles,Technology,Accessories,652.49,3,52.09
CA-2017-105078,29-06-2017,Customer_482,Central,Florida,Houston,Office Supplies,Storage,347.44,3,-34.06
CA-2018-105079,14-03-2016,Customer_492,Central,Florida,Los Angeles,Furniture,Bookcases,254.89,10,140.47
CA-2015-105080,31-12-2018,Customer_263,East,California,Los Angeles,Furniture,Tables,647.77,1,-22.63
CA-2016-105081,24-05-2017,Customer_81,Central,Florida,New York City,Furniture,Bookcases,667.86,10,205.32
CA-2017-105082,06-11-2018,Customer_281,East,California,Chicago,Office Supplies,Storage,45.33,2,75.36
CA-2018-105083,06-08-2015,Customer_124,South,New York,Houston,Office Supplies,Binders,27.14,5,139.54
CA-2015-105084,10-01-2017,Customer_247,East,New York,Chicago,Technology,Accessories,310.99,3,233.2
CA-2016-105085,25-02-2015,Customer_8,South,New York,Houston,Furniture,Tables,305.44,3,-40.58
CA-2017-105086,18-09-2016,Customer_207,South,California,Miami,Furniture,Tables,584.8,3,-79.25
CA-2018-105087,14-01-2015,Customer_389,Central,Florida,Los Angeles,Office Supplies,Binders,778.14,2,92.44
CA-2015-105088,22-08-2015,Customer_170,South,Florida,Chicago,Office Supplies,Paper,855.83,8,-55.03
CA-2016-105089,10-01-2015,Customer_118,Central,Texas,Los Angeles,Furniture,Tables,663.03,2,37.94
CA-2017-105090,27-08-2018,Customer_482,East,California,Los Angeles,Office Supplies,Storage,834.56,1,61.11
CA-2018-105091,07-08-2016,Customer_15,East,Texas,Miami,Furniture,Bookcases,268.1,10,133.2
CA-2015-105092,05-08-2015,Customer_422,South,New York,Houston,Technology,Phones,587.39,6,178.37
CA-2016-105093,12-11-2018,Customer_390,East,Texas,Miami,Office Supplies,Binders,55.4,3,293.23
CA-2017-105094,03-05-2018,Customer_17,South,California,Houston,Office Supplies,Binders,640.83,3,238.03
CA-2018-105095,17-10-2018,Customer_453,East,California,Chicago,Furniture,Chairs,629.37,5,21.5
CA-2015-105096,27-01-2016,Customer_33,South,New York,Los Angeles,Furniture,Bookcases,603.4,9,177.85
CA-2016-105097,03-02-2018,Customer_98,South,New York,Miami,Furniture,Chairs,885.06,9,35.21
CA-2017-105098,29-04-2018,Customer_297,West,Texas,Chicago,Technology,Copiers,789.23,5,-26.04
CA-2018-105099,06-03-2015,Customer_398,Central,California,Chicago,Technology,Accessories,429.64,2,-63.66
CA-2015-105100,22-10-2015,Customer_233,South,Illinois,Houston,Office Supplies,Paper,376.86,1,192.75
CA-2016-105101,05-04-2015,Customer_319,South,Florida,Los Angeles,Technology,Phones,656.78,3,132.88
CA-2017-105102,08-01-2018,Customer_51,West,Florida,New York City,Furniture,Bookcases,144.81,10,225.31
CA-2018-105103,11-08-2016,Customer_216,East,Texas,Houston,Furniture,Chairs,128.3,2,293.65
CA-2015-105104,11-07-2017,Customer_218,West,New York,Houston,Furniture,Bookcases,713.63,7,-61.99
CA-2016-105105,12-11-2017,Customer_209,South,Texas,Los Angeles,Office Supplies,Binders,930.68,7,-31.59
CA-2017-105106,07-01-2016,Customer_320,East,New York,Chicago,Furniture,Chairs,549.17,2,273.34
CA-2018-105107,14-11-2017,Customer_256,East,Texas,Miami,Furniture,Chairs,501.66,9,283.82
CA-2015-105108,08-08-2018,Customer_152,South,Florida,Houston,Technology,Copiers,986.92,6,192.01
CA-2016-105109,01-12-2015,Customer_341,South,Illinois,Los Angeles,Office Supplies,Storage,495.65,8,-99.98
CA-2017-105110,21-10-2016,Customer_419,Central,Florida,Los Angeles,Office Supplies,Paper,666.99,3,-7.54
CA-2018-105111,19-09-2018,Customer_172,West,Texas,New York City,Office Supplies,Storage,501.37,1,-64.65
CA-2015-105112,10-07-2017,Customer_384,South,Texas,Houston,Office Supplies,Paper,261.11,2,192.74
CA-2016-105113,28-01-2016,Customer_346,Central,New York,Miami,Furniture,Tables,151.91,5,195.68
CA-2017-105114,16-07-2017,Customer_150,West,Texas,Miami,Technology,Accessories,738.41,5,250.59
CA-2018-105115,25-03-2017,Customer_75,West,Illinois,Chicago,Office Supplies,Paper,289.72,4,155.5
CA-2015-105116,15-05-2018,Customer_319,Central,California,Los Angeles,Technology,Copiers,857.9,3,200.03
CA-2016-105117,15-07-2015,Customer_443,South,Illinois,Miami,Technology,Phones,796.87,1,-66.52
CA-2017-105118,10-11-2018,Customer_134,South,California,Los Angeles,Technology,Phones,257.38,8,96.73
CA-2018-105119,03-02-2018,Customer_66,Central,Illinois,Los Angeles,Office Supplies,Storage,326.18,3,145.23
CA-2015-105120,09-07-2018,Customer_432,South,Texas,Los Angeles,Technology,Accessories,229.18,6,-86.4
CA-2016-105121,05-02-2015,Customer_498,South,New York,Los Angeles,Furniture,Tables,22.26,6,98.14
CA-2017-105122,07-02-2016,Customer_438,Central,Florida,Miami,Furniture,Chairs,72.58,9,-61.75
CA-2018-105123,06-02-2018,Customer_195,South,Florida,Houston,Office Supplies,Binders,859.5,4,157.92
CA-2015-105124,19-01-2016,Customer_177,South,Illinois,New York City,Technology,Phones,996.43,1,-24.66
CA-2016-105125,22-08-2017,Customer_438,Central,New York,Chicago,Technology,Copiers,391.39,4,261.85
CA-2017-105126,20-01-2016,Customer_253,Central,California,New York City,Office Supplies,Paper,295.11,2,200.7
CA-2018-105127,12-11-2016,Customer_321,West,Florida,New York City,Furniture,Tables,10.13,4,104.57
CA-2015-105128,26-05-2015,Customer_207,East,Texas,Chicago,Office Supplies,Binders,659.46,2,87.42
CA-2016-105129,10-09-2015,Customer_424,South,Illinois,Los Angeles,Furniture,Tables,41.89,8,186.97
CA-2017-105130,06-07-2017,Customer_192,East,New York,New York City,Office Supplies,Storage,368.29,5,221.42
CA-2018-105131,10-06-2017,Customer_145,East,New York,Houston,Furniture,Tables,669.0,10,211.91
CA-2015-105132,07-05-2016,Customer_297,Central,Illinois,Miami,Office Supplies,Binders,216.33,5,213.6
CA-2016-105133,10-07-2016,Customer_152,Central,Florida,Miami,Furniture,Tables,92.36,1,-34.49
CA-2017-105134,31-12-2016,Customer_202,East,Illinois,Chicago,Furniture,Chairs,589.11,9,297.94
CA-2018-105135,20-05-2015,Customer_337,East,Florida,Chicago,Technology,Phones,391.08,10,279.1
CA-2015-105136,25-02-2017,Customer_487,South,New York,Los Angeles,Technology,Accessories,741.02,4,111.67
CA-2016-105137,28-09-2015,Customer_230,South,Illinois,New York City,Office Supplies,Storage,57.15,3,169.36
CA-2017-105138,05-11-2018,Customer_195,East,New York,Los Angeles,Technology,Copiers,902.38,1,271.87
CA-2018-105139,19-07-2016,Customer_284,East,California,Miami,Technology,Accessories,488.98,2,80.99
CA-2015-105140,13-08-2017,Customer_403,Central,Texas,Chicago,Technology,Phones,852.14,10,216.57
CA-2016-105141,04-05-2016,Customer_96,West,California,Los Angeles,Office Supplies,Storage,303.58,4,263.66
CA-2017-105142,24-10-2016,Customer_310,South,California,Chicago,Technology,Phones,60.15,6,-34.16
CA-2018-105143,15-02-2018,Customer_431,South,California,Chicago,Technology,Copiers,601.91,10,-65.49
CA-2015-105144,29-10-2016,Customer_382,South,New York,Houston,Office Supplies,Binders,193.8,2,106.66
CA-2016-105145,05-09-2018,Customer_239,West,Illinois,Houston,Furniture,Chairs,666.31,4,138.51
CA-2017-105146,18-03-2017,Customer_253,Central,Texas,New York City,Furniture,Bookcases,195.11,7,57.89
CA-2018-105147,04-07-2015,Customer_212,South,Illinois,New York City,Office Supplies,Binders,737.14,9,-3.32
CA-2015-105148,26-02-2016,Customer_357,South,New York,Chicago,Furniture,Tables,339.38,7,206.11
CA-2016-105149,25-03-2015,Customer_211,South,Texas,Miami,Technology,Phones,179.72,8,-48.33
CA-2017-105150,06-02-2015,Customer_331,South,Texas,Houston,Technology,Accessories,962.23,8,145.87
CA-2018-105151,22-10-2018,Customer_20,Central,Florida,Los Angeles,Technology,Phones,960.9,5,63.07
CA-2015-105152,20-01-2019,Customer_136,West,New York,Chicago,Office Supplies,Paper,513.97,7,-7.99
CA-2016-105153,24-01-2018,Customer_412,East,Texas,Chicago,Furniture,Bookcases,711.04,10,135.4
CA-2017-105154,14-12-2018,Customer_93,South,Illinois,Miami,Technology,Accessories,965.0,2,210.76
CA-2018-105155,22-05-2016,Customer_325,West,New York,Miami,Furniture,Chairs,927.69,2,-64.52
CA-2015-105156,02-08-2018,Customer_172,Central,California,New York City,Office Supplies,Storage,707.05,7,275.21
CA-2016-105157,12-01-2016,Customer_49,West,Florida,Miami,Office Supplies,Storage,55.84,6,-52.14
CA-2017-105158,25-03-2015,Customer_159,East,California,Chicago,Technology,Copiers,987.95,2,-61.95
CA-2018-105159,17-10-2015,Customer_219,Central,Illinois,New York City,Technology,Copiers,559.73,9,15.58
CA-2015-105160,16-09-2018,Customer_256,South,Texas,Miami,Furniture,Chairs,953.42,5,-39.86
CA-2016-105161,21-04-2017,Customer_326,South,Florida,New York City,Furniture,Chairs,874.49,6,157.4
CA-2017-105162,25-12-2018,Customer_382,East,New York,New York City,Technology,Accessories,913.54,1,156.69
CA-2018-105163,16-09-2018,Customer_142,West,Florida,New York City,Furniture,Chairs,990.4,8,51.19
CA-2015-105164,01-11-2016,Customer_484,Central,Texas,Houston,Furniture,Tables,849.09,2,129.79
CA-2016-105165,17-09-2015,Customer_245,East,Illinois,Miami,Technology,Accessories,860.73,10,186.85
CA-2017-105166,04-09-2018,Customer_408,East,California,New York City,Furniture,Tables,297.55,10,236.08
CA-2018-105167,17-07-2016,Customer_162,Central,New York,Chicago,Office Supplies,Paper,608.46,8,86.1
CA-2015-105168,09-03-2016,Customer_470,East,Florida,New York City,Furniture,Bookcases,619.69,3,-7.2
CA-2016-105169,11-10-2018,Customer_454,South,Illinois,Miami,Technology,Phones,471.61,9,227.79
CA-2017-105170,14-12-2015,Customer_270,South,New York,Miami,Furniture,Chairs,787.36,10,-61.12
CA-2018-105171,14-07-2017,Customer_147,West,New York,Chicago,Office Supplies,Storage,619.18,1,63.59
CA-2015-105172,03-04-2017,Customer_280,West,Florida,Chicago,Furniture,Chairs,498.37,2,205.75
CA-2016-105173,19-01-2016,Customer_335,South,Illinois,Miami,Office Supplies,Paper,716.74,8,-78.93
CA-2017-105174,14-01-2019,Customer_19,Central,New York,Miami,Technology,Phones,742.03,10,270.91
CA-2018-105175,11-04-2018,Customer_442,South,Florida,Miami,Furniture,Chairs,544.43,8,14.81
CA-2015-105176,28-12-2017,Customer_217,Central,New York,Chicago,Furniture,Tables,382.29,8,76.29
CA-2016-105177,20-09-2015,Customer_191,East,Texas,New York City,Technology,Copiers,598.1,8,18.32
CA-2017-105178,04-02-2016,Customer_138,West,Texas,New York City,Office Supplies,Binders,546.24,2,-10.12
CA-2018-105179,24-09-2018,Customer_8,West,New York,Chicago,Technology,Copiers,807.24,6,-14.69
CA-2015-105180,29-08-2016,Customer_316,East,New York,New York City,Furniture,Bookcases,881.71,2,204.95
CA-2016-105181,11-03-2016,Customer_382,West,Florida,Chicago,Technology,Copiers,338.83,3,178.56
CA-2017-105182,23-10-2018,Customer_482,West,Illinois,Los Angeles,Technology,Copiers,385.07,3,-99.35
CA-2018-105183,06-02-2015,Customer_294,East,New York,Houston,Office Supplies,Paper,534.23,7,-85.74
CA-2015-105184,02-08-2017,Customer_469,West,California,Houston,Furniture,Chairs,591.45,2,101.34
CA-2016-105185,21-11-2016,Customer_294,Central,Illinois,Los Angeles,Furniture,Tables,736.81,10,263.55
CA-2017-105186,27-01-2017,Customer_350,East,California,Los Angeles,Office Supplies,Binders,581.7,3,293.64
CA-2018-105187,13-07-2016,Customer_365,East,Texas,Chicago,Furniture,Chairs,952.5,7,175.84
CA-2015-105188,22-07-2017,Customer_314,West,Illinois,Chicago,Furniture,Bookcases,137.22,6,97.17
CA-2016-105189,03-06-2015,Customer_172,South,California,Chicago,Furniture,Bookcases,610.75,4,-34.83
CA-2017-105190,08-09-2018,Customer_274,Central,Texas,Houston,Furniture,Bookcases,117.35,3,40.43
CA-2018-105191,02-10-2016,Customer_481,East,Florida,Los Angeles,Office Supplies,Binders,523.51,4,97.22
CA-2015-105192,20-12-2016,Customer_349,East,New York,Miami,Furniture,Chairs,915.25,2,214.85
CA-2016-105193,19-04-2018,Customer_39,South,Illinois,Chicago,Technology,Accessories,887.22,10,259.72
CA-2017-105194,29-11-2018,Customer_287,West,Illinois,New York City,Office Supplies,Binders,58.7,7,44.11
CA-2018-105195,30-04-2017,Customer_155,West,California,New York City,Furniture,Bookcases,645.31,8,60.62
CA-2015-105196,29-07-2017,Customer_131,Central,Florida,New York City,Technology,Copiers,921.25,3,145.63
CA-2016-105197,06-05-2017,Customer_214,West,Illinois,Los Angeles,Office Supplies,Storage,879.25,5,-50.7
CA-2017-105198,17-03-2016,Customer_330,West,Texas,Houston,Furniture,Tables,59.98,9,-10.1
CA-2018-105199,28-10-2015,Customer_171,Central,Illinois,Houston,Furniture,Tables,776.58,7,-24.49
CA-2015-105200,02-05-2016,Customer_313,West,California,New York City,Technology,Phones,217.62,5,80.37
CA-2016-105201,03-02-2018,Customer_154,Central,New York,Chicago,Technology,Copiers,876.28,4,-52.31
CA-2017-105202,23-09-2017,Customer_291,Central,New York,Houston,Furniture,Bookcases,635.5,5,7.21
CA-2018-105203,13-06-2016,Customer_8,East,New York,Houston,Furniture,Tables,704.56,10,265.07
CA-2015-105204,18-10-2018,Customer_291,East,California,New York City,Office Supplies,Storage,693.59,4,130.87
CA-2016-105205,22-07-2017,Customer_78,Central,Texas,Los Angeles,Technology,Phones,106.65,1,-58.58
CA-2017-105206,09-02-2015,Customer_277,East,Florida,New York City,Office Supplies,Paper,822.4,9,-17.2
CA-2018-105207,02-03-2018,Customer_310,South,New York,Los Angeles,Office Supplies,Storage,515.01,6,58.54
CA-2015-105208,03-08-2018,Customer_332,East,New York,Houston,Office Supplies,Binders,929.19,7,280.31
CA-2016-105209,25-07-2016,Customer_340,South,Florida,Los Angeles,Office Supplies,Binders,817.81,2,54.93
CA-2017-105210,10-12-2016,Customer_54,West,Texas,Chicago,Office Supplies,Paper,547.44,4,-6.48
CA-2018-105211,20-01-2015,Customer_165,Central,Texas,New York City,Furniture,Chairs,999.4,1,151.54
CA-2015-105212,09-02-2015,Customer_16,East,Texas,New York City,Furniture,Chairs,705.66,9,15.55
CA-2016-105213,07-03-2017,Customer_479,South,California,Houston,Furniture,Chairs,327.85,10,68.8
CA-2017-105214,15-07-2017,Customer_21,South,Texas,Miami,Technology,Accessories,651.8,8,161.89
CA-2018-105215,21-12-2015,Customer_270,West,Florida,Chicago,Office Supplies,Paper,860.17,6,291.25
CA-2015-105216,17-12-2018,Customer_225,Central,Illinois,New York City,Furniture,Bookcases,116.0,4,184.42
CA-2016-105217,11-11-2018,Customer_1,Central,Florida,New York City,Furniture,Chairs,688.06,8,28.52
CA-2017-105218,18-10-2017,Customer_431,East,Florida,New York City,Office Supplies,Paper,997.06,9,280.95
CA-2018-105219,26-08-2017,Customer_492,East,Florida,Houston,Furniture,Tables,506.67,5,278.54
CA-2015-105220,08-03-2018,Customer_270,West,Texas,Los Angeles,Office Supplies,Paper,102.56,10,-10.61
CA-2016-105221,07-07-2016,Customer_435,South,Texas,Los Angeles,Technology,Copiers,773.15,6,-68.9
CA-2017-105222,09-05-2017,Customer_14,West,New York,Miami,Office Supplies,Storage,604.06,7,175.36
CA-2018-105223,01-06-2018,Customer_190,West,California,Los Angeles,Office Supplies,Binders,200.44,10,145.26
CA-2015-105224,17-11-2015,Customer_294,West,California,Chicago,Office Supplies,Storage,908.91,5,213.83
CA-2016-105225,27-04-2016,Customer_277,South,Texas,Miami,Technology,Copiers,293.71,3,206.37
CA-2017-105226,26-11-2015,Customer_284,East,New York,Los Angeles,Furniture,Chairs,244.59,7,-59.95
CA-2018-105227,26-02-2015,Customer_106,West,California,Chicago,Furniture,Bookcases,832.85,2,297.15
CA-2015-105228,03-10-2015,Customer_140,East,California,Chicago,Furniture,Bookcases,594.79,10,46.58
CA-2016-105229,13-07-2016,Customer_418,East,California,Los Angeles,Technology,Copiers,111.42,9,202.67
CA-2017-105230,06-01-2016,Customer_208,Central,New York,New York City,Furniture,Chairs,945.91,10,3.25
CA-2018-105231,10-01-2016,Customer_172,South,California,New York City,Furniture,Tables,999.11,9,28.28
CA-2015-105232,16-10-2017,Customer_169,West,Florida,Chicago,Office Supplies,Binders,756.19,1,-92.9
CA-2016-105233,09-06-2015,Customer_86,Central,Florida,Miami,Technology,Copiers,891.01,3,31.76
CA-2017-105234,12-08-2018,Customer_110,West,Florida,Miami,Office Supplies,Storage,162.73,10,-71.63
CA-2018-105235,15-10-2018,Customer_171,East,Illinois,Miami,Technology,Phones,322.36,2,297.32
CA-2015-105236,09-12-2016,Customer_129,West,Texas,Chicago,Technology,Copiers,874.16,7,240.02
CA-2016-105237,06-03-2017,Customer_102,West,Illinois,Houston,Furniture,Tables,95.94,4,191.33
CA-2017-105238,07-05-2018,Customer_256,West,California,Chicago,Office Supplies,Binders,486.2,8,90.36
CA-2018-105239,19-09-2018,Customer_387,West,Florida,Chicago,Office Supplies,Paper,590.9,2,-43.65
CA-2015-105240,22-08-2016,Customer_224,East,Florida,Los Angeles,Technology,Phones,912.14,2,161.13
CA-2016-105241,07-04-2015,Customer_44,East,New York,New York City,Furniture,Tables,963.0,1,-53.0
CA-2017-105242,20-02-2017,Customer_10,Central,Florida,Chicago,Technology,Accessories,919.43,8,186.89
CA-2018-105243,24-01-2017,Customer_341,Central,New York,Chicago,Office Supplies,Paper,295.61,8,-13.39
CA-2015-105244,23-12-2017,Customer_19,East,Illinois,Houston,Technology,Accessories,326.07,2,42.78
CA-2016-105245,13-12-2018,Customer_14,West,California,Houston,Furniture,Tables,395.87,5,99.8
CA-2017-105246,31-12-2016,Customer_255,South,California,Chicago,Furniture,Bookcases,819.45,6,-34.88
CA-2018-105247,24-02-2018,Customer_303,West,California,Miami,Furniture,Bookcases,169.6,5,-14.11
CA-2015-105248,09-11-2016,Customer_184,South,Texas,New York City,Office Supplies,Binders,306.47,2,64.05
CA-2016-105249,24-06-2016,Customer_396,West,Texas,New York City,Office Supplies,Paper,187.93,1,116.73
CA-2017-105250,01-08-2016,Customer_438,South,Illinois,Los Angeles,Technology,Copiers,476.56,1,168.67
CA-2018-105251,29-08-2016,Customer_100,South,Florida,Houston,Furniture,Chairs,64.97,2,-85.5
CA-2015-105252,05-04-2015,Customer_206,South,New York,New York City,Furniture,Bookcases,506.92,3,38.31
CA-2016-105253,13-04-2017,Customer_468,East,Florida,New York City,Office Supplies,Paper,948.57,9,-78.69
CA-2017-105254,04-01-2016,Customer_289,West,Texas,New York City,Technology,Accessories,690.5,7,211.52
CA-2018-105255,09-05-2016,Customer_345,West,Texas,Chicago,Office Supplies,Storage,17.28,4,280.79
CA-2015-105256,07-05-2016,Customer_99,South,California,Los Angeles,Office Supplies,Binders,771.62,4,235.51
CA-2016-105257,28-03-2016,Customer_124,East,Illinois,Los Angeles,Furniture,Bookcases,555.87,1,23.95
CA-2017-105258,25-05-2016,Customer_242,East,New York,Miami,Furniture,Chairs,880.23,6,25.21
CA-2018-105259,01-08-2017,Customer_342,Central,New York,Chicago,Office Supplies,Paper,625.2,4,90.98
CA-2015-105260,01-01-2019,Customer_142,West,Illinois,Miami,Technology,Copiers,314.36,8,49.25
CA-2016-105261,22-08-2016,Customer_225,South,Texas,Chicago,Office Supplies,Binders,387.85,8,-12.11
CA-2017-105262,23-03-2017,Customer_260,South,Florida,Chicago,Office Supplies,Paper,107.62,1,227.29
CA-2018-105263,27-06-2017,Customer_455,West,Illinois,Houston,Technology,Accessories,866.3,9,23.76
CA-2015-105264,05-08-2015,Customer_165,Central,Illinois,Chicago,Technology,Phones,184.61,6,-73.62
CA-2016-105265,08-04-2015,Customer_165,West,Texas,Houston,Furniture,Chairs,199.48,1,214.97
CA-2017-105266,29-01-2018,Customer_387,East,Texas,Miami,Technology,Copiers,611.75,8,117.29
CA-2018-105267,24-12-2016,Customer_52,East,Texas,Los Angeles,Furniture,Tables,208.2,1,75.38
CA-2015-105268,16-12-2016,Customer_329,Central,Florida,Chicago,Office Supplies,Binders,802.89,10,42.51
CA-2016-105269,27-09-2018,Customer_160,Central,Texas,Houston,Technology,Copiers,410.82,4,210.1
CA-2017-105270,16-02-2015,Customer_48,East,Texas,New York City,Technology,Copiers,395.08,10,238.3
CA-2018-105271,30-01-2016,Customer_115,Central,California,Houston,Furniture,Tables,739.33,10,-46.02
CA-2015-105272,19-10-2018,Customer_190,Central,New York,New York City,Technology,Phones,540.59,3,114.55
CA-2016-105273,20-05-2018,Customer_489,Central,California,Miami,Office Supplies,Storage,331.32,6,288.05
CA-2017-105274,09-03-2018,Customer_103,South,New York,Houston,Office Supplies,Paper,253.03,6,198.84
CA-2018-105275,11-04-2017,Customer_268,South,Illinois,New York City,Office Supplies,Storage,36.1,10,50.72
CA-2015-105276,02-12-2015,Customer_276,South,Florida,Houston,Technology,Phones,126.23,6,-98.79
CA-2016-105277,10-11-2016,Customer_485,Central,Texas,Los Angeles,Furniture,Tables,465.55,5,1.94
CA-2017-105278,25-08-2016,Customer_167,South,Texas,Miami,Technology,Copiers,542.01,2,-73.78
CA-2018-105279,06-04-2016,Customer_401,Central,Illinois,Chicago,Furniture,Tables,848.79,5,282.79
CA-2015-105280,25-02-2017,Customer_299,East,Texas,Chicago,Furniture,Bookcases,894.19,10,-89.99
CA-2016-105281,18-01-2015,Customer_435,West,Illinois,New York City,Office Supplies,Storage,886.86,8,39.4
CA-2017-105282,21-01-2019,Customer_356,West,New York,Chicago,Office Supplies,Storage,987.72,6,112.12
CA-2018-105283,19-02-2016,Customer_400,East,Florida,Los Angeles,Office Supplies,Storage,310.72,3,235.19
CA-2015-105284,20-04-2018,Customer_238,South,Florida,Chicago,Furniture,Tables,879.36,8,55.54
CA-2016-105285,13-10-2018,Customer_437,East,New York,Los Angeles,Furniture,Tables,180.53,9,127.14
CA-2017-105286,13-05-2018,Customer_99,South,California,New York City,Office Supplies,Paper,65.77,10,92.33
CA-2018-105287,09-10-2016,Customer_207,Central,New York,Los Angeles,Furniture,Bookcases,458.6,4,271.3
CA-2015-105288,30-08-2018,Customer_179,East,Florida,Miami,Technology,Copiers,601.49,6,89.76
CA-2016-105289,19-01-2019,Customer_75,Central,Texas,New York City,Office Supplies,Storage,391.38,3,279.52
CA-2017-105290,09-05-2017,Customer_120,East,Texas,New York City,Office Supplies,Binders,78.89,2,294.13
CA-2018-105291,20-07-2015,Customer_318,East,Florida,Houston,Technology,Accessories,580.29,3,-32.04
CA-2015-105292,25-05-2018,Customer_484,South,Illinois,New York City,Technology,Copiers,881.22,6,241.81
CA-2016-105293,17-06-2016,Customer_98,South,Illinois,New York City,Furniture,Bookcases,568.1,5,185.86
CA-2017-105294,21-11-2016,Customer_370,East,New York,Miami,Office Supplies,Binders,614.4,1,117.01
CA-2018-105295,14-04-2017,Customer_157,Central,Florida,Houston,Office Supplies,Paper,788.02,3,141.96
CA-2015-105296,11-01-2018,Customer_44,Central,Illinois,New York City,Furniture,Chairs,328.77,9,244.03
CA-2016-105297,14-05-2017,Customer_224,East,Texas,Los Angeles,Technology,Accessories,367.88,1,-1.58
CA-2017-105298,06-03-2015,Customer_309,West,Illinois,New York City,Office Supplies,Paper,469.64,2,222.64
CA-2018-105299,26-05-2015,Customer_328,East,Texas,New York City,Furniture,Chairs,580.47,3,38.63
CA-2015-105300,20-07-2016,Customer_232,West,California,Houston,Technology,Phones,389.18,9,37.06
CA-2016-105301,04-01-2016,Customer_424,West,New York,New York City,Office Supplies,Storage,655.4,10,226.26
CA-2017-105302,25-04-2015,Customer_447,West,New York,Chicago,Office Supplies,Storage,85.35,8,283.28
CA-2018-105303,03-08-2016,Customer_268,South,New York,Los Angeles,Technology,Accessories,390.43,1,259.8
CA-2015-105304,01-12-2016,Customer_454,South,Florida,Miami,Technology,Copiers,515.47,1,-5.21
CA-2016-105305,13-01-2018,Customer_240,West,Illinois,Miami,Technology,Copiers,363.47,1,295.44
CA-2017-105306,23-08-2018,Customer_406,Central,New York,Los Angeles,Furniture,Chairs,551.69,6,-55.48
CA-2018-105307,01-06-2018,Customer_346,South,Illinois,Miami,Furniture,Bookcases,544.4,2,137.08
CA-2015-105308,30-09-2018,Customer_1,East,California,New York City,Office Supplies,Paper,632.25,8,-7.19
CA-2016-105309,16-12-2016,Customer_110,Central,Florida,New York City,Technology,Copiers,64.02,4,68.38
CA-2017-105310,19-06-2015,Customer_387,Central,Florida,Los Angeles,Office Supplies,Paper,181.27,1,275.98
CA-2018-105311,20-03-2017,Customer_251,South,Illinois,New York City,Technology,Phones,68.58,7,-44.53
CA-2015-105312,29-01-2018,Customer_389,East,Texas,New York City,Technology,Copiers,679.59,10,41.6
CA-2016-105313,29-01-2017,Customer_427,East,Illinois,Los Angeles,Office Supplies,Storage,891.0,1,182.85
CA-2017-105314,26-04-2018,Customer_487,East,California,Miami,Furniture,Tables,114.95,8,148.58
CA-2018-105315,20-04-2017,Customer_377,East,Texas,Miami,Technology,Copiers,360.86,7,-2.13
CA-2015-105316,01-03-2016,Customer_418,Central,Florida,Chicago,Technology,Phones,587.38,8,147.94
CA-2016-105317,28-12-2016,Customer_455,West,Texas,Miami,Furniture,Tables,304.06,5,299.8
CA-2017-105318,18-04-2018,Customer_343,East,New York,Houston,Office Supplies,Binders,565.67,4,123.15
CA-2018-105319,03-09-2015,Customer_57,East,Florida,Chicago,Office Supplies,Paper,629.05,1,69.23
CA-2015-105320,01-03-2015,Customer_497,Central,New York,Chicago,Office Supplies,Storage,216.01,6,63.4
CA-2016-105321,13-08-2017,Customer_215,South,California,Los Angeles,Office Supplies,Binders,259.78,1,226.23
CA-2017-105322,04-02-2015,Customer_190,South,New York,Miami,Technology,Phones,190.52,10,88.96
CA-2018-105323,02-10-2016,Customer_289,East,Florida,Chicago,Office Supplies,Binders,958.01,3,118.15
CA-2015-105324,23-02-2018,Customer_487,West,Texas,Houston,Office Supplies,Binders,214.62,8,60.96
CA-2016-105325,13-01-2016,Customer_104,East,Texas,Miami,Technology,Accessories,71.17,8,57.36
CA-2017-105326,16-07-2018,Customer_236,South,Texas,Chicago,Technology,Phones,678.83,5,254.1
CA-2018-105327,25-11-2017,Customer_446,Central,Illinois,Chicago,Office Supplies,Paper,438.68,1,177.28
CA-2015-105328,05-09-2015,Customer_218,Central,Texas,New York City,Furniture,Tables,616.65,9,84.08
CA-2016-105329,19-08-2018,Customer_398,Central,California,Houston,Furniture,Bookcases,390.97,7,285.25
CA-2017-105330,23-06-2015,Customer_446,Central,New York,Miami,Technology,Phones,454.61,1,-26.53
CA-2018-105331,18-08-2018,Customer_213,South,Illinois,Los Angeles,Technology,Accessories,101.54,3,249.63
CA-2015-105332,21-12-2017,Customer_321,South,Texas,Chicago,Technology,Accessories,333.35,8,-19.76
CA-2016-105333,31-08-2016,Customer_51,East,Texas,Los Angeles,Furniture,Bookcases,260.55,4,110.0
CA-2017-105334,27-08-2015,Customer_288,West,Illinois,Houston,Technology,Phones,145.35,9,53.55
CA-2018-105335,03-09-2018,Customer_458,Central,New York,New York City,Office Supplies,Storage,664.21,9,74.0
CA-2015-105336,15-01-2015,Customer_383,East,California,Chicago,Furniture,Bookcases,329.45,6,79.6
CA-2016-105337,20-10-2016,Customer_469,East,Texas,New York City,Office Supplies,Binders,640.29,9,-61.53
CA-2017-105338,10-12-2017,Customer_223,Central,California,Houston,Technology,Accessories,324.54,3,281.2
CA-2018-105339,07-01-2016,Customer_74,West,Illinois,Miami,Office Supplies,Binders,767.64,6,267.04
CA-2015-105340,26-04-2017,Customer_275,South,California,New York City,Furniture,Chairs,49.35,8,270.36
CA-2016-105341,30-11-2017,Customer_145,East,New York,Miami,Furniture,Tables,142.56,3,240.29
CA-2017-105342,17-03-2018,Customer_499,South,Florida,New York City,Technology,Copiers,643.99,10,53.4
CA-2018-105343,21-09-2018,Customer_308,West,Illinois,Chicago,Furniture,Bookcases,739.76,5,286.31
CA-2015-105344,06-12-2016,Customer_206,East,Florida,Los Angeles,Technology,Accessories,932.61,3,290.22
CA-2016-105345,21-12-2018,Customer_409,West,New York,Miami,Technology,Copiers,571.91,5,227.82
CA-2017-105346,03-02-2019,Customer_407,East,Texas,New York City,Office Supplies,Storage,730.5,1,-24.71
CA-2018-105347,25-05-2016,Customer_101,Central,Texas,Chicago,Office Supplies,Paper,327.99,7,-20.09
CA-2015-105348,24-01-2019,Customer_260,South,California,Miami,Technology,Copiers,633.8,5,130.79
CA-2016-105349,04-11-2017,Customer_411,Central,Texas,Houston,Technology,Copiers,734.01,3,199.45
CA-2017-105350,20-11-2016,Customer_223,Central,New York,Chicago,Office Supplies,Paper,960.21,2,-50.96
CA-2018-105351,03-12-2017,Customer_372,East,Texas,New York City,Office Supplies,Binders,221.99,4,-14.27
CA-2015-105352,15-03-2015,Customer_149,Central,New York,New York City,Furniture,Chairs,416.87,4,21.9
CA-2016-105353,25-07-2016,Customer_466,Central,Texas,Los Angeles,Technology,Phones,639.44,5,31.35
CA-2017-105354,04-08-2015,Customer_57,West,New York,New York City,Furniture,Tables,890.57,2,183.74
CA-2018-105355,06-07-2016,Customer_207,East,California,Chicago,Furniture,Chairs,119.58,3,293.58
CA-2015-105356,21-11-2015,Customer_409,West,California,New York City,Furniture,Chairs,295.18,2,-59.99
CA-2016-105357,09-04-2017,Customer_192,Central,Texas,Los Angeles,Furniture,Bookcases,303.03,9,244.88
CA-2017-105358,14-02-2018,Customer_428,West,Texas,New York City,Technology,Accessories,314.63,8,138.7
CA-2018-105359,01-10-2017,Customer_105,East,New York,Houston,Furniture,Tables,40.52,9,243.15
CA-2015-105360,17-10-2016,Customer_94,Central,New York,Houston,Office Supplies,Storage,876.09,1,164.83
CA-2016-105361,23-12-2015,Customer_16,South,Illinois,Houston,Technology,Phones,829.1,8,88.43
CA-2017-105362,19-08-2018,Customer_479,West,New York,Los Angeles,Technology,Phones,947.25,7,-52.34
CA-2018-105363,16-07-2015,Customer_389,South,Illinois,Los Angeles,Furniture,Tables,249.8,6,124.22
CA-2015-105364,29-11-2016,Customer_121,South,California,Los Angeles,Office Supplies,Binders,731.95,1,298.38
CA-2016-105365,27-06-2018,Customer_292,South,Florida,Miami,Furniture,Tables,528.91,5,-45.32
CA-2017-105366,09-09-2015,Customer_135,South,California,Los Angeles,Technology,Phones,90.04,10,41.52
CA-2018-105367,26-11-2015,Customer_262,East,Illinois,New York City,Technology,Accessories,870.91,4,59.48
CA-2015-105368,31-08-2016,Customer_171,West,Texas,Los Angeles,Office Supplies,Storage,551.01,10,-96.63
CA-2016-105369,23-04-2015,Customer_160,Central,Florida,Houston,Technology,Accessories,554.62,8,-14.87
CA-2017-105370,26-04-2018,Customer_465,West,New York,Los Angeles,Technology,Phones,153.93,4,-90.61
CA-2018-105371,23-02-2015,Customer_8,West,California,Miami,Furniture,Bookcases,69.3,6,59.72
CA-2015-105372,21-07-2015,Customer_354,West,California,Houston,Technology,Copiers,234.64,8,253.05
CA-2016-105373,08-02-2016,Customer_207,South,California,Houston,Furniture,Bookcases,713.65,1,98.76
CA-2017-105374,19-12-2015,Customer_389,West,Illinois,Los Angeles,Office Supplies,Paper,412.32,9,185.65
CA-2018-105375,23-01-2018,Customer_219,South,California,Miami,Furniture,Tables,930.22,5,-74.87
CA-2015-105376,12-07-2016,Customer_401,South,California,Chicago,Technology,Phones,725.27,6,279.76
CA-2016-105377,17-03-2016,Customer_232,West,Texas,Los Angeles,Technology,Accessories,451.34,8,89.08
CA-2017-105378,20-01-2019,Customer_174,South,Florida,Chicago,Furniture,Tables,251.0,4,-96.13
CA-2018-105379,07-11-2015,Customer_383,East,Illinois,Chicago,Furniture,Tables,247.25,3,291.62
CA-2015-105380,16-02-2018,Customer_68,South,California,Miami,Furniture,Tables,201.28,6,196.82
CA-2016-105381,30-10-2016,Customer_413,East,Texas,Chicago,Furniture,Tables,559.92,9,159.91
CA-2017-105382,16-07-2016,Customer_339,South,New York,Houston,Technology,Accessories,50.99,7,-77.99
CA-2018-105383,19-08-2015,Customer_236,West,California,Los Angeles,Furniture,Bookcases,588.99,5,136.43
CA-2015-105384,15-01-2017,Customer_370,South,New York,New York City,Furniture,Chairs,363.05,10,293.79
CA-2016-105385,18-04-2016,Customer_190,East,California,Houston,Furniture,Tables,847.17,4,97.59
CA-2017-105386,25-03-2016,Customer_170,South,Illinois,Houston,Furniture,Tables,72.5,8,60.38
CA-2018-105387,16-01-2017,Customer_83,South,California,Miami,Furniture,Bookcases,317.74,7,240.76
CA-2015-105388,11-01-2016,Customer_231,East,New York,Los Angeles,Technology,Copiers,805.13,5,251.93
CA-2016-105389,20-02-2017,Customer_149,South,Florida,Miami,Office Supplies,Binders,461.86,4,114.54
CA-2017-105390,18-12-2018,Customer_113,South,Texas,Houston,Furniture,Bookcases,114.35,9,94.42
CA-2018-105391,22-02-2016,Customer_326,East,Illinois,Miami,Furniture,Bookcases,135.48,10,77.72
CA-2015-105392,09-10-2015,Customer_351,East,Texas,Chicago,Furniture,Bookcases,990.01,3,115.87
CA-2016-105393,03-05-2018,Customer_69,South,Illinois,Los Angeles,Technology,Accessories,862.12,5,118.24
CA-2017-105394,07-10-2018,Customer_413,Central,Florida,Chicago,Technology,Phones,244.44,4,133.44
CA-2018-105395,03-03-2016,Customer_489,West,Texas,Miami,Furniture,Chairs,840.47,1,16.07
CA-2015-105396,01-09-2017,Customer_89,South,Florida,Houston,Office Supplies,Binders,333.96,9,281.57
CA-2016-105397,12-10-2016,Customer_484,West,Florida,Chicago,Furniture,Bookcases,29.99,10,273.18
CA-2017-105398,19-04-2015,Customer_9,Central,Illinois,Chicago,Office Supplies,Paper,953.46,8,146.34
CA-2018-105399,20-05-2017,Customer_168,Central,California,Chicago,Office Supplies,Binders,178.12,1,0.82
CA-2015-105400,10-03-2017,Customer_43,Central,New York,New York City,Office Supplies,Paper,231.24,4,-75.82
CA-2016-105401,27-01-2017,Customer_364,West,Illinois,Houston,Furniture,Bookcases,605.35,1,-40.56
CA-2017-105402,06-02-2019,Customer_75,West,New York,Houston,Technology,Phones,401.34,5,-52.69
CA-2018-105403,19-03-2018,Customer_361,West,Illinois,Chicago,Technology,Accessories,56.01,8,169.51
CA-2015-105404,01-08-2017,Customer_111,Central,California,Chicago,Technology,Phones,383.51,5,83.27
CA-2016-105405,02-11-2015,Customer_257,East,Texas,Los Angeles,Furniture,Chairs,253.5,4,56.01
CA-2017-105406,04-01-2017,Customer_93,Central,Florida,Houston,Furniture,Bookcases,236.7,8,141.63
CA-2018-105407,19-07-2015,Customer_497,South,New York,Houston,Technology,Copiers,217.85,2,-52.96
CA-2015-105408,07-01-2017,Customer_22,East,New York,New York City,Office Supplies,Binders,749.51,7,86.86
CA-2016-105409,01-06-2016,Customer_48,Central,Illinois,Houston,Furniture,Tables,407.14,10,-88.11
CA-2017-105410,15-06-2015,Customer_456,Central,Illinois,Chicago,Furniture,Tables,362.32,10,189.96
CA-2018-105411,26-12-2018,Customer_28,South,Illinois,Los Angeles,Furniture,Bookcases,522.48,4,286.76
CA-2015-105412,09-07-2018,Customer_385,East,California,Miami,Furniture,Chairs,881.12,10,221.56
CA-2016-105413,23-03-2016,Customer_51,South,Florida,Los Angeles,Technology,Accessories,973.24,3,177.31
CA-2017-105414,15-04-2015,Customer_261,West,New York,Miami,Technology,Phones,425.96,9,201.15
CA-2018-105415,21-07-2016,Customer_476,Central,New York,Miami,Furniture,Tables,500.33,9,245.08
CA-2015-105416,05-04-2018,Customer_297,South,Florida,Miami,Technology,Phones,803.25,1,-91.56
CA-2016-105417,18-10-2015,Customer_422,Central,New York,Los Angeles,Furniture,Tables,570.15,7,287.88
CA-2017-105418,29-09-2015,Customer_369,South,California,Chicago,Office Supplies,Paper,729.72,8,192.46
CA-2018-105419,28-05-2018,Customer_54,West,California,Miami,Technology,Phones,844.85,5,24.69
CA-2015-105420,08-01-2017,Customer_108,Central,Texas,Los Angeles,Technology,Phones,199.68,2,246.76
CA-2016-105421,04-08-2015,Customer_152,East,California,Houston,Furniture,Tables,614.19,9,274.36
CA-2017-105422,02-09-2018,Customer_189,South,Illinois,New York City,Technology,Copiers,171.06,3,129.8
CA-2018-105423,22-06-2016,Customer_301,East,Florida,Miami,Furniture,Tables,586.93,9,153.57
CA-2015-105424,11-01-2017,Customer_211,Central,New York,Miami,Furniture,Bookcases,549.83,9,292.07
CA-2016-105425,12-03-2015,Customer_494,South,California,New York City,Furniture,Chairs,683.88,1,170.36
CA-2017-105426,27-04-2018,Customer_226,West,Florida,Miami,Technology,Copiers,165.93,6,154.24
CA-2018-105427,27-11-2015,Customer_479,South,New York,Los Angeles,Furniture,Chairs,164.14,3,-29.52
CA-2015-105428,22-02-2015,Customer_3,South,New York,Los Angeles,Office Supplies,Binders,244.97,10,-54.37
CA-2016-105429,28-02-2017,Customer_445,Central,Illinois,Houston,Furniture,Tables,698.93,2,254.59
CA-2017-105430,04-11-2016,Customer_255,South,New York,New York City,Furniture,Bookcases,935.85,4,154.08
CA-2018-105431,25-08-2015,Customer_456,South,New York,Houston,Furniture,Bookcases,216.77,2,186.11
CA-2015-105432,24-05-2015,Customer_435,South,California,New York City,Office Supplies,Storage,472.56,3,298.06
CA-2016-105433,26-07-2018,Customer_283,South,Illinois,Los Angeles,Office Supplies,Storage,650.0,5,133.31
CA-2017-105434,12-10-2018,Customer_494,Central,Florida,Houston,Furniture,Tables,534.95,8,156.02
CA-2018-105435,17-07-2017,Customer_181,South,Florida,New York City,Office Supplies,Binders,346.91,10,-12.46
CA-2015-105436,04-05-2018,Customer_53,West,California,Chicago,Office Supplies,Binders,653.36,10,152.14
CA-2016-105437,14-07-2018,Customer_276,Central,New York,Houston,Technology,Copiers,739.86,4,188.18
CA-2017-105438,12-02-2017,Customer_297,East,Texas,New York City,Furniture,Chairs,674.99,4,266.75
CA-2018-105439,26-03-2016,Customer_338,East,Texas,Houston,Office Supplies,Binders,179.27,6,27.17
CA-2015-105440,21-09-2017,Customer_415,West,California,Houston,Technology,Accessories,426.84,8,290.4
CA-2016-105441,27-10-2016,Customer_354,South,Illinois,Miami,Office Supplies,Paper,963.66,7,-86.72
CA-2017-105442,19-05-2017,Customer_437,West,Illinois,Los Angeles,Office Supplies,Paper,16.45,8,216.67
CA-2018-105443,27-05-2017,Customer_460,West,New York,Houston,Furniture,Chairs,344.84,9,279.65
CA-2015-105444,23-05-2015,Customer_25,Central,Florida,New York City,Technology,Accessories,418.88,9,58.87
CA-2016-105445,20-02-2018,Customer_61,East,Texas,Los Angeles,Office Supplies,Binders,548.41,3,-88.86
CA-2017-105446,04-10-2016,Customer_146,Central,Texas,Chicago,Office Supplies,Storage,805.77,7,-26.22
CA-2018-105447,16-01-2019,Customer_498,Central,New York,New York City,Office Supplies,Paper,354.95,10,277.13
CA-2015-105448,23-12-2017,Customer_290,Central,New York,Houston,Office Supplies,Storage,297.49,3,84.7
CA-2016-105449,22-10-2018,Customer_32,Central,California,Chicago,Office Supplies,Storage,606.88,2,6.14
CA-2017-105450,13-11-2015,Customer_31,South,Florida,Houston,Technology,Accessories,328.21,5,43.64
CA-2018-105451,25-01-2016,Customer_70,West,Illinois,Houston,Office Supplies,Storage,534.58,7,251.07
CA-2015-105452,14-04-2016,Customer_229,South,New York,Miami,Office Supplies,Paper,856.96,6,-11.65
CA-2016-105453,14-09-2018,Customer_428,South,Texas,Los Angeles,Office Supplies,Storage,218.62,6,243.29
CA-2017-105454,08-02-2019,Customer_278,West,Illinois,Houston,Technology,Phones,958.66,4,198.02
CA-2018-105455,07-05-2016,Customer_132,Central,New York,Houston,Technology,Accessories,699.14,9,50.95
CA-2015-105456,10-08-2015,Customer_91,Central,New York,Miami,Office Supplies,Paper,472.23,2,291.11
CA-2016-105457,14-01-2018,Customer_55,West,Texas,Houston,Technology,Accessories,175.19,9,120.44
CA-2017-105458,06-11-2017,Customer_295,West,California,Los Angeles,Furniture,Chairs,858.87,1,257.24
CA-2018-105459,24-02-2018,Customer_139,South,Florida,Miami,Office Supplies,Binders,535.12,6,291.09
CA-2015-105460,07-06-2017,Customer_262,West,Illinois,Los Angeles,Furniture,Tables,463.19,10,206.89
CA-2016-105461,04-04-2017,Customer_151,Central,Florida,Chicago,Office Supplies,Binders,168.07,9,-87.17
CA-2017-105462,19-01-2015,Customer_112,South,Texas,Miami,Office Supplies,Binders,927.2,5,-61.16
CA-2018-105463,19-01-2015,Customer_301,Central,California,Los Angeles,Technology,Copiers,392.27,9,293.06
CA-2015-105464,24-06-2016,Customer_12,West,New York,Los Angeles,Technology,Copiers,321.51,3,166.23
CA-2016-105465,11-05-2016,Customer_48,West,Florida,New York City,Technology,Accessories,943.31,8,220.69
CA-2017-105466,14-07-2015,Customer_112,Central,Texas,Chicago,Office Supplies,Paper,72.6,9,-47.34
CA-2018-105467,04-05-2017,Customer_255,South,New York,Houston,Office Supplies,Binders,478.28,6,0.84
CA-2015-105468,30-12-2016,Customer_108,Central,Florida,Miami,Technology,Accessories,671.3,10,-89.09
CA-2016-105469,23-04-2017,Customer_24,South,Illinois,Houston,Office Supplies,Paper,373.46,5,176.55
CA-2017-105470,07-02-2017,Customer_492,West,New York,Los Angeles,Office Supplies,Paper,325.26,4,262.52
CA-2018-105471,09-07-2018,Customer_52,East,Florida,New York City,Office Supplies,Binders,16.86,6,293.67
CA-2015-105472,09-09-2016,Customer_32,South,Illinois,Los Angeles,Technology,Accessories,953.84,6,284.91
CA-2016-105473,02-11-2018,Customer_463,East,Florida,New York City,Technology,Phones,145.96,8,-44.97
CA-2017-105474,16-03-2018,Customer_20,West,Florida,Chicago,Technology,Copiers,169.14,2,224.06
CA-2018-105475,06-10-2016,Customer_400,East,Illinois,Los Angeles,Technology,Copiers,421.39,7,252.78
CA-2015-105476,02-03-2017,Customer_446,Central,Illinois,Los Angeles,Furniture,Bookcases,605.64,6,246.64
CA-2016-105477,22-07-2016,Customer_98,West,Illinois,Chicago,Office Supplies,Storage,944.37,4,-4.52
CA-2017-105478,30-10-2018,Customer_117,South,California,Houston,Office Supplies,Binders,803.84,1,154.07
CA-2018-105479,20-10-2018,Customer_23,West,New York,Chicago,Furniture,Chairs,250.02,1,-61.27
CA-2015-105480,03-02-2019,Customer_97,West,New York,Chicago,Furniture,Chairs,853.52,9,192.08
CA-2016-105481,17-08-2017,Customer_145,South,Texas,Miami,Office Supplies,Paper,424.58,10,112.14
CA-2017-105482,14-11-2018,Customer_20,West,Illinois,Miami,Furniture,Bookcases,209.16,6,185.9
CA-2018-105483,21-05-2016,Customer_456,Central,Florida,Los Angeles,Office Supplies,Paper,463.6,3,188.72
CA-2015-105484,21-12-2018,Customer_266,Central,New York,New York City,Furniture,Tables,107.62,1,256.27
CA-2016-105485,25-07-2018,Customer_16,West,Illinois,Houston,Office Supplies,Paper,238.02,2,290.38
CA-2017-105486,20-09-2016,Customer_367,East,Illinois,Houston,Technology,Copiers,429.81,1,-69.98
CA-2018-105487,30-03-2016,Customer_11,Central,New York,Chicago,Office Supplies,Storage,112.88,8,-43.93
CA-2015-105488,13-12-2018,Customer_330,East,Texas,Miami,Furniture,Bookcases,272.89,7,117.5
CA-2016-105489,14-02-2016,Customer_393,East,Florida,New York City,Office Supplies,Binders,183.71,6,183.86
CA-2017-105490,08-01-2019,Customer_66,West,Illinois,New York City,Furniture,Bookcases,189.04,5,284.07
CA-2018-105491,16-02-2018,Customer_111,West,Illinois,New York City,Furniture,Tables,616.19,6,62.3
CA-2015-105492,27-06-2018,Customer_496,Central,Texas,New York City,Office Supplies,Binders,152.85,2,203.58
CA-2016-105493,24-07-2016,Customer_247,West,New York,New York City,Technology,Accessories,112.44,1,-28.5
CA-2017-105494,10-02-2016,Customer_44,South,New York,Los Angeles,Technology,Copiers,158.16,8,197.63
CA-2018-105495,25-02-2018,Customer_273,East,Florida,New York City,Technology,Phones,905.85,4,267.43
CA-2015-105496,09-08-2018,Customer_174,South,Florida,Miami,Technology,Accessories,684.38,4,75.64
CA-2016-105497,07-10-2016,Customer_179,South,Illinois,New York City,Furniture,Bookcases,938.6,10,264.83
CA-2017-105498,06-11-2017,Customer_431,South,Florida,Miami,Technology,Copiers,592.35,7,18.01
CA-2018-105499,08-12-2018,Customer_119,East,Illinois,Chicago,Technology,Copiers,44.57,2,-44.07
CA-2015-105500,10-07-2016,Customer_142,South,Texas,Miami,Furniture,Chairs,631.01,1,293.72
CA-2016-105501,15-05-2016,Customer_289,West,New York,New York City,Furniture,Bookcases,386.26,10,-48.12
CA-2017-105502,19-04-2018,Customer_192,West,New York,Miami,Furniture,Chairs,277.3,9,256.44
CA-2018-105503,15-10-2018,Customer_237,South,New York,Miami,Office Supplies,Binders,934.59,9,-22.27
CA-2015-105504,09-09-2018,Customer_418,West,California,Chicago,Technology,Copiers,619.46,5,15.68
CA-2016-105505,01-07-2018,Customer_30,South,California,Los Angeles,Office Supplies,Binders,776.75,6,64.71
CA-2017-105506,26-11-2017,Customer_100,West,New York,New York City,Technology,Copiers,366.28,2,83.08
CA-2018-105507,02-05-2015,Customer_17,East,Texas,Los Angeles,Technology,Copiers,946.83,4,-58.45
CA-2015-105508,27-05-2015,Customer_146,South,New York,New York City,Office Supplies,Binders,363.51,9,-75.55
CA-2016-105509,03-02-2017,Customer_490,West,Illinois,Chicago,Furniture,Chairs,895.58,6,212.53
CA-2017-105510,04-05-2016,Customer_345,West,Illinois,Houston,Office Supplies,Binders,559.74,10,234.65
CA-2018-105511,09-02-2019,Customer_295,Central,California,Chicago,Office Supplies,Storage,595.11,5,276.23
CA-2015-105512,25-12-2015,Customer_225,Central,California,Los Angeles,Technology,Accessories,875.59,3,-85.07
CA-2016-105513,20-06-2015,Customer_113,West,Illinois,Los Angeles,Furniture,Bookcases,952.92,4,-57.67
CA-2017-105514,02-07-2017,Customer_374,Central,Texas,Houston,Office Supplies,Paper,106.85,5,290.44
CA-2018-105515,22-04-2016,Customer_41,East,Texas,Miami,Furniture,Chairs,782.86,3,5.89
CA-2015-105516,03-02-2019,Customer_474,West,California,New York City,Technology,Accessories,410.17,6,189.66
CA-2016-105517,04-09-2018,Customer_369,South,Florida,Chicago,Technology,Accessories,582.64,1,16.46
CA-2017-105518,06-10-2017,Customer_319,South,Illinois,Los Angeles,Furniture,Chairs,107.0,2,45.11
CA-2018-105519,30-09-2018,Customer_23,South,Texas,New York City,Office Supplies,Binders,619.35,9,205.45
CA-2015-105520,10-12-2018,Customer_208,South,Illinois,New York City,Office Supplies,Paper,820.36,9,239.62
CA-2016-105521,04-08-2017,Customer_274,South,Florida,Houston,Technology,Accessories,464.42,9,152.97
CA-2017-105522,02-04-2015,Customer_499,West,New York,Chicago,Office Supplies,Paper,508.57,7,239.27
CA-2018-105523,31-05-2018,Customer_67,South,California,Chicago,Furniture,Bookcases,844.93,10,-35.15
CA-2015-105524,27-06-2016,Customer_139,South,New York,New York City,Furniture,Chairs,570.39,5,108.0
CA-2016-105525,22-01-2017,Customer_303,Central,Illinois,Houston,Office Supplies,Binders,801.23,1,43.47
CA-2017-105526,20-04-2017,Customer_139,Central,New York,Houston,Technology,Accessories,413.03,4,121.19
CA-2018-105527,15-05-2017,Customer_91,East,Florida,Houston,Technology,Copiers,985.2,10,164.94
CA-2015-105528,23-11-2018,Customer_461,East,California,Houston,Office Supplies,Binders,620.86,10,85.78
CA-2016-105529,16-01-2017,Customer_150,West,New York,Los Angeles,Technology,Copiers,323.9,2,166.38
CA-2017-105530,27-09-2015,Customer_117,West,Texas,New York City,Furniture,Chairs,462.23,4,162.48
CA-2018-105531,29-08-2015,Customer_193,South,Illinois,New York City,Office Supplies,Storage,725.25,7,-52.23
CA-2015-105532,06-01-2016,Customer_459,South,Texas,New York City,Office Supplies,Paper,748.1,5,232.01
CA-2016-105533,01-10-2017,Customer_111,East,Florida,New York City,Technology,Phones,594.54,7,134.12
CA-2017-105534,02-09-2015,Customer_65,East,New York,New York City,Furniture,Chairs,761.78,10,235.43
CA-2018-105535,13-09-2015,Customer_244,South,Texas,New York City,Technology,Copiers,938.58,10,285.15
CA-2015-105536,06-06-2015,Customer_48,East,Florida,Houston,Office Supplies,Binders,71.68,7,161.5
CA-2016-105537,31-10-2018,Customer_499,Central,California,Houston,Office Supplies,Paper,917.46,7,20.48
CA-2017-105538,04-05-2016,Customer_483,East,California,Chicago,Office Supplies,Paper,238.02,8,-14.63
CA-2018-105539,13-07-2017,Customer_213,Central,Florida,Los Angeles,Office Supplies,Paper,422.0,2,225.19
CA-2015-105540,26-08-2015,Customer_25,West,Florida,New York City,Office Supplies,Storage,879.63,3,-58.04
CA-2016-105541,02-11-2017,Customer_407,West,Florida,New York City,Office Supplies,Storage,571.04,4,-56.44
CA-2017-105542,01-02-2016,Customer_67,East,New York,Chicago,Furniture,Bookcases,812.89,5,-82.94
CA-2018-105543,01-02-2017,Customer_80,East,California,Miami,Office Supplies,Binders,23.27,7,-30.14
CA-2015-105544,05-07-2018,Customer_257,Central,Texas,Houston,Technology,Copiers,44.37,2,-41.26
CA-2016-105545,02-02-2017,Customer_359,Central,Illinois,New York City,Furniture,Tables,299.45,2,-75.56
CA-2017-105546,15-04-2018,Customer_323,West,California,Houston,Office Supplies,Binders,571.0,2,-28.74
CA-2018-105547,20-04-2015,Customer_443,Central,Texas,Houston,Furniture,Bookcases,753.3,3,155.67
CA-2015-105548,12-06-2016,Customer_6,East,Illinois,Chicago,Office Supplies,Storage,896.4,1,13.88
CA-2016-105549,24-05-2015,Customer_117,West,Illinois,Houston,Technology,Copiers,86.06,2,286.47
CA-2017-105550,29-05-2016,Customer_224,South,Florida,Houston,Furniture,Chairs,196.17,8,237.62
CA-2018-105551,28-09-2017,Customer_211,East,Texas,Los Angeles,Technology,Accessories,754.11,4,71.38
CA-2015-105552,22-05-2016,Customer_397,East,Texas,Miami,Office Supplies,Paper,22.48,5,278.54
CA-2016-105553,01-09-2015,Customer_281,South,California,New York City,Technology,Phones,904.22,3,272.93
CA-2017-105554,03-06-2016,Customer_261,South,New York,Chicago,Furniture,Bookcases,779.65,10,190.3
CA-2018-105555,13-08-2018,Customer_465,East,Florida,New York City,Technology,Copiers,576.69,3,232.01
CA-2015-105556,04-11-2015,Customer_285,Central,Texas,Los Angeles,Furniture,Bookcases,200.18,1,115.92
CA-2016-105557,16-10-2016,Customer_387,Central,New York,Chicago,Technology,Accessories,611.62,3,-55.45
CA-2017-105558,09-03-2018,Customer_261,Central,New York,New York City,Furniture,Bookcases,943.64,1,197.54
CA-2018-105559,24-02-2016,Customer_238,West,Texas,New York City,Office Supplies,Binders,953.45,6,115.22
CA-2015-105560,07-08-2016,Customer_211,South,Florida,New York City,Technology,Phones,288.89,6,77.22
CA-2016-105561,16-01-2017,Customer_497,West,California,Miami,Office Supplies,Paper,730.02,3,259.26
CA-2017-105562,06-08-2015,Customer_253,Central,New York,Chicago,Technology,Accessories,494.71,1,-77.65
CA-2018-105563,28-04-2018,Customer_209,West,Florida,Houston,Technology,Phones,30.3,3,-49.83
CA-2015-105564,04-03-2015,Customer_27,South,Florida,New York City,Technology,Copiers,696.37,1,73.59
CA-2016-105565,07-05-2018,Customer_199,Central,Texas,Houston,Office Supplies,Storage,354.61,4,268.68
CA-2017-105566,01-08-2017,Customer_397,West,California,Miami,Office Supplies,Paper,267.31,6,-60.89
CA-2018-105567,05-09-2016,Customer_291,West,Florida,Los Angeles,Technology,Copiers,369.28,8,148.01
CA-2015-105568,28-11-2017,Customer_265,Central,Florida,Chicago,Office Supplies,Paper,750.61,8,21.99
CA-2016-105569,03-04-2016,Customer_59,West,Illinois,Chicago,Office Supplies,Storage,681.37,1,52.93
CA-2017-105570,18-07-2018,Customer_486,East,Illinois,Chicago,Technology,Copiers,272.53,2,192.57
CA-2018-105571,18-12-2017,Customer_284,East,Florida,Los Angeles,Furniture,Bookcases,681.4,2,280.6
CA-2015-105572,17-11-2016,Customer_167,Central,Florida,Miami,Office Supplies,Storage,462.44,6,-0.04
CA-2016-105573,11-07-2015,Customer_328,East,Illinois,Houston,Furniture,Tables,145.24,8,12.2
CA-2017-105574,17-06-2016,Customer_191,East,New York,Miami,Furniture,Tables,351.13,2,-22.81
CA-2018-105575,10-05-2017,Customer_230,West,California,New York City,Office Supplies,Storage,636.54,1,220.9
CA-2015-105576,29-11-2017,Customer_475,Central,Illinois,New York City,Office Supplies,Paper,380.05,4,-77.55
CA-2016-105577,26-10-2016,Customer_140,South,Texas,Los Angeles,Office Supplies,Storage,687.48,9,191.93
CA-2017-105578,29-11-2016,Customer_421,South,Illinois,Los Angeles,Office Supplies,Paper,134.12,2,4.07
CA-2018-105579,16-10-2018,Customer_76,East,Illinois,Houston,Technology,Phones,222.98,6,127.22
CA-2015-105580,26-03-2016,Customer_270,West,New York,Houston,Technology,Copiers,784.85,10,-35.1
CA-2016-105581,06-07-2017,Customer_256,South,Texas,Los Angeles,Technology,Copiers,391.62,1,110.93
CA-2017-105582,04-08-2016,Customer_304,Central,Texas,Miami,Furniture,Tables,571.24,7,94.73
CA-2018-105583,16-03-2017,Customer_228,Central,New York,Houston,Technology,Copiers,195.18,3,17.49
CA-2015-105584,06-07-2015,Customer_195,Central,Illinois,Miami,Office Supplies,Paper,227.32,1,7.06
CA-2016-105585,03-07-2018,Customer_259,West,Texas,Los Angeles,Technology,Accessories,11.42,2,32.81
CA-2017-105586,27-09-2017,Customer_276,West,California,New York City,Office Supplies,Binders,150.26,2,152.22
CA-2018-105587,06-05-2016,Customer_397,West,Texas,Chicago,Furniture,Tables,858.18,2,204.76
CA-2015-105588,28-12-2016,Customer_158,East,Florida,Chicago,Furniture,Chairs,817.43,4,189.36
CA-2016-105589,22-08-2015,Customer_381,Central,New York,Chicago,Technology,Accessories,763.59,6,246.75
CA-2017-105590,19-06-2017,Customer_224,South,Texas,Miami,Technology,Accessories,38.74,1,54.05
CA-2018-105591,19-12-2018,Customer_384,East,New York,Chicago,Office Supplies,Paper,709.81,8,178.4
CA-2015-105592,29-08-2016,Customer_134,East,Florida,Houston,Furniture,Chairs,655.76,5,126.28
CA-2016-105593,22-09-2018,Customer_305,Central,California,Chicago,Furniture,Tables,922.53,6,-7.96
CA-2017-105594,21-01-2016,Customer_474,South,New York,Chicago,Furniture,Bookcases,587.37,5,11.99
CA-2018-105595,17-09-2018,Customer_3,Central,Florida,Miami,Office Supplies,Binders,137.83,5,-27.96
CA-2015-105596,26-02-2017,Customer_52,Central,Illinois,New York City,Technology,Phones,361.21,7,240.28
CA-2016-105597,10-03-2018,Customer_398,West,New York,Los Angeles,Furniture,Bookcases,906.37,8,154.14
CA-2017-105598,25-01-2016,Customer_382,East,Texas,Miami,Furniture,Tables,647.94,7,-25.3
CA-2018-105599,10-03-2017,Customer_345,South,New York,Miami,Technology,Phones,207.69,3,282.47
CA-2015-105600,20-11-2018,Customer_396,West,California,New York City,Furniture,Bookcases,505.52,4,267.5
CA-2016-105601,23-01-2015,Customer_371,East,Florida,Los Angeles,Office Supplies,Binders,528.21,1,-45.79
CA-2017-105602,03-08-2015,Customer_190,East,Texas,New York City,Furniture,Chairs,855.12,7,176.38
CA-2018-105603,23-06-2015,Customer_486,West,Texas,New York City,Furniture,Chairs,654.31,7,233.38
CA-2015-105604,29-01-2018,Customer_185,South,Texas,Miami,Technology,Phones,812.49,2,143.32
CA-2016-105605,20-11-2018,Customer_350,Central,Texas,Houston,Furniture,Chairs,426.64,1,14.74
CA-2017-105606,20-10-2015,Customer_152,South,California,Chicago,Technology,Accessories,53.51,10,92.95
CA-2018-105607,13-10-2018,Customer_172,Central,Illinois,Houston,Office Supplies,Paper,387.03,1,-12.09
CA-2015-105608,13-12-2017,Customer_43,East,New York,New York City,Office Supplies,Storage,198.82,10,150.74
CA-2016-105609,22-03-2016,Customer_1,South,Texas,Los Angeles,Technology,Phones,259.12,9,62.29
CA-2017-105610,14-03-2016,Customer_227,West,Illinois,Miami,Furniture,Bookcases,882.13,8,136.35
CA-2018-105611,22-06-2016,Customer_226,Central,Texas,Houston,Furniture,Bookcases,324.93,5,77.73
CA-2015-105612,16-02-2018,Customer_329,East,California,Chicago,Technology,Copiers,226.71,9,-28.52
CA-2016-105613,18-03-2015,Customer_337,South,Texas,Chicago,Furniture,Chairs,271.35,3,76.14
CA-2017-105614,09-08-2018,Customer_94,West,California,Houston,Furniture,Bookcases,257.15,1,-45.59
CA-2018-105615,02-06-2018,Customer_35,Central,California,Los Angeles,Office Supplies,Binders,309.25,3,289.57
CA-2015-105616,23-01-2016,Customer_410,Central,California,New York City,Technology,Phones,556.78,3,157.04
CA-2016-105617,18-02-2017,Customer_64,East,Illinois,New York City,Furniture,Bookcases,973.14,9,213.32
CA-2017-105618,03-11-2017,Customer_407,West,Texas,Miami,Technology,Accessories,906.29,9,32.71
CA-2018-105619,14-11-2015,Customer_5,East,California,Miami,Technology,Phones,789.65,4,290.93
CA-2015-105620,17-05-2016,Customer_289,South,California,Chicago,Furniture,Chairs,688.82,5,237.14
CA-2016-105621,11-11-2017,Customer_320,Central,Florida,Chicago,Office Supplies,Storage,109.17,5,243.54
CA-2017-105622,06-11-2016,Customer_236,West,California,Miami,Furniture,Bookcases,66.39,1,-2.84
CA-2018-105623,20-06-2017,Customer_416,Central,Illinois,Miami,Technology,Accessories,251.68,2,265.44
CA-2015-105624,28-07-2015,Customer_66,Central,California,Los Angeles,Technology,Copiers,848.38,10,0.69
CA-2016-105625,15-04-2015,Customer_100,Central,California,Miami,Technology,Copiers,46.03,1,-78.2
CA-2017-105626,12-09-2015,Customer_135,South,New York,Miami,Office Supplies,Paper,805.29,1,-68.04
CA-2018-105627,24-12-2018,Customer_248,South,Illinois,New York City,Office Supplies,Binders,291.55,3,17.53
CA-2015-105628,06-10-2015,Customer_191,West,Texas,Chicago,Technology,Accessories,296.6,10,69.36
CA-2016-105629,29-10-2016,Customer_150,East,Illinois,Miami,Office Supplies,Storage,449.04,9,157.34
CA-2017-105630,25-04-2015,Customer_440,East,New York,Chicago,Furniture,Tables,647.67,4,-89.16
CA-2018-105631,25-05-2018,Customer_393,East,Illinois,Chicago,Furniture,Tables,164.68,1,219.25
CA-2015-105632,31-05-2017,Customer_66,East,Florida,Miami,Technology,Phones,198.33,4,-66.09
CA-2016-105633,25-07-2015,Customer_58,South,Florida,Miami,Office Supplies,Storage,749.94,1,56.36
CA-2017-105634,11-08-2017,Customer_155,South,Texas,Chicago,Office Supplies,Storage,533.83,2,-40.59
CA-2018-105635,08-07-2018,Customer_306,West,Texas,New York City,Technology,Copiers,125.29,7,-82.51
CA-2015-105636,08-06-2015,Customer_8,South,New York,Houston,Furniture,Bookcases,120.66,5,224.27
CA-2016-105637,20-01-2016,Customer_317,South,Texas,Houston,Office Supplies,Storage,684.88,8,28.76
CA-2017-105638,25-11-2016,Customer_299,Central,California,Houston,Office Supplies,Paper,437.34,6,16.13
CA-2018-105639,24-08-2018,Customer_171,South,New York,New York City,Technology,Phones,195.17,1,287.78
CA-2015-105640,26-11-2016,Customer_44,Central,Illinois,Miami,Technology,Accessories,520.81,5,174.87
CA-2016-105641,28-03-2018,Customer_38,South,Illinois,Chicago,Technology,Phones,991.77,3,253.37
CA-2017-105642,22-04-2016,Customer_403,East,Texas,New York City,Technology,Accessories,255.23,8,205.65
CA-2018-105643,15-09-2015,Customer_234,South,Florida,New York City,Office Supplies,Binders,322.91,10,132.9
CA-2015-105644,15-03-2017,Customer_73,West,Texas,Chicago,Office Supplies,Paper,18.5,2,8.79
CA-2016-105645,18-07-2018,Customer_314,West,Texas,New York City,Office Supplies,Paper,686.95,7,199.92
CA-2017-105646,15-02-2018,Customer_476,South,Florida,Miami,Technology,Phones,152.65,8,153.29
CA-2018-105647,22-05-2017,Customer_161,South,Florida,Houston,Office Supplies,Storage,159.72,3,62.18
CA-2015-105648,25-11-2015,Customer_365,Central,Illinois,Chicago,Furniture,Bookcases,118.2,4,106.33
CA-2016-105649,28-06-2018,Customer_203,West,California,Chicago,Office Supplies,Storage,236.92,6,74.16
CA-2017-105650,11-01-2018,Customer_307,West,Texas,Los Angeles,Technology,Accessories,479.47,3,123.61
CA-2018-105651,02-05-2016,Customer_487,South,Texas,Los Angeles,Office Supplies,Paper,660.87,4,-36.31
CA-2015-105652,17-07-2018,Customer_259,East,New York,New York City,Furniture,Bookcases,337.65,7,-72.43
CA-2016-105653,17-11-2015,Customer_3,Central,Illinois,Los Angeles,Technology,Copiers,880.77,10,-35.3
CA-2017-105654,28-06-2016,Customer_264,South,New York,Houston,Office Supplies,Paper,842.77,2,-38.27
CA-2018-105655,14-12-2015,Customer_23,West,New York,New York City,Office Supplies,Storage,240.16,1,-26.55
CA-2015-105656,03-07-2017,Customer_20,West,Florida,New York City,Furniture,Tables,442.05,2,212.23
CA-2016-105657,10-09-2016,Customer_230,South,Illinois,New York City,Technology,Phones,697.58,7,22.68
CA-2017-105658,07-08-2015,Customer_441,Central,Texas,Miami,Technology,Accessories,30.84,5,118.11
CA-2018-105659,04-06-2017,Customer_197,East,Florida,Houston,Technology,Copiers,544.16,6,-88.89
CA-2015-105660,11-01-2016,Customer_479,Central,Texas,Miami,Office Supplies,Paper,290.11,6,95.6
CA-2016-105661,10-01-2017,Customer_216,South,Florida,Miami,Furniture,Tables,844.29,7,25.83
CA-2017-105662,30-04-2017,Customer_267,South,New York,Miami,Technology,Phones,726.07,8,179.22
CA-2018-105663,27-01-2015,Customer_202,South,Florida,Houston,Office Supplies,Binders,647.56,6,188.17
CA-2015-105664,12-04-2016,Customer_362,South,New York,New York City,Technology,Copiers,535.02,9,-63.48
CA-2016-105665,08-07-2017,Customer_454,West,Florida,Chicago,Technology,Accessories,48.9,7,-30.69
CA-2017-105666,02-11-2016,Customer_196,South,Florida,Los Angeles,Technology,Phones,681.01,8,166.56
CA-2018-105667,26-02-2018,Customer_155,East,Florida,Los Angeles,Technology,Accessories,220.9,6,-87.87
CA-2015-105668,03-05-2017,Customer_292,South,Illinois,Miami,Technology,Phones,189.81,3,84.78
CA-2016-105669,25-11-2018,Customer_332,East,Florida,Miami,Office Supplies,Paper,126.09,10,91.27
CA-2017-105670,26-02-2017,Customer_113,South,Texas,Miami,Technology,Phones,910.43,4,-68.24
CA-2018-105671,14-05-2015,Customer_480,West,New York,Miami,Technology,Copiers,636.77,7,58.84
CA-2015-105672,29-08-2017,Customer_26,South,California,Los Angeles,Technology,Accessories,481.39,3,125.39
CA-2016-105673,09-01-2019,Customer_40,East,Florida,Miami,Office Supplies,Paper,114.69,4,-68.17
CA-2017-105674,10-03-2017,Customer_267,East,New York,Los Angeles,Furniture,Bookcases,998.89,6,264.49
CA-2018-105675,19-02-2017,Customer_219,West,New York,New York City,Furniture,Tables,700.1,8,-24.34
CA-2015-105676,17-12-2018,Customer_358,East,California,Houston,Technology,Copiers,749.95,3,-73.25
CA-2016-105677,01-02-2019,Customer_475,South,Florida,Miami,Technology,Copiers,556.48,5,269.78
CA-2017-105678,26-07-2017,Customer_65,South,Texas,New York City,Office Supplies,Storage,718.37,1,181.66
CA-2018-105679,27-01-2015,Customer_324,East,California,Miami,Office Supplies,Paper,597.81,10,168.86
CA-2015-105680,22-08-2018,Customer_470,East,Illinois,Miami,Furniture,Bookcases,747.83,5,24.83
CA-2016-105681,22-03-2015,Customer_223,South,California,Houston,Furniture,Chairs,937.32,7,37.04
CA-2017-105682,11-11-2017,Customer_352,Central,New York,Los Angeles,Furniture,Bookcases,173.84,1,131.83
CA-2018-105683,03-06-2018,Customer_442,South,California,New York City,Furniture,Tables,32.1,5,47.5
CA-2015-105684,15-06-2017,Customer_13,East,Florida,Houston,Office Supplies,Paper,865.39,6,-38.07
CA-2016-105685,27-03-2016,Customer_18,East,Florida,Houston,Furniture,Tables,506.43,7,-54.81
CA-2017-105686,18-05-2018,Customer_240,South,Florida,Chicago,Furniture,Tables,524.46,9,114.57
CA-2018-105687,13-04-2015,Customer_190,West,Illinois,Los Angeles,Furniture,Chairs,518.34,6,-32.78
CA-2015-105688,06-05-2018,Customer_9,West,Illinois,Chicago,Office Supplies,Binders,658.85,4,100.01
CA-2016-105689,09-10-2015,Customer_248,Central,California,Los Angeles,Furniture,Chairs,420.76,5,193.67
CA-2017-105690,05-04-2017,Customer_97,East,Texas,Los Angeles,Office Supplies,Binders,431.43,6,179.16
CA-2018-105691,06-12-2015,Customer_271,South,Texas,Houston,Furniture,Chairs,750.98,5,206.71
CA-2015-105692,18-01-2019,Customer_361,West,California,Miami,Office Supplies,Binders,511.86,1,123.79
CA-2016-105693,28-07-2016,Customer_135,West,New York,Miami,Office Supplies,Binders,917.27,1,-8.55
CA-2017-105694,14-06-2016,Customer_145,East,Texas,Houston,Office Supplies,Storage,188.74,2,-48.25
CA-2018-105695,25-01-2016,Customer_82,South,Florida,Miami,Furniture,Tables,725.14,1,158.14
CA-2015-105696,26-03-2017,Customer_13,South,New York,Houston,Office Supplies,Paper,387.57,1,145.61
CA-2016-105697,23-06-2016,Customer_21,Central,New York,New York City,Furniture,Bookcases,481.49,9,201.75
CA-2017-105698,07-12-2015,Customer_225,West,New York,Miami,Furniture,Tables,155.29,7,32.76
CA-2018-105699,29-03-2016,Customer_402,West,Illinois,Chicago,Technology,Accessories,829.32,5,-9.1
CA-2015-105700,23-07-2016,Customer_484,South,Texas,New York City,Technology,Copiers,711.43,3,95.03
CA-2016-105701,09-08-2016,Customer_316,West,New York,Los Angeles,Technology,Accessories,41.37,1,-33.47
CA-2017-105702,28-02-2015,Customer_41,West,New York,Los Angeles,Office Supplies,Paper,168.43,8,217.33
CA-2018-105703,07-08-2018,Customer_350,East,Illinois,New York City,Technology,Phones,921.25,3,48.51
CA-2015-105704,01-04-2015,Customer_323,Central,Illinois,Los Angeles,Furniture,Chairs,870.32,8,58.65
CA-2016-105705,26-12-2018,Customer_57,East,Illinois,Chicago,Furniture,Tables,602.24,1,100.85
CA-2017-105706,19-01-2017,Customer_15,Central,Texas,Houston,Office Supplies,Storage,67.57,4,169.93
CA-2018-105707,28-03-2016,Customer_114,East,Texas,Miami,Office Supplies,Storage,539.93,6,244.41
CA-2015-105708,09-02-2016,Customer_329,Central,Florida,New York City,Furniture,Bookcases,128.67,8,251.2
CA-2016-105709,18-10-2016,Customer_469,South,California,New York City,Office Supplies,Storage,653.98,8,247.1
CA-2017-105710,11-01-2019,Customer_133,East,Illinois,Chicago,Office Supplies,Binders,580.51,3,102.9
CA-2018-105711,23-06-2015,Customer_392,South,Illinois,New York City,Furniture,Chairs,262.4,3,98.3
CA-2015-105712,28-03-2016,Customer_403,East,California,Los Angeles,Furniture,Bookcases,673.26,9,232.81
CA-2016-105713,24-11-2018,Customer_299,Central,California,Chicago,Technology,Phones,599.02,4,195.73
CA-2017-105714,13-10-2017,Customer_4,South,Texas,Los Angeles,Technology,Copiers,607.56,9,-47.49
CA-2018-105715,14-12-2017,Customer_301,East,California,Miami,Furniture,Tables,216.87,7,125.33
CA-2015-105716,08-05-2017,Customer_335,West,New York,New York City,Office Supplies,Binders,585.1,7,149.2
CA-2016-105717,01-02-2016,Customer_468,South,Illinois,Houston,Technology,Phones,702.85,1,149.18
CA-2017-105718,09-12-2016,Customer_63,East,California,Miami,Office Supplies,Storage,677.34,4,142.22
CA-2018-105719,07-02-2016,Customer_419,Central,Texas,Houston,Office Supplies,Binders,650.07,8,76.03
CA-2015-105720,08-12-2018,Customer_331,West,Texas,New York City,Technology,Copiers,889.77,5,4.99
CA-2016-105721,28-03-2016,Customer_63,Central,California,Chicago,Technology,Copiers,345.25,8,9.12
CA-2017-105722,20-08-2018,Customer_432,East,Florida,Los Angeles,Furniture,Chairs,248.03,1,275.07
CA-2018-105723,01-01-2016,Customer_417,Central,Florida,Houston,Office Supplies,Paper,53.7,10,-86.27
CA-2015-105724,15-02-2015,Customer_409,West,New York,Houston,Office Supplies,Paper,959.5,10,282.41
CA-2016-105725,06-12-2015,Customer_499,East,Texas,Los Angeles,Furniture,Bookcases,98.25,1,194.2
CA-2017-105726,21-01-2018,Customer_185,East,Florida,Los Angeles,Furniture,Chairs,802.75,8,64.84
CA-2018-105727,03-09-2017,Customer_313,East,Texas,Chicago,Furniture,Chairs,531.28,4,118.61
CA-2015-105728,11-05-2015,Customer_130,Central,California,Houston,Technology,Phones,401.6,1,45.6
CA-2016-105729,31-01-2016,Customer_477,Central,Texas,Miami,Technology,Phones,138.29,4,187.38
CA-2017-105730,08-12-2016,Customer_428,East,Florida,Houston,Furniture,Chairs,682.96,3,247.3
CA-2018-105731,12-06-2016,Customer_281,West,New York,Houston,Technology,Accessories,226.41,4,170.51
CA-2015-105732,10-02-2015,Customer_131,West,Florida,New York City,Office Supplies,Storage,283.33,8,208.09
CA-2016-105733,21-11-2016,Customer_206,East,California,Chicago,Furniture,Tables,769.52,3,228.79
CA-2017-105734,29-10-2016,Customer_469,South,California,Los Angeles,Technology,Accessories,895.73,9,105.64
CA-2018-105735,15-06-2016,Customer_120,Central,New York,Chicago,Furniture,Bookcases,638.81,6,85.0
CA-2015-105736,26-09-2015,Customer_114,South,Florida,Los Angeles,Office Supplies,Binders,108.82,2,133.58
CA-2016-105737,16-04-2018,Customer_297,Central,Illinois,New York City,Technology,Copiers,55.46,5,-2.38
CA-2017-105738,23-11-2015,Customer_375,West,California,Chicago,Office Supplies,Binders,506.42,6,-39.45
CA-2018-105739,25-12-2018,Customer_434,East,California,Miami,Technology,Phones,337.29,7,69.06
CA-2015-105740,08-08-2018,Customer_376,East,Florida,Los Angeles,Furniture,Bookcases,932.49,2,125.94
CA-2016-105741,12-05-2018,Customer_449,Central,California,Chicago,Technology,Copiers,206.4,4,204.33
CA-2017-105742,23-06-2016,Customer_370,Central,Florida,Los Angeles,Office Supplies,Storage,399.05,7,107.21
CA-2018-105743,12-09-2015,Customer_329,West,Illinois,Miami,Technology,Accessories,435.48,10,53.92
CA-2015-105744,09-02-2015,Customer_118,East,Florida,Chicago,Furniture,Chairs,591.23,2,293.87
CA-2016-105745,08-01-2016,Customer_495,Central,New York,Los Angeles,Technology,Accessories,53.72,3,42.09
CA-2017-105746,24-10-2015,Customer_336,Central,Texas,Los Angeles,Furniture,Bookcases,489.37,8,260.49
CA-2018-105747,16-04-2016,Customer_175,South,Illinois,Los Angeles,Furniture,Bookcases,46.99,2,-70.55
CA-2015-105748,10-02-2017,Customer_430,West,Texas,Chicago,Furniture,Chairs,368.95,4,54.0
CA-2016-105749,13-11-2018,Customer_27,West,Florida,Miami,Technology,Accessories,620.19,8,93.75
CA-2017-105750,01-05-2018,Customer_26,South,Illinois,Miami,Furniture,Chairs,463.11,6,206.56
CA-2018-105751,05-12-2016,Customer_176,West,New York,Chicago,Office Supplies,Storage,74.43,4,227.45
CA-2015-105752,06-05-2018,Customer_199,South,Texas,Miami,Furniture,Tables,503.98,10,281.14
CA-2016-105753,12-05-2018,Customer_89,Central,Texas,Miami,Furniture,Bookcases,281.72,10,269.37
CA-2017-105754,01-02-2016,Customer_294,Central,Texas,Chicago,Technology,Accessories,418.28,1,9.31
CA-2018-105755,12-05-2016,Customer_423,West,New York,Chicago,Furniture,Chairs,457.72,1,63.48
CA-2015-105756,07-03-2016,Customer_6,West,New York,Houston,Furniture,Bookcases,419.19,10,276.07
CA-2016-105757,23-01-2019,Customer_317,South,Florida,New York City,Furniture,Chairs,972.08,2,-44.97
CA-2017-105758,25-06-2016,Customer_390,West,California,Miami,Technology,Copiers,93.13,5,236.34
CA-2018-105759,24-08-2015,Customer_166,Central,Texas,Houston,Furniture,Chairs,629.79,10,32.4
CA-2015-105760,09-05-2016,Customer_51,Central,Illinois,Chicago,Furniture,Bookcases,827.76,8,66.23
CA-2016-105761,23-06-2015,Customer_189,East,Texas,Los Angeles,Furniture,Bookcases,694.26,5,216.29
CA-2017-105762,22-08-2018,Customer_85,West,Illinois,Houston,Office Supplies,Storage,399.8,8,-59.8
CA-2018-105763,19-02-2016,Customer_443,West,Texas,Houston,Technology,Copiers,258.51,2,235.39
CA-2015-105764,24-08-2016,Customer_92,East,Illinois,New York City,Furniture,Tables,878.37,8,299.56
CA-2016-105765,07-05-2017,Customer_9,West,California,Los Angeles,Furniture,Bookcases,808.84,4,-32.51
CA-2017-105766,24-09-2018,Customer_431,Central,Texas,Houston,Furniture,Tables,547.62,9,-84.77
CA-2018-105767,04-11-2017,Customer_403,South,Florida,Chicago,Technology,Copiers,796.66,6,-89.59
CA-2015-105768,14-01-2016,Customer_42,West,Illinois,New York City,Technology,Copiers,124.48,4,93.56
CA-2016-105769,22-05-2018,Customer_371,East,New York,Los Angeles,Technology,Copiers,271.87,5,55.7
CA-2017-105770,11-01-2019,Customer_44,South,Florida,Chicago,Furniture,Tables,571.92,8,212.89
CA-2018-105771,13-01-2018,Customer_248,South,Illinois,Los Angeles,Furniture,Chairs,984.25,3,108.49
CA-2015-105772,21-12-2016,Customer_129,East,New York,Miami,Technology,Phones,65.4,8,48.24
CA-2016-105773,05-01-2019,Customer_114,South,Florida,New York City,Technology,Copiers,594.95,7,-50.58
CA-2017-105774,15-01-2015,Customer_455,West,Texas,Los Angeles,Office Supplies,Paper,459.22,2,118.25
CA-2018-105775,25-06-2015,Customer_350,West,Florida,Chicago,Furniture,Chairs,406.97,8,-51.89
CA-2015-105776,23-08-2016,Customer_415,South,Texas,Chicago,Office Supplies,Storage,500.73,10,170.2
CA-2016-105777,11-04-2018,Customer_197,East,Texas,Houston,Furniture,Tables,91.86,5,19.39
CA-2017-105778,12-09-2015,Customer_111,South,Illinois,Miami,Technology,Phones,108.66,5,176.33
CA-2018-105779,02-02-2016,Customer_280,South,Illinois,Miami,Office Supplies,Storage,435.55,7,20.46
CA-2015-105780,04-05-2018,Customer_228,West,California,Houston,Furniture,Bookcases,454.13,2,48.25
CA-2016-105781,28-02-2015,Customer_216,West,Illinois,Chicago,Office Supplies,Binders,60.6,4,165.74
CA-2017-105782,23-05-2018,Customer_34,West,Illinois,Miami,Office Supplies,Paper,493.37,10,185.98
CA-2018-105783,08-03-2016,Customer_354,West,Florida,Los Angeles,Furniture,Bookcases,542.18,2,166.7
CA-2015-105784,13-08-2017,Customer_181,East,California,Miami,Technology,Accessories,276.69,6,66.89
CA-2016-105785,02-05-2017,Customer_36,East,Florida,Miami,Technology,Accessories,254.65,9,297.98
CA-2017-105786,17-07-2015,Customer_494,Central,California,Chicago,Technology,Accessories,935.67,8,110.92
CA-2018-105787,08-05-2018,Customer_105,South,Illinois,Chicago,Technology,Copiers,637.1,5,-11.29
CA-2015-105788,26-12-2015,Customer_485,South,California,Chicago,Technology,Copiers,962.48,7,156.41
CA-2016-105789,17-01-2019,Customer_479,South,New York,Miami,Technology,Phones,931.82,6,45.9
CA-2017-105790,26-11-2017,Customer_98,Central,Florida,Chicago,Technology,Phones,97.39,10,-64.88
CA-2018-105791,31-05-2016,Customer_63,West,Texas,Chicago,Technology,Copiers,308.43,9,9.87
CA-2015-105792,10-07-2016,Customer_186,Central,New York,Miami,Office Supplies,Binders,735.22,4,119.58
CA-2016-105793,30-05-2018,Customer_205,South,Texas,Chicago,Office Supplies,Paper,522.84,8,216.59
CA-2017-105794,05-01-2015,Customer_323,East,California,Miami,Office Supplies,Binders,584.6,8,169.29
CA-2018-105795,08-11-2018,Customer_89,East,California,New York City,Furniture,Chairs,26.45,9,-8.04
CA-2015-105796,21-10-2017,Customer_137,West,New York,Chicago,Technology,Accessories,690.97,9,129.36
CA-2016-105797,07-02-2015,Customer_338,South,California,Chicago,Office Supplies,Paper,944.55,5,-52.59
CA-2017-105798,03-02-2017,Customer_345,West,Illinois,Houston,Furniture,Chairs,812.36,9,119.44
CA-2018-105799,20-05-2018,Customer_294,West,Illinois,Houston,Furniture,Bookcases,244.96,5,35.4
CA-2015-105800,15-03-2018,Customer_181,Central,Florida,New York City,Technology,Accessories,479.81,5,-90.8
CA-2016-105801,02-02-2017,Customer_489,South,New York,Los Angeles,Technology,Accessories,469.97,6,276.67
CA-2017-105802,14-02-2015,Customer_195,Central,New York,Chicago,Technology,Phones,849.72,4,262.68
CA-2018-105803,10-08-2017,Customer_5,South,Illinois,Houston,Furniture,Bookcases,998.36,2,168.75
CA-2015-105804,09-01-2019,Customer_55,East,Illinois,New York City,Furniture,Bookcases,46.49,5,92.8
CA-2016-105805,27-03-2018,Customer_164,West,California,Los Angeles,Furniture,Tables,213.33,3,179.82
CA-2017-105806,27-07-2017,Customer_204,East,New York,Los Angeles,Office Supplies,Paper,272.54,3,215.99
CA-2018-105807,11-02-2017,Customer_380,Central,Illinois,New York City,Technology,Copiers,202.86,6,6.22
CA-2015-105808,13-04-2017,Customer_299,West,Florida,Chicago,Furniture,Chairs,614.3,3,58.84
CA-2016-105809,28-12-2016,Customer_319,Central,New York,Chicago,Technology,Accessories,634.19,7,102.97
CA-2017-105810,17-09-2018,Customer_240,Central,Texas,Miami,Office Supplies,Storage,812.28,6,193.78
CA-2018-105811,11-02-2018,Customer_311,South,New York,New York City,Technology,Accessories,262.18,9,145.09
CA-2015-105812,24-09-2018,Customer_360,Central,California,New York City,Technology,Copiers,221.95,9,148.98
CA-2016-105813,05-09-2017,Customer_30,Central,New York,Chicago,Furniture,Chairs,853.03,10,240.18
CA-2017-105814,27-09-2015,Customer_365,Central,California,Los Angeles,Office Supplies,Storage,389.3,6,-58.8
CA-2018-105815,05-02-2016,Customer_352,West,Texas,Los Angeles,Office Supplies,Paper,729.66,5,-19.21
CA-2015-105816,30-10-2017,Customer_443,South,Illinois,Los Angeles,Technology,Phones,73.16,10,121.61
CA-2016-105817,08-09-2018,Customer_206,East,Texas,New York City,Office Supplies,Binders,456.26,6,292.32
CA-2017-105818,10-08-2018,Customer_345,East,Florida,Chicago,Office Supplies,Paper,602.22,10,130.43
CA-2018-105819,19-01-2019,Customer_219,South,Illinois,Los Angeles,Office Supplies,Paper,925.2,2,-93.7
CA-2015-105820,13-11-2016,Customer_396,Central,Texas,Los Angeles,Technology,Accessories,781.57,10,140.58
CA-2016-105821,29-10-2016,Customer_251,Central,Texas,Houston,Furniture,Bookcases,810.03,5,10.1
CA-2017-105822,19-04-2018,Customer_243,Central,Florida,Chicago,Technology,Accessories,261.6,7,-27.29
CA-2018-105823,14-02-2016,Customer_161,West,Texas,New York City,Furniture,Tables,437.44,2,228.01
CA-2015-105824,27-08-2017,Customer_341,South,California,Houston,Technology,Accessories,253.36,7,232.8
CA-2016-105825,09-06-2015,Customer_51,Central,California,New York City,Furniture,Chairs,345.25,3,237.08
CA-2017-105826,07-09-2016,Customer_283,East,Texas,Houston,Furniture,Bookcases,583.02,7,172.65
CA-2018-105827,24-05-2018,Customer_95,Central,New York,Chicago,Technology,Accessories,386.32,9,17.82
CA-2015-105828,13-07-2018,Customer_256,West,New York,Miami,Furniture,Chairs,346.59,7,147.35
CA-2016-105829,13-07-2018,Customer_500,South,New York,Houston,Office Supplies,Storage,543.91,7,6.07
CA-2017-105830,29-06-2016,Customer_335,East,California,New York City,Office Supplies,Storage,453.14,4,58.66
CA-2018-105831,09-03-2017,Customer_313,Central,New York,Houston,Furniture,Chairs,344.89,5,116.85
CA-2015-105832,23-06-2018,Customer_74,South,Florida,New York City,Technology,Copiers,552.88,7,-33.53
CA-2016-105833,15-08-2017,Customer_174,East,Texas,Los Angeles,Technology,Accessories,372.29,1,236.69
CA-2017-105834,02-07-2018,Customer_386,South,California,Los Angeles,Office Supplies,Binders,737.99,6,238.0
CA-2018-105835,21-01-2017,Customer_290,West,Illinois,Houston,Furniture,Bookcases,370.71,8,-26.81
CA-2015-105836,07-01-2018,Customer_415,East,California,New York City,Furniture,Bookcases,373.65,8,206.13
CA-2016-105837,28-04-2017,Customer_22,South,Texas,Miami,Office Supplies,Binders,289.3,7,225.04
CA-2017-105838,26-02-2017,Customer_454,Central,Texas,Houston,Office Supplies,Storage,923.11,3,276.88
CA-2018-105839,05-11-2016,Customer_344,South,Florida,Miami,Technology,Copiers,728.62,5,5.99
CA-2015-105840,26-04-2018,Customer_492,East,New York,Miami,Furniture,Tables,277.69,6,156.63
CA-2016-105841,30-08-2016,Customer_68,Central,New York,Miami,Office Supplies,Binders,44.82,10,210.54
CA-2017-105842,17-05-2015,Customer_323,West,California,Houston,Furniture,Tables,941.23,5,11.41
CA-2018-105843,26-09-2017,Customer_247,Central,California,Chicago,Furniture,Bookcases,407.28,2,-49.05
CA-2015-105844,04-05-2015,Customer_151,East,California,Chicago,Furniture,Bookcases,863.57,7,106.7
CA-2016-105845,20-02-2016,Customer_350,South,California,Miami,Technology,Copiers,128.52,7,136.24
CA-2017-105846,04-03-2016,Customer_154,Central,California,Chicago,Technology,Phones,233.57,1,39.88
CA-2018-105847,28-06-2015,Customer_333,East,Florida,Los Angeles,Furniture,Bookcases,376.52,8,59.14
CA-2015-105848,17-03-2018,Customer_192,South,Illinois,Houston,Technology,Copiers,445.78,7,145.78
CA-2016-105849,07-05-2017,Customer_381,West,Texas,Los Angeles,Technology,Accessories,818.26,2,232.5
CA-2017-105850,22-09-2018,Customer_388,East,Texas,New York City,Technology,Copiers,853.68,8,-82.62
CA-2018-105851,23-11-2015,Customer_479,Central,New York,Los Angeles,Office Supplies,Paper,764.64,5,58.5
CA-2015-105852,14-10-2018,Customer_341,East,Illinois,Los Angeles,Technology,Accessories,26.15,7,139.96
CA-2016-105853,12-05-2017,Customer_39,South,Texas,New York City,Technology,Accessories,104.96,4,-35.77
CA-2017-105854,02-02-2019,Customer_462,East,New York,Miami,Office Supplies,Storage,795.74,8,-36.33
CA-2018-105855,09-01-2018,Customer_78,South,Texas,Los Angeles,Office Supplies,Paper,881.3,3,-19.29
CA-2015-105856,23-11-2017,Customer_313,South,Texas,Los Angeles,Office Supplies,Binders,859.33,3,49.65
CA-2016-105857,05-10-2016,Customer_271,East,New York,Chicago,Technology,Phones,898.05,2,293.7
CA-2017-105858,26-01-2016,Customer_1,South,New York,New York City,Technology,Accessories,194.77,8,31.34
CA-2018-105859,27-04-2018,Customer_349,West,Florida,Houston,Technology,Accessories,627.89,3,250.54
CA-2015-105860,18-06-2016,Customer_369,East,Texas,Miami,Furniture,Tables,320.01,9,60.14
CA-2016-105861,13-08-2015,Customer_104,East,Florida,Miami,Office Supplies,Storage,699.23,3,219.17
CA-2017-105862,18-03-2016,Customer_117,South,Texas,Los Angeles,Furniture,Bookcases,430.02,9,215.43
CA-2018-105863,29-11-2018,Customer_190,West,Illinois,New York City,Furniture,Chairs,920.67,10,-76.59
CA-2015-105864,03-10-2018,Customer_410,Central,Texas,New York City,Technology,Accessories,874.35,8,277.57
CA-2016-105865,24-04-2016,Customer_493,Central,New York,Houston,Technology,Copiers,885.94,7,264.24
CA-2017-105866,01-10-2016,Customer_120,East,Illinois,Houston,Technology,Copiers,573.18,2,-75.63
CA-2018-105867,16-06-2018,Customer_179,West,New York,Miami,Office Supplies,Storage,946.06,4,58.97
CA-2015-105868,27-12-2018,Customer_180,West,California,Miami,Office Supplies,Binders,226.77,3,62.88
CA-2016-105869,26-02-2015,Customer_297,South,Florida,New York City,Office Supplies,Binders,173.71,3,154.58
CA-2017-105870,06-07-2016,Customer_482,West,Florida,New York City,Furniture,Bookcases,932.06,1,60.68
CA-2018-105871,03-04-2015,Customer_140,West,Florida,New York City,Furniture,Tables,48.61,1,285.81
CA-2015-105872,14-06-2018,Customer_396,Central,Texas,Chicago,Office Supplies,Storage,942.85,3,-32.28
CA-2016-105873,07-07-2015,Customer_163,Central,Florida,Los Angeles,Technology,Copiers,890.57,7,264.86
CA-2017-105874,22-09-2018,Customer_372,East,Illinois,New York City,Furniture,Chairs,831.6,5,-49.41
CA-2018-105875,19-06-2018,Customer_366,South,New York,New York City,Office Supplies,Binders,125.02,10,-26.09
CA-2015-105876,08-01-2018,Customer_38,East,California,New York City,Furniture,Chairs,467.16,3,108.05
CA-2016-105877,05-01-2016,Customer_95,Central,Illinois,Chicago,Office Supplies,Binders,335.56,10,173.99
CA-2017-105878,17-05-2016,Customer_481,East,New York,Chicago,Technology,Phones,577.44,3,96.97
CA-2018-105879,31-05-2016,Customer_296,South,New York,Houston,Furniture,Tables,871.25,9,23.83
CA-2015-105880,25-09-2018,Customer_147,West,Texas,New York City,Office Supplies,Binders,58.44,10,161.9
CA-2016-105881,28-12-2017,Customer_485,East,California,Los Angeles,Furniture,Tables,165.77,2,298.93
CA-2017-105882,04-05-2017,Customer_21,South,New York,Los Angeles,Office Supplies,Binders,743.03,7,160.75
CA-2018-105883,19-12-2016,Customer_320,Central,Texas,New York City,Technology,Phones,276.14,1,276.0
CA-2015-105884,24-10-2015,Customer_50,Central,Texas,Chicago,Office Supplies,Binders,188.99,3,24.71
CA-2016-105885,02-09-2017,Customer_390,Central,New York,Houston,Office Supplies,Paper,649.67,3,179.62
CA-2017-105886,09-08-2016,Customer_362,East,California,New York City,Office Supplies,Paper,773.44,4,-64.37
CA-2018-105887,08-01-2016,Customer_434,West,Florida,Houston,Office Supplies,Binders,985.56,2,-94.7
CA-2015-105888,05-08-2015,Customer_485,East,Texas,Miami,Technology,Accessories,430.6,5,194.1
CA-2016-105889,04-12-2018,Customer_90,West,Texas,Houston,Technology,Copiers,171.33,4,34.91
CA-2017-105890,14-01-2015,Customer_193,West,Illinois,Los Angeles,Technology,Accessories,107.83,1,289.05
CA-2018-105891,12-05-2018,Customer_181,South,Illinois,Los Angeles,Office Supplies,Binders,869.84,1,228.46
CA-2015-105892,07-04-2018,Customer_334,West,Illinois,Los Angeles,Furniture,Bookcases,588.24,7,177.28
CA-2016-105893,19-03-2018,Customer_204,East,New York,Miami,Technology,Phones,249.96,4,-51.94
CA-2017-105894,22-02-2016,Customer_337,West,Illinois,Los Angeles,Furniture,Bookcases,405.02,8,294.09
CA-2018-105895,05-04-2016,Customer_416,West,Texas,Chicago,Furniture,Chairs,329.09,1,135.54
CA-2015-105896,03-01-2017,Customer_369,East,Texas,New York City,Furniture,Chairs,181.52,7,129.15
CA-2016-105897,02-08-2018,Customer_11,Central,California,Houston,Technology,Phones,584.93,5,-24.59
CA-2017-105898,11-02-2017,Customer_435,South,Texas,Miami,Office Supplies,Storage,533.03,3,193.34
CA-2018-105899,09-04-2018,Customer_20,Central,Florida,Los Angeles,Furniture,Tables,673.62,7,151.69
CA-2015-105900,05-05-2015,Customer_121,Central,New York,New York City,Office Supplies,Paper,697.76,10,-90.62
CA-2016-105901,03-12-2018,Customer_249,West,New York,New York City,Furniture,Tables,665.03,2,-63.55
CA-2017-105902,29-06-2016,Customer_455,South,Florida,Los Angeles,Office Supplies,Paper,397.92,6,94.69
CA-2018-105903,23-12-2017,Customer_430,South,Florida,Chicago,Technology,Copiers,414.12,2,270.91
CA-2015-105904,14-02-2017,Customer_403,South,Florida,Houston,Furniture,Bookcases,718.35,6,146.88
CA-2016-105905,07-04-2017,Customer_138,South,California,Chicago,Office Supplies,Paper,524.3,3,51.05
CA-2017-105906,08-11-2015,Customer_220,East,Illinois,New York City,Technology,Accessories,752.73,7,-81.87
CA-2018-105907,25-01-2019,Customer_228,West,Florida,Chicago,Office Supplies,Storage,404.24,9,1.14
CA-2015-105908,25-07-2015,Customer_297,East,Texas,Houston,Office Supplies,Storage,938.21,7,159.36
CA-2016-105909,20-06-2018,Customer_328,Central,Illinois,Chicago,Office Supplies,Storage,154.92,2,193.93
CA-2017-105910,22-06-2017,Customer_455,South,Texas,Miami,Technology,Phones,776.28,7,97.6
CA-2018-105911,26-04-2016,Customer_363,South,New York,Miami,Technology,Copiers,502.36,3,228.45
CA-2015-105912,09-10-2017,Customer_338,East,New York,Miami,Furniture,Tables,179.96,5,181.53
CA-2016-105913,22-09-2016,Customer_58,West,Texas,Houston,Office Supplies,Paper,299.67,9,-64.71
CA-2017-105914,27-12-2015,Customer_367,South,New York,New York City,Office Supplies,Storage,877.41,10,208.24
CA-2018-105915,09-04-2017,Customer_473,East,California,Houston,Technology,Accessories,900.14,10,202.87
CA-2015-105916,10-07-2017,Customer_78,South,New York,Houston,Technology,Copiers,251.88,5,-67.43
CA-2016-105917,14-08-2017,Customer_370,South,Florida,Houston,Furniture,Tables,745.04,10,-69.66
CA-2017-105918,24-07-2018,Customer_262,East,New York,Miami,Office Supplies,Storage,508.09,5,137.06
CA-2018-105919,01-04-2018,Customer_379,Central,Texas,Miami,Office Supplies,Binders,835.08,6,0.85
CA-2015-105920,28-09-2016,Customer_366,South,Texas,Miami,Technology,Copiers,812.08,2,121.56
CA-2016-105921,28-08-2018,Customer_270,Central,California,Houston,Office Supplies,Paper,553.93,8,20.14
CA-2017-105922,21-08-2018,Customer_470,Central,Florida,New York City,Office Supplies,Paper,869.22,9,243.63
CA-2018-105923,15-04-2015,Customer_25,Central,Florida,Los Angeles,Office Supplies,Paper,819.53,2,74.73
CA-2015-105924,25-04-2015,Customer_441,East,California,Miami,Office Supplies,Storage,792.1,9,229.32
CA-2016-105925,01-09-2015,Customer_247,Central,Illinois,Chicago,Office Supplies,Paper,277.97,6,152.6
CA-2017-105926,05-06-2016,Customer_363,East,California,Chicago,Furniture,Bookcases,647.3,4,251.02
CA-2018-105927,02-10-2015,Customer_78,West,California,New York City,Office Supplies,Binders,106.22,3,29.07
CA-2015-105928,08-08-2015,Customer_43,Central,Texas,New York City,Technology,Accessories,363.47,4,166.87
CA-2016-105929,09-06-2017,Customer_248,Central,New York,Chicago,Technology,Copiers,764.48,8,291.25
CA-2017-105930,17-10-2018,Customer_188,East,California,Chicago,Office Supplies,Paper,194.03,3,87.82
CA-2018-105931,01-02-2017,Customer_139,East,Illinois,Los Angeles,Technology,Phones,553.26,5,196.99
CA-2015-105932,17-03-2017,Customer_338,West,Illinois,Los Angeles,Technology,Copiers,808.53,8,137.7
CA-2016-105933,27-08-2017,Customer_248,South,Florida,Miami,Furniture,Chairs,45.85,9,-40.8
CA-2017-105934,24-01-2016,Customer_294,South,Florida,New York City,Office Supplies,Binders,191.56,8,280.85
CA-2018-105935,04-09-2018,Customer_221,West,California,Houston,Technology,Phones,35.37,3,242.29
CA-2015-105936,11-03-2018,Customer_367,Central,Illinois,Miami,Office Supplies,Paper,814.72,1,127.84
CA-2016-105937,14-12-2018,Customer_386,East,New York,Chicago,Furniture,Bookcases,790.89,10,74.37
CA-2017-105938,23-12-2018,Customer_177,South,Illinois,Houston,Furniture,Bookcases,452.46,4,199.02
CA-2018-105939,18-12-2015,Customer_29,Central,Texas,New York City,Furniture,Chairs,356.38,10,7.32
CA-2015-105940,13-10-2017,Customer_438,West,Illinois,Miami,Technology,Copiers,133.35,2,19.54
CA-2016-105941,13-04-2015,Customer_440,Central,New York,Houston,Technology,Phones,28.69,5,-25.65
CA-2017-105942,10-07-2015,Customer_500,Central,Texas,Los Angeles,Office Supplies,Binders,404.99,4,17.83
CA-2018-105943,29-03-2016,Customer_257,South,California,Miami,Technology,Copiers,755.11,6,290.28
CA-2015-105944,07-02-2019,Customer_236,West,New York,Chicago,Furniture,Chairs,584.78,9,37.65
CA-2016-105945,01-10-2018,Customer_177,East,Illinois,Houston,Office Supplies,Storage,766.48,4,112.8
CA-2017-105946,26-05-2016,Customer_24,Central,Florida,Miami,Technology,Phones,400.36,9,263.92
CA-2018-105947,12-01-2015,Customer_423,Central,Texas,Chicago,Office Supplies,Binders,382.81,6,163.47
CA-2015-105948,07-07-2015,Customer_211,Central,Florida,New York City,Technology,Accessories,866.97,3,-31.27
CA-2016-105949,14-08-2016,Customer_186,Central,Illinois,Houston,Technology,Phones,269.57,8,128.3
CA-2017-105950,10-08-2018,Customer_397,West,California,Chicago,Technology,Accessories,434.29,10,244.38
CA-2018-105951,25-10-2016,Customer_377,West,New York,Houston,Furniture,Tables,465.01,4,174.85
CA-2015-105952,02-12-2018,Customer_63,South,Illinois,Houston,Furniture,Chairs,14.94,4,-32.06
CA-2016-105953,18-05-2015,Customer_65,West,California,Houston,Office Supplies,Storage,742.86,9,15.13
CA-2017-105954,13-02-2015,Customer_70,West,California,Los Angeles,Office Supplies,Paper,36.83,2,153.4
CA-2018-105955,26-10-2018,Customer_61,South,Florida,New York City,Furniture,Bookcases,718.96,4,55.88
CA-2015-105956,10-01-2019,Customer_457,South,Florida,Chicago,Office Supplies,Binders,446.9,6,129.59
CA-2016-105957,19-01-2018,Customer_409,East,Texas,Miami,Furniture,Tables,552.46,7,-5.8
CA-2017-105958,15-06-2018,Customer_178,East,California,Houston,Office Supplies,Binders,441.25,10,171.8
CA-2018-105959,25-07-2017,Customer_368,Central,Illinois,Chicago,Technology,Accessories,78.96,10,56.34
CA-2015-105960,13-03-2018,Customer_395,Central,New York,Los Angeles,Technology,Copiers,819.18,1,84.6
CA-2016-105961,24-10-2015,Customer_396,East,Texas,Chicago,Office Supplies,Binders,401.52,6,237.97
CA-2017-105962,09-11-2018,Customer_461,East,Illinois,Houston,Furniture,Chairs,961.51,5,131.68
CA-2018-105963,23-01-2018,Customer_45,East,Illinois,New York City,Technology,Phones,789.15,9,-94.88
CA-2015-105964,03-04-2018,Customer_298,Central,Texas,Houston,Furniture,Tables,341.57,2,-52.25
CA-2016-105965,24-09-2015,Customer_448,East,New York,Houston,Furniture,Chairs,517.34,8,-76.18
CA-2017-105966,20-01-2019,Customer_31,Central,New York,Miami,Office Supplies,Binders,23.38,8,228.19
CA-2018-105967,11-01-2018,Customer_328,West,Texas,Houston,Office Supplies,Storage,264.91,5,96.97
CA-2015-105968,04-04-2017,Customer_312,Central,Florida,Miami,Furniture,Bookcases,897.88,4,118.69
CA-2016-105969,04-05-2017,Customer_489,West,California,Chicago,Technology,Copiers,568.75,9,45.72
CA-2017-105970,12-07-2017,Customer_213,East,California,Chicago,Furniture,Tables,272.87,9,38.27
CA-2018-105971,21-06-2017,Customer_333,West,California,New York City,Office Supplies,Storage,454.74,6,23.29
CA-2015-105972,24-03-2015,Customer_243,South,Florida,Chicago,Technology,Phones,800.16,4,-14.64
CA-2016-105973,11-07-2018,Customer_268,South,Illinois,Chicago,Technology,Copiers,883.85,7,224.17
CA-2017-105974,11-12-2016,Customer_373,South,New York,Los Angeles,Office Supplies,Binders,352.97,6,-34.65
CA-2018-105975,26-01-2017,Customer_401,Central,Florida,New York City,Technology,Copiers,457.82,7,-27.93
CA-2015-105976,10-01-2017,Customer_487,Central,New York,New York City,Office Supplies,Paper,903.15,8,196.9
CA-2016-105977,02-04-2018,Customer_74,Central,Florida,Miami,Furniture,Tables,404.49,4,280.76
CA-2017-105978,26-07-2017,Customer_121,South,New York,New York City,Technology,Phones,913.79,10,253.86
CA-2018-105979,03-09-2016,Customer_411,South,New York,Houston,Technology,Copiers,12.07,3,-73.38
CA-2015-105980,26-04-2015,Customer_382,West,Florida,Chicago,Technology,Copiers,77.89,7,277.78
CA-2016-105981,21-02-2017,Customer_339,East,New York,Chicago,Technology,Accessories,381.67,6,115.61
CA-2017-105982,18-01-2017,Customer_36,West,California,Chicago,Furniture,Tables,557.9,9,195.62
CA-2018-105983,18-06-2017,Customer_418,West,Florida,Houston,Furniture,Bookcases,296.82,3,230.36
CA-2015-105984,01-11-2016,Customer_59,East,California,Miami,Office Supplies,Binders,297.77,6,4.43
CA-2016-105985,12-02-2015,Customer_251,Central,Florida,Chicago,Office Supplies,Storage,979.34,3,-15.48
CA-2017-105986,02-09-2016,Customer_252,South,New York,New York City,Furniture,Tables,661.06,5,157.04
CA-2018-105987,06-01-2015,Customer_187,East,Texas,Miami,Office Supplies,Storage,648.82,3,181.63
CA-2015-105988,19-06-2017,Customer_335,Central,California,Los Angeles,Furniture,Bookcases,486.49,8,-91.6
CA-2016-105989,05-06-2015,Customer_293,East,New York,Miami,Office Supplies,Binders,819.88,6,72.08
CA-2017-105990,04-05-2015,Customer_60,South,Illinois,Los Angeles,Furniture,Bookcases,943.47,3,116.72
CA-2018-105991,28-03-2018,Customer_192,South,New York,Miami,Office Supplies,Paper,384.51,2,294.54
CA-2015-105992,25-02-2018,Customer_120,South,New York,Chicago,Furniture,Tables,774.48,2,87.61
CA-2016-105993,25-12-2016,Customer_424,West,California,Chicago,Furniture,Tables,182.52,7,259.14
CA-2017-105994,10-06-2015,Customer_149,West,Texas,Chicago,Office Supplies,Storage,230.77,5,76.38
CA-2018-105995,15-04-2015,Customer_304,South,Illinois,Miami,Office Supplies,Binders,452.59,4,175.37
CA-2015-105996,09-01-2016,Customer_318,South,New York,Chicago,Technology,Phones,447.77,4,-10.57
CA-2016-105997,22-12-2015,Customer_284,West,Texas,Chicago,Technology,Phones,571.01,2,207.06
CA-2017-105998,13-02-2016,Customer_351,East,California,Los Angeles,Technology,Phones,640.32,3,-58.67
CA-2018-105999,19-02-2015,Customer_89,West,Texas,Chicago,Office Supplies,Binders,727.17,4,39.76
CA-2015-106000,01-12-2016,Customer_34,Central,Florida,Los Angeles,Technology,Phones,952.43,4,-47.69
CA-2016-106001,12-07-2016,Customer_137,South,New York,Houston,Furniture,Chairs,626.02,10,-63.22
CA-2017-106002,28-02-2015,Customer_13,East,Illinois,Houston,Furniture,Bookcases,270.64,4,-3.7
CA-2018-106003,04-06-2016,Customer_306,East,Illinois,New York City,Technology,Phones,776.96,6,282.15
CA-2015-106004,19-09-2016,Customer_180,South,New York,Houston,Furniture,Bookcases,667.46,9,172.7
CA-2016-106005,15-10-2015,Customer_117,South,Illinois,Chicago,Technology,Copiers,83.0,9,244.43
CA-2017-106006,18-11-2016,Customer_393,West,Florida,New York City,Furniture,Chairs,944.81,2,201.04
CA-2018-106007,08-06-2016,Customer_31,West,New York,New York City,Furniture,Chairs,157.67,6,270.84
CA-2015-106008,04-06-2017,Customer_231,West,Texas,Houston,Furniture,Chairs,636.46,4,154.68
CA-2016-106009,21-07-2017,Customer_412,South,Texas,Houston,Technology,Accessories,725.62,5,-49.09
CA-2017-106010,06-05-2015,Customer_383,Central,Texas,New York City,Technology,Accessories,306.18,3,121.94
CA-2018-106011,27-07-2016,Customer_144,West,New York,Chicago,Furniture,Tables,301.53,4,41.74
CA-2015-106012,01-09-2018,Customer_232,East,Illinois,Houston,Furniture,Tables,106.17,10,-45.22
CA-2016-106013,20-09-2016,Customer_131,Central,Florida,Chicago,Furniture,Chairs,108.91,6,279.93
CA-2017-106014,09-01-2018,Customer_459,Central,Texas,Chicago,Office Supplies,Paper,659.21,2,-2.96
CA-2018-106015,07-08-2015,Customer_214,Central,New York,Chicago,Technology,Copiers,52.9,10,30.6
CA-2015-106016,13-12-2016,Customer_79,South,New York,Houston,Technology,Phones,422.47,1,195.06
CA-2016-106017,27-07-2018,Customer_466,East,New York,New York City,Technology,Phones,668.59,2,-10.72
CA-2017-106018,06-11-2017,Customer_490,East,Florida,Miami,Office Supplies,Storage,151.07,10,267.95
CA-2018-106019,18-11-2016,Customer_138,East,Florida,Miami,Technology,Phones,283.17,7,293.14
CA-2015-106020,05-02-2016,Customer_42,Central,California,Houston,Furniture,Bookcases,170.91,2,251.17
CA-2016-106021,17-01-2019,Customer_392,West,California,Houston,Technology,Copiers,352.42,2,125.42
CA-2017-106022,01-11-2018,Customer_315,South,New York,Chicago,Technology,Accessories,530.14,6,101.82
CA-2018-106023,18-02-2017,Customer_196,Central,Texas,Los Angeles,Office Supplies,Binders,358.36,7,38.6
CA-2015-106024,08-08-2015,Customer_147,West,Texas,New York City,Technology,Copiers,897.99,10,48.68
CA-2016-106025,14-02-2015,Customer_212,West,Illinois,Los Angeles,Office Supplies,Binders,43.94,4,68.23
CA-2017-106026,02-08-2017,Customer_372,East,Texas,Los Angeles,Furniture,Tables,392.75,9,4.46
CA-2018-106027,29-08-2018,Customer_308,Central,New York,Los Angeles,Technology,Accessories,21.55,3,264.54
CA-2015-106028,03-07-2016,Customer_48,East,Illinois,Miami,Technology,Accessories,766.14,2,163.99
CA-2016-106029,18-01-2015,Customer_446,West,California,Houston,Technology,Phones,895.45,2,238.48
CA-2017-106030,03-06-2015,Customer_29,Central,Illinois,Miami,Technology,Copiers,279.49,6,135.69
CA-2018-106031,04-11-2016,Customer_250,East,California,Miami,Furniture,Bookcases,581.49,6,240.8
CA-2015-106032,23-09-2015,Customer_250,West,Illinois,Miami,Office Supplies,Storage,794.81,1,75.04
CA-2016-106033,04-02-2017,Customer_298,East,California,Miami,Office Supplies,Paper,207.81,5,126.15
CA-2017-106034,22-11-2015,Customer_135,West,Florida,Miami,Furniture,Chairs,711.26,4,231.96
CA-2018-106035,23-02-2017,Customer_221,Central,Texas,Chicago,Technology,Phones,956.51,6,-3.33
CA-2015-106036,25-08-2016,Customer_315,South,Texas,Miami,Furniture,Chairs,768.59,3,-98.53
CA-2016-106037,29-04-2016,Customer_472,South,New York,Los Angeles,Furniture,Chairs,444.37,8,293.77
CA-2017-106038,27-12-2015,Customer_278,East,California,Chicago,Office Supplies,Paper,759.45,4,-24.82
CA-2018-106039,18-03-2016,Customer_466,Central,New York,Los Angeles,Office Supplies,Binders,954.82,7,64.04
CA-2015-106040,09-11-2016,Customer_96,East,California,Miami,Office Supplies,Storage,460.67,3,106.01
CA-2016-106041,23-04-2015,Customer_177,South,New York,New York City,Technology,Copiers,831.54,3,147.22
CA-2017-106042,20-06-2018,Customer_264,West,Illinois,Los Angeles,Office Supplies,Paper,49.95,10,215.68
CA-2018-106043,30-04-2016,Customer_303,Central,New York,Los Angeles,Office Supplies,Paper,334.67,7,213.53
CA-2015-106044,29-07-2015,Customer_349,Central,California,Houston,Technology,Accessories,707.57,3,64.01
CA-2016-106045,22-04-2017,Customer_296,South,Florida,Los Angeles,Office Supplies,Binders,151.55,5,93.4
CA-2017-106046,26-02-2016,Customer_187,Central,California,Houston,Furniture,Bookcases,768.53,3,274.38
CA-2018-106047,21-06-2015,Customer_245,South,California,Los Angeles,Technology,Accessories,104.47,1,195.74
CA-2015-106048,16-03-2017,Customer_360,Central,New York,New York City,Furniture,Bookcases,459.53,6,90.05
CA-2016-106049,23-02-2015,Customer_270,West,Illinois,Los Angeles,Technology,Phones,160.22,6,253.85
CA-2017-106050,24-05-2015,Customer_165,Central,California,New York City,Furniture,Chairs,845.92,10,128.82
CA-2018-106051,04-08-2017,Customer_155,East,California,Los Angeles,Office Supplies,Paper,344.36,4,25.44
CA-2015-106052,16-04-2016,Customer_333,South,Texas,New York City,Technology,Phones,580.93,7,99.24
CA-2016-106053,17-01-2015,Customer_129,West,Florida,Los Angeles,Office Supplies,Paper,53.73,4,-58.68
CA-2017-106054,04-11-2017,Customer_145,Central,New York,Los Angeles,Furniture,Tables,861.86,9,156.22
CA-2018-106055,02-12-2017,Customer_11,South,Texas,New York City,Technology,Copiers,875.85,2,-10.41
CA-2015-106056,18-12-2017,Customer_69,East,Florida,Miami,Technology,Accessories,795.97,8,79.98
CA-2016-106057,03-11-2016,Customer_43,East,California,Houston,Technology,Copiers,17.36,9,294.19
CA-2017-106058,19-08-2018,Customer_287,West,California,Chicago,Furniture,Chairs,972.79,9,267.16
CA-2018-106059,18-06-2017,Customer_212,East,California,Los Angeles,Technology,Copiers,120.56,1,-79.42
CA-2015-106060,26-05-2016,Customer_473,East,New York,New York City,Furniture,Chairs,645.59,2,251.43
CA-2016-106061,21-06-2015,Customer_8,West,Florida,Houston,Office Supplies,Paper,934.59,5,84.24
CA-2017-106062,04-03-2015,Customer_84,East,California,Houston,Office Supplies,Binders,716.42,10,264.76
CA-2018-106063,14-07-2018,Customer_131,Central,California,New York City,Furniture,Chairs,814.85,4,-27.28
CA-2015-106064,31-07-2015,Customer_391,South,California,Miami,Technology,Copiers,953.42,8,95.52
CA-2016-106065,26-07-2015,Customer_496,Central,Florida,Los Angeles,Furniture,Bookcases,251.79,4,142.22
CA-2017-106066,14-07-2015,Customer_224,East,New York,Chicago,Office Supplies,Binders,914.11,4,117.56
CA-2018-106067,03-07-2016,Customer_153,West,Texas,Chicago,Office Supplies,Paper,873.0,7,81.14
CA-2015-106068,18-02-2017,Customer_328,East,Florida,Miami,Office Supplies,Binders,784.97,8,196.63
CA-2016-106069,20-03-2016,Customer_73,West,Florida,Los Angeles,Technology,Copiers,326.35,3,-93.32
CA-2017-106070,25-04-2016,Customer_271,West,California,Houston,Furniture,Bookcases,602.68,2,232.57
CA-2018-106071,13-12-2017,Customer_275,East,Illinois,New York City,Furniture,Chairs,470.97,4,222.74
CA-2015-106072,08-11-2015,Customer_292,East,California,New York City,Office Supplies,Storage,606.36,3,40.39
CA-2016-106073,13-08-2017,Customer_176,Central,Texas,Los Angeles,Office Supplies,Paper,498.98,9,32.41
CA-2017-106074,14-09-2015,Customer_219,East,California,Chicago,Office Supplies,Binders,242.91,3,36.74
CA-2018-106075,13-04-2017,Customer_181,South,Texas,Chicago,Office Supplies,Binders,486.19,1,-43.67
CA-2015-106076,04-05-2016,Customer_229,Central,Texas,New York City,Office Supplies,Paper,158.83,9,299.55
CA-2016-106077,18-06-2018,Customer_459,South,Florida,Houston,Technology,Phones,470.9,5,-90.67
CA-2017-106078,14-07-2018,Customer_431,West,New York,Los Angeles,Office Supplies,Paper,415.73,5,261.42
CA-2018-106079,02-02-2015,Customer_382,Central,Florida,New York City,Furniture,Tables,529.73,10,222.55
CA-2015-106080,04-11-2016,Customer_123,West,Texas,Los Angeles,Furniture,Tables,715.19,10,95.01
CA-2016-106081,17-02-2016,Customer_473,South,California,Miami,Office Supplies,Storage,667.93,6,201.78
CA-2017-106082,12-01-2017,Customer_91,South,New York,Miami,Furniture,Bookcases,780.03,6,-61.75
CA-2018-106083,16-07-2017,Customer_149,West,New York,Miami,Office Supplies,Storage,79.21,1,282.62
CA-2015-106084,06-12-2017,Customer_269,Central,Texas,Houston,Office Supplies,Storage,91.92,3,34.83
CA-2016-106085,12-03-2018,Customer_199,East,New York,Los Angeles,Technology,Accessories,420.75,4,-67.38
CA-2017-106086,31-01-2015,Customer_108,West,Florida,Los Angeles,Furniture,Chairs,370.05,1,142.47
CA-2018-106087,04-12-2015,Customer_359,Central,California,Los Angeles,Technology,Phones,678.63,10,-55.25
CA-2015-106088,08-04-2016,Customer_222,West,Florida,Chicago,Technology,Copiers,513.55,9,228.75
CA-2016-106089,22-12-2017,Customer_109,Central,Florida,Houston,Furniture,Tables,347.97,7,-4.16
CA-2017-106090,12-10-2018,Customer_369,Central,New York,Los Angeles,Office Supplies,Paper,687.93,8,132.93
CA-2018-106091,21-07-2017,Customer_80,Central,Texas,Los Angeles,Technology,Phones,244.74,5,168.95
CA-2015-106092,03-05-2017,Customer_272,East,Texas,Houston,Office Supplies,Binders,634.3,10,285.18
CA-2016-106093,02-04-2016,Customer_289,South,Texas,Los Angeles,Furniture,Chairs,443.11,5,-23.48
CA-2017-106094,19-11-2018,Customer_75,Central,New York,Chicago,Office Supplies,Binders,926.9,3,150.48
CA-2018-106095,14-03-2018,Customer_257,Central,California,Los Angeles,Office Supplies,Binders,919.06,8,-19.57
CA-2015-106096,15-10-2018,Customer_441,South,Texas,Miami,Technology,Copiers,297.98,1,215.51
CA-2016-106097,17-12-2017,Customer_228,South,Florida,Miami,Technology,Phones,89.22,3,-87.31
CA-2017-106098,22-09-2016,Customer_365,Central,New York,Miami,Office Supplies,Storage,267.73,10,-22.44
CA-2018-106099,12-07-2017,Customer_485,West,Illinois,Los Angeles,Technology,Copiers,642.17,4,-63.59
CA-2015-106100,23-01-2018,Customer_409,West,California,Chicago,Technology,Accessories,890.4,3,42.35
CA-2016-106101,08-03-2018,Customer_25,Central,Texas,Los Angeles,Furniture,Bookcases,356.19,10,183.92
CA-2017-106102,16-10-2016,Customer_453,South,Florida,Los Angeles,Office Supplies,Binders,839.8,9,87.91
CA-2018-106103,08-11-2018,Customer_305,West,California,Miami,Furniture,Tables,456.41,6,4.86
CA-2015-106104,30-01-2019,Customer_175,South,Texas,Miami,Technology,Accessories,925.0,4,203.69
CA-2016-106105,25-04-2017,Customer_373,East,Illinois,New York City,Office Supplies,Binders,898.36,9,193.67
CA-2017-106106,29-10-2015,Customer_67,Central,Florida,Los Angeles,Furniture,Bookcases,843.52,8,241.51
CA-2018-106107,19-04-2018,Customer_69,West,California,Houston,Office Supplies,Paper,864.81,4,249.61
CA-2015-106108,08-02-2018,Customer_318,South,Illinois,New York City,Technology,Phones,884.63,3,24.54
CA-2016-106109,18-05-2015,Customer_492,Central,New York,Chicago,Office Supplies,Storage,993.71,10,-80.44
CA-2017-106110,07-09-2015,Customer_431,South,Illinois,New York City,Office Supplies,Storage,991.95,9,250.66
CA-2018-106111,17-12-2016,Customer_361,South,Texas,Los Angeles,Technology,Phones,342.97,6,30.43
CA-2015-106112,23-08-2016,Customer_208,South,California,New York City,Furniture,Tables,361.57,8,185.32
CA-2016-106113,24-02-2017,Customer_255,Central,Illinois,Houston,Furniture,Chairs,749.19,5,168.6
CA-2017-106114,11-05-2016,Customer_388,Central,California,New York City,Technology,Copiers,82.85,2,245.85
CA-2018-106115,31-01-2017,Customer_470,South,Florida,Miami,Office Supplies,Paper,792.57,2,262.72
CA-2015-106116,08-09-2018,Customer_278,East,New York,New York City,Office Supplies,Paper,658.02,5,-6.15
CA-2016-106117,29-05-2017,Customer_357,West,California,Chicago,Technology,Accessories,108.48,6,242.54
CA-2017-106118,27-12-2015,Customer_162,West,Florida,New York City,Office Supplies,Binders,345.4,5,244.09
CA-2018-106119,12-12-2016,Customer_403,West,Illinois,Houston,Technology,Accessories,464.43,7,94.75
CA-2015-106120,17-03-2018,Customer_58,South,California,Houston,Technology,Copiers,494.5,2,185.45
CA-2016-106121,17-06-2017,Customer_473,West,Florida,Houston,Office Supplies,Paper,177.82,8,-78.82
CA-2017-106122,17-08-2018,Customer_251,West,Texas,Miami,Technology,Accessories,753.01,10,20.46
CA-2018-106123,24-11-2016,Customer_51,South,California,Miami,Office Supplies,Storage,636.37,6,71.5
CA-2015-106124,14-09-2018,Customer_136,West,New York,Houston,Office Supplies,Storage,963.22,9,72.39
CA-2016-106125,02-02-2019,Customer_156,South,Illinois,Miami,Technology,Copiers,582.89,2,42.69
CA-2017-106126,09-02-2019,Customer_187,South,Texas,Miami,Office Supplies,Paper,269.01,7,-64.24
CA-2018-106127,25-10-2017,Customer_468,Central,California,Houston,Technology,Accessories,914.9,7,59.54
CA-2015-106128,14-11-2015,Customer_296,West,Illinois,New York City,Office Supplies,Storage,378.72,9,6.25
CA-2016-106129,05-09-2017,Customer_436,South,New York,Miami,Office Supplies,Storage,67.62,3,174.17
CA-2017-106130,05-12-2016,Customer_342,West,California,Houston,Office Supplies,Binders,26.8,6,124.02
CA-2018-106131,22-08-2017,Customer_140,East,New York,Houston,Office Supplies,Binders,807.32,8,192.41
CA-2015-106132,01-03-2016,Customer_211,East,Texas,New York City,Technology,Copiers,880.0,3,18.52
CA-2016-106133,03-06-2018,Customer_397,Central,Illinois,Houston,Furniture,Chairs,36.77,5,76.49
CA-2017-106134,01-09-2017,Customer_190,South,California,New York City,Office Supplies,Paper,70.48,4,115.51
CA-2018-106135,14-06-2018,Customer_457,East,Texas,Houston,Furniture,Bookcases,640.02,5,78.12
CA-2015-106136,17-10-2016,Customer_22,Central,New York,Houston,Office Supplies,Paper,413.01,4,109.4
CA-2016-106137,25-07-2015,Customer_396,West,Illinois,Miami,Office Supplies,Storage,581.12,7,289.93
CA-2017-106138,10-02-2017,Customer_447,West,California,Chicago,Office Supplies,Binders,116.34,10,154.74
CA-2018-106139,25-11-2017,Customer_151,Central,California,Chicago,Technology,Phones,919.79,8,37.07
CA-2015-106140,30-10-2017,Customer_247,Central,Illinois,Miami,Furniture,Chairs,763.22,2,59.72
CA-2016-106141,25-07-2018,Customer_116,South,Florida,Houston,Office Supplies,Storage,487.36,9,209.11
CA-2017-106142,14-09-2016,Customer_364,Central,Florida,New York City,Office Supplies,Binders,938.35,4,236.09
CA-2018-106143,03-04-2016,Customer_119,East,Florida,Los Angeles,Office Supplies,Paper,492.82,2,185.78
CA-2015-106144,14-10-2017,Customer_393,East,Florida,Chicago,Furniture,Chairs,800.45,2,75.93
CA-2016-106145,11-08-2015,Customer_395,East,Illinois,Los Angeles,Office Supplies,Paper,491.25,1,218.9
CA-2017-106146,21-05-2016,Customer_330,South,Illinois,Houston,Technology,Phones,364.96,4,123.27
CA-2018-106147,30-12-2015,Customer_153,West,Texas,Los Angeles,Office Supplies,Paper,688.55,6,165.19
CA-2015-106148,26-10-2016,Customer_360,South,Florida,Chicago,Technology,Copiers,388.71,1,-49.05
CA-2016-106149,25-08-2015,Customer_148,East,Florida,Houston,Office Supplies,Paper,945.65,9,238.46
CA-2017-106150,26-01-2015,Customer_341,East,Florida,New York City,Furniture,Bookcases,627.63,9,237.19
CA-2018-106151,25-08-2017,Customer_157,Central,Illinois,Los Angeles,Technology,Phones,835.35,7,149.98
CA-2015-106152,10-03-2018,Customer_244,East,New York,Miami,Office Supplies,Paper,207.19,10,238.86
CA-2016-106153,06-11-2015,Customer_221,Central,New York,Miami,Technology,Accessories,13.71,10,202.31
CA-2017-106154,21-03-2017,Customer_146,West,Illinois,Houston,Furniture,Tables,598.51,7,-10.84
CA-2018-106155,05-12-2018,Customer_373,East,New York,Chicago,Technology,Copiers,310.43,4,-16.96
CA-2015-106156,30-05-2018,Customer_393,Central,California,Miami,Technology,Phones,764.58,1,157.69
CA-2016-106157,27-02-2017,Customer_346,South,Illinois,Chicago,Technology,Phones,687.17,9,-71.96
CA-2017-106158,27-09-2015,Customer_468,South,California,Los Angeles,Furniture,Bookcases,143.59,1,247.08
CA-2018-106159,29-03-2016,Customer_39,East,Florida,Miami,Technology,Copiers,393.97,6,-49.55
CA-2015-106160,07-09-2015,Customer_470,East,Florida,New York City,Technology,Copiers,740.54,4,-9.72
CA-2016-106161,18-11-2018,Customer_393,West,California,Houston,Office Supplies,Storage,564.55,2,92.76
CA-2017-106162,27-01-2017,Customer_378,Central,Texas,Los Angeles,Furniture,Bookcases,505.99,7,188.15
CA-2018-106163,16-05-2016,Customer_481,East,Florida,Chicago,Furniture,Chairs,273.21,3,130.27
CA-2015-106164,03-09-2017,Customer_5,South,Illinois,Chicago,Technology,Phones,119.05,1,-96.11
CA-2016-106165,26-01-2016,Customer_301,West,Illinois,Chicago,Office Supplies,Binders,608.36,1,30.73
CA-2017-106166,25-06-2015,Customer_242,South,Texas,Chicago,Office Supplies,Binders,186.28,5,103.19
CA-2018-106167,21-10-2017,Customer_174,Central,Florida,Houston,Office Supplies,Storage,128.64,9,126.25
CA-2015-106168,27-07-2015,Customer_307,East,California,Miami,Technology,Phones,706.5,6,281.44
CA-2016-106169,04-03-2018,Customer_424,Central,Illinois,Los Angeles,Technology,Accessories,789.92,1,178.53
CA-2017-106170,22-04-2016,Customer_57,Central,Florida,Miami,Furniture,Bookcases,981.13,6,20.7
CA-2018-106171,16-11-2016,Customer_282,West,Illinois,Los Angeles,Furniture,Tables,875.21,5,74.19
CA-2015-106172,14-09-2015,Customer_198,West,Florida,Houston,Technology,Phones,130.42,3,63.89
CA-2016-106173,26-07-2016,Customer_227,West,California,Houston,Technology,Phones,876.03,2,-94.39
CA-2017-106174,20-05-2018,Customer_389,Central,Illinois,Houston,Furniture,Chairs,210.75,2,39.7
CA-2018-106175,17-06-2015,Customer_31,Central,New York,Chicago,Furniture,Tables,442.41,1,-61.71
CA-2015-106176,27-10-2016,Customer_494,East,California,Chicago,Furniture,Chairs,948.98,6,30.79
CA-2016-106177,13-05-2017,Customer_125,West,California,Houston,Furniture,Tables,525.89,8,77.07
CA-2017-106178,07-04-2016,Customer_477,Central,Florida,Los Angeles,Technology,Accessories,127.82,9,192.4
CA-2018-106179,12-12-2016,Customer_427,South,California,Houston,Technology,Phones,235.53,7,-16.23
CA-2015-106180,17-11-2017,Customer_174,South,Florida,New York City,Technology,Copiers,470.82,9,226.42
CA-2016-106181,13-07-2017,Customer_446,East,Texas,Houston,Office Supplies,Binders,118.65,5,281.21
CA-2017-106182,17-03-2018,Customer_425,West,California,Miami,Technology,Phones,535.27,1,10.61
CA-2018-106183,28-01-2016,Customer_325,West,California,Miami,Furniture,Chairs,874.2,1,96.16
CA-2015-106184,18-11-2018,Customer_287,East,Florida,Miami,Office Supplies,Storage,562.79,7,-41.88
CA-2016-106185,03-09-2016,Customer_496,South,Florida,Los Angeles,Furniture,Tables,209.49,2,52.72
CA-2017-106186,21-08-2018,Customer_341,East,Texas,Houston,Office Supplies,Binders,353.5,9,259.51
CA-2018-106187,16-01-2019,Customer_307,West,Texas,Houston,Technology,Phones,197.78,3,168.95
CA-2015-106188,20-05-2018,Customer_438,East,Texas,Los Angeles,Office Supplies,Paper,820.49,2,-27.53
CA-2016-106189,17-11-2017,Customer_493,Central,Illinois,Miami,Office Supplies,Paper,105.8,1,157.37
CA-2017-106190,20-07-2018,Customer_495,South,New York,Miami,Furniture,Chairs,992.49,4,251.99
CA-2018-106191,01-09-2017,Customer_249,West,Texas,Houston,Office Supplies,Binders,942.7,8,-4.22
CA-2015-106192,15-02-2015,Customer_39,South,New York,Miami,Office Supplies,Binders,907.59,8,176.46
CA-2016-106193,31-10-2015,Customer_300,South,California,Miami,Office Supplies,Storage,520.67,10,226.64
CA-2017-106194,28-05-2015,Customer_123,Central,New York,Houston,Office Supplies,Binders,684.33,10,-73.56
CA-2018-106195,12-05-2017,Customer_417,Central,New York,New York City,Technology,Copiers,626.35,4,31.75
CA-2015-106196,28-09-2017,Customer_186,Central,Texas,Chicago,Furniture,Tables,55.44,5,170.6
CA-2016-106197,04-03-2017,Customer_236,South,Texas,Miami,Furniture,Chairs,659.58,2,256.47
CA-2017-106198,25-09-2018,Customer_171,Central,New York,New York City,Office Supplies,Paper,849.26,3,122.91
CA-2018-106199,24-11-2017,Customer_401,East,Texas,Chicago,Office Supplies,Binders,149.81,3,54.46
CA-2015-106200,11-02-2015,Customer_349,South,New York,New York City,Office Supplies,Paper,736.37,4,170.63
CA-2016-106201,14-10-2016,Customer_412,Central,New York,Houston,Office Supplies,Storage,337.87,8,173.07
CA-2017-106202,19-01-2016,Customer_270,West,New York,Chicago,Technology,Copiers,24.81,4,-20.24
CA-2018-106203,20-10-2015,Customer_284,East,Texas,New York City,Technology,Copiers,570.1,1,213.21
CA-2015-106204,18-06-2015,Customer_370,Central,Illinois,Los Angeles,Office Supplies,Storage,413.06,8,59.37
CA-2016-106205,01-12-2016,Customer_121,West,Illinois,Miami,Furniture,Chairs,797.52,7,-7.88
CA-2017-106206,03-05-2017,Customer_162,West,Texas,New York City,Office Supplies,Storage,266.61,9,109.81
CA-2018-106207,05-05-2017,Customer_33,East,Texas,Los Angeles,Technology,Phones,300.46,3,-11.8
CA-2015-106208,19-04-2018,Customer_369,West,New York,New York City,Furniture,Chairs,637.97,5,266.84
CA-2016-106209,03-03-2017,Customer_168,East,Illinois,New York City,Technology,Phones,687.21,2,-1.27
CA-2017-106210,22-01-2019,Customer_448,Central,Illinois,Los Angeles,Technology,Copiers,706.29,8,78.86
CA-2018-106211,08-01-2017,Customer_466,East,New York,New York City,Office Supplies,Paper,548.85,4,-0.56
CA-2015-106212,10-02-2017,Customer_156,East,Florida,New York City,Office Supplies,Paper,490.47,9,37.74
CA-2016-106213,15-11-2017,Customer_25,West,Illinois,New York City,Office Supplies,Storage,308.0,7,193.11
CA-2017-106214,23-09-2018,Customer_313,East,Texas,Miami,Furniture,Tables,454.49,1,217.36
CA-2018-106215,31-12-2015,Customer_9,West,Texas,New York City,Office Supplies,Paper,872.7,9,-62.43
CA-2015-106216,10-03-2015,Customer_367,East,California,Miami,Technology,Accessories,810.9,2,69.18
CA-2016-106217,24-08-2018,Customer_255,West,California,Houston,Office Supplies,Paper,310.5,10,-41.53
CA-2017-106218,24-11-2015,Customer_170,West,Illinois,Chicago,Technology,Copiers,488.9,4,26.57
CA-2018-106219,25-06-2016,Customer_475,East,Florida,Los Angeles,Office Supplies,Storage,535.91,6,188.08
CA-2015-106220,08-02-2019,Customer_188,South,New York,Houston,Furniture,Chairs,668.42,7,247.7
CA-2016-106221,18-02-2016,Customer_273,Central,New York,Houston,Office Supplies,Paper,313.92,9,279.32
CA-2017-106222,12-04-2018,Customer_128,West,California,New York City,Technology,Phones,70.89,7,275.37
CA-2018-106223,08-08-2017,Customer_169,East,Illinois,Chicago,Technology,Copiers,244.12,2,-56.83
CA-2015-106224,17-02-2016,Customer_417,West,Illinois,New York City,Furniture,Tables,915.22,2,219.77
CA-2016-106225,19-03-2015,Customer_209,South,Texas,Miami,Technology,Phones,361.9,6,46.41
CA-2017-106226,26-01-2015,Customer_381,East,California,Los Angeles,Office Supplies,Storage,592.3,7,37.18
CA-2018-106227,21-05-2015,Customer_4,Central,Florida,Los Angeles,Technology,Phones,321.61,6,222.43
CA-2015-106228,04-10-2017,Customer_236,East,New York,Los Angeles,Office Supplies,Paper,940.35,7,-39.59
CA-2016-106229,19-08-2016,Customer_284,South,Illinois,Chicago,Office Supplies,Binders,977.85,2,149.83
CA-2017-106230,06-04-2016,Customer_335,East,New York,Miami,Technology,Accessories,12.72,7,-15.54
CA-2018-106231,06-10-2018,Customer_357,West,New York,Chicago,Furniture,Tables,281.49,10,229.66
CA-2015-106232,15-05-2015,Customer_149,South,Illinois,Chicago,Furniture,Chairs,329.77,8,-45.72
CA-2016-106233,14-09-2017,Customer_166,West,Florida,Chicago,Technology,Copiers,193.35,8,-29.68
CA-2017-106234,20-08-2017,Customer_256,Central,New York,Chicago,Office Supplies,Binders,286.19,1,287.53
CA-2018-106235,26-03-2016,Customer_496,East,Illinois,Houston,Furniture,Chairs,840.87,7,-99.52
CA-2015-106236,10-05-2018,Customer_115,East,Illinois,Miami,Office Supplies,Paper,311.54,6,145.32
CA-2016-106237,22-04-2016,Customer_214,Central,California,New York City,Office Supplies,Storage,361.97,6,-49.07
CA-2017-106238,02-10-2015,Customer_335,West,Illinois,New York City,Office Supplies,Paper,632.87,8,196.67
CA-2018-106239,09-02-2019,Customer_371,South,Florida,Houston,Office Supplies,Binders,320.84,2,147.51
CA-2015-106240,03-04-2016,Customer_132,South,Texas,New York City,Technology,Copiers,285.9,2,202.33
CA-2016-106241,09-04-2017,Customer_8,East,Illinois,Chicago,Furniture,Bookcases,495.12,4,-60.71
CA-2017-106242,05-02-2017,Customer_67,West,California,Houston,Office Supplies,Paper,894.65,10,94.01
CA-2018-106243,03-05-2016,Customer_181,South,Florida,Miami,Technology,Phones,185.63,4,237.74
CA-2015-106244,15-01-2018,Customer_12,Central,Texas,Los Angeles,Office Supplies,Binders,607.13,5,229.96
CA-2016-106245,16-10-2017,Customer_118,South,Illinois,Chicago,Office Supplies,Binders,176.54,6,203.5
CA-2017-106246,27-06-2018,Customer_52,Central,California,Houston,Technology,Copiers,691.56,7,271.51
CA-2018-106247,29-08-2018,Customer_12,East,New York,Los Angeles,Office Supplies,Storage,878.59,1,2.47
CA-2015-106248,27-12-2017,Customer_141,East,California,Houston,Furniture,Tables,23.2,9,195.82
CA-2016-106249,08-04-2017,Customer_57,West,California,New York City,Office Supplies,Paper,929.65,4,74.82
CA-2017-106250,20-06-2018,Customer_266,South,New York,Houston,Office Supplies,Binders,760.95,1,154.06
CA-2018-106251,05-05-2016,Customer_236,South,Illinois,Houston,Office Supplies,Binders,893.28,4,15.03
CA-2015-106252,23-01-2017,Customer_472,East,Illinois,New York City,Office Supplies,Paper,112.88,10,283.81
CA-2016-106253,04-12-2018,Customer_162,Central,Florida,Miami,Furniture,Chairs,290.81,10,61.46
CA-2017-106254,03-09-2018,Customer_417,West,Florida,New York City,Office Supplies,Binders,581.48,6,-80.29
CA-2018-106255,11-12-2016,Customer_216,West,California,Miami,Technology,Phones,827.02,2,213.04
CA-2015-106256,29-10-2016,Customer_418,Central,Texas,Los Angeles,Office Supplies,Storage,136.88,8,52.46
CA-2016-106257,26-05-2018,Customer_277,Central,Florida,New York City,Technology,Phones,394.11,4,254.08
CA-2017-106258,02-11-2015,Customer_45,South,Texas,Chicago,Office Supplies,Paper,861.47,10,64.15
CA-2018-106259,07-08-2016,Customer_434,West,Florida,Chicago,Furniture,Tables,145.87,5,-28.12
CA-2015-106260,25-10-2015,Customer_250,West,Florida,Houston,Technology,Accessories,521.96,2,258.62
CA-2016-106261,23-12-2018,Customer_157,South,New York,Miami,Office Supplies,Paper,869.04,1,271.71
CA-2017-106262,16-03-2016,Customer_344,West,Illinois,New York City,Furniture,Chairs,152.42,2,266.78
CA-2018-106263,11-10-2017,Customer_314,South,Florida,New York City,Office Supplies,Storage,82.95,5,-79.5
CA-2015-106264,12-01-2018,Customer_316,South,California,Los Angeles,Technology,Copiers,957.84,5,204.43
CA-2016-106265,01-03-2017,Customer_312,South,New York,Houston,Technology,Accessories,754.98,5,81.85
CA-2017-106266,12-10-2018,Customer_357,East,Texas,Miami,Technology,Phones,257.87,1,130.18
CA-2018-106267,21-03-2016,Customer_41,West,California,New York City,Office Supplies,Storage,719.87,6,45.76
CA-2015-106268,05-10-2016,Customer_45,South,Illinois,Houston,Office Supplies,Storage,86.79,4,151.49
CA-2016-106269,05-02-2018,Customer_328,Central,Florida,Chicago,Furniture,Bookcases,733.97,9,146.46
CA-2017-106270,07-11-2018,Customer_358,East,Florida,Miami,Furniture,Bookcases,203.83,3,265.11
CA-2018-106271,06-06-2017,Customer_490,West,Florida,Chicago,Technology,Phones,94.93,3,163.3
CA-2015-106272,17-02-2015,Customer_199,Central,Florida,Miami,Office Supplies,Binders,350.82,9,155.0
CA-2016-106273,20-02-2017,Customer_96,East,Florida,New York City,Furniture,Chairs,79.83,6,133.92
CA-2017-106274,17-07-2017,Customer_467,Central,Florida,Miami,Office Supplies,Paper,402.87,1,102.1
CA-2018-106275,25-10-2015,Customer_369,South,California,New York City,Office Supplies,Paper,405.62,9,216.11
CA-2015-106276,21-12-2018,Customer_253,Central,New York,Los Angeles,Office Supplies,Binders,663.67,10,81.51
CA-2016-106277,30-01-2019,Customer_167,West,Texas,Los Angeles,Office Supplies,Paper,278.1,9,2.45
CA-2017-106278,30-09-2015,Customer_483,East,Florida,Miami,Office Supplies,Storage,546.21,10,-1.25
CA-2018-106279,01-09-2018,Customer_312,South,New York,New York City,Technology,Copiers,314.01,8,110.18
CA-2015-106280,02-09-2017,Customer_139,East,Illinois,Los Angeles,Office Supplies,Binders,656.86,1,48.38
CA-2016-106281,24-08-2017,Customer_114,Central,Illinois,Los Angeles,Office Supplies,Paper,263.48,9,124.95
CA-2017-106282,08-12-2017,Customer_31,West,Texas,Chicago,Office Supplies,Storage,898.89,1,30.03
CA-2018-106283,14-03-2017,Customer_10,West,New York,New York City,Office Supplies,Binders,73.04,10,103.1
CA-2015-106284,27-03-2016,Customer_392,East,Illinois,New York City,Technology,Accessories,994.65,7,28.79
CA-2016-106285,09-11-2017,Customer_491,South,California,Houston,Technology,Accessories,325.12,7,78.86
CA-2017-106286,12-11-2015,Customer_284,East,California,Miami,Technology,Copiers,417.13,10,68.2
CA-2018-106287,16-12-2018,Customer_413,East,New York,New York City,Technology,Phones,358.04,9,120.41
CA-2015-106288,30-09-2018,Customer_310,West,Illinois,New York City,Office Supplies,Paper,955.99,8,257.14
CA-2016-106289,28-04-2018,Customer_53,West,Florida,New York City,Furniture,Bookcases,869.63,4,154.67
CA-2017-106290,29-01-2018,Customer_477,Central,Texas,Los Angeles,Technology,Phones,929.09,7,52.11
CA-2018-106291,11-02-2016,Customer_64,East,California,Miami,Furniture,Chairs,525.31,7,71.82
CA-2015-106292,14-10-2015,Customer_437,South,Illinois,Chicago,Technology,Phones,890.99,10,34.54
CA-2016-106293,08-09-2015,Customer_91,South,Florida,New York City,Furniture,Tables,938.36,6,67.49
CA-2017-106294,29-07-2015,Customer_17,West,California,Houston,Furniture,Tables,62.7,9,-54.41
CA-2018-106295,16-12-2016,Customer_483,South,Florida,New York City,Furniture,Tables,27.43,9,128.38
CA-2015-106296,23-02-2017,Customer_277,Central,Texas,Chicago,Technology,Phones,111.03,2,217.53
CA-2016-106297,12-07-2016,Customer_26,East,California,Houston,Furniture,Chairs,869.24,9,41.52
CA-2017-106298,23-12-2015,Customer_480,East,California,Chicago,Technology,Accessories,851.23,10,81.11
CA-2018-106299,04-05-2018,Customer_196,East,New York,Chicago,Technology,Copiers,58.7,2,286.8
CA-2015-106300,26-02-2015,Customer_2,East,Florida,Houston,Office Supplies,Storage,216.69,3,140.2
CA-2016-106301,13-06-2017,Customer_462,Central,Florida,New York City,Office Supplies,Paper,373.84,2,216.64
CA-2017-106302,29-10-2016,Customer_487,Central,Illinois,Chicago,Office Supplies,Storage,538.29,6,54.87
CA-2018-106303,10-02-2017,Customer_225,East,Texas,Los Angeles,Technology,Accessories,537.77,3,203.15
CA-2015-106304,14-05-2015,Customer_288,East,Texas,Houston,Office Supplies,Paper,849.03,6,14.43
CA-2016-106305,12-10-2017,Customer_288,West,Texas,Houston,Office Supplies,Storage,828.28,10,15.72
CA-2017-106306,07-05-2017,Customer_445,West,New York,New York City,Technology,Copiers,284.3,4,254.83
CA-2018-106307,08-02-2016,Customer_200,South,Illinois,Chicago,Office Supplies,Binders,288.5,8,139.74
CA-2015-106308,09-12-2015,Customer_344,South,Illinois,Houston,Technology,Copiers,375.93,3,-18.19
CA-2016-106309,13-11-2015,Customer_128,East,California,Los Angeles,Office Supplies,Paper,143.21,1,-21.81
CA-2017-106310,21-09-2016,Customer_193,West,New York,Los Angeles,Office Supplies,Storage,65.39,1,185.7
CA-2018-106311,24-01-2018,Customer_114,East,New York,New York City,Office Supplies,Binders,792.77,4,47.61
CA-2015-106312,27-07-2016,Customer_439,Central,Illinois,Miami,Furniture,Bookcases,685.48,9,141.31
CA-2016-106313,14-11-2018,Customer_381,West,Florida,Chicago,Technology,Copiers,640.25,6,157.89
CA-2017-106314,20-12-2015,Customer_374,Central,Florida,Houston,Office Supplies,Paper,979.06,7,34.61
CA-2018-106315,03-10-2018,Customer_278,South,New York,Los Angeles,Technology,Phones,765.88,2,204.71
CA-2015-106316,29-01-2018,Customer_14,East,Texas,New York City,Furniture,Chairs,633.82,8,-24.14
CA-2016-106317,02-01-2019,Customer_96,East,New York,Los Angeles,Technology,Copiers,302.36,10,77.51
CA-2017-106318,23-11-2018,Customer_191,South,New York,Houston,Technology,Phones,335.77,9,240.85
CA-2018-106319,08-07-2017,Customer_48,East,Florida,New York City,Technology,Accessories,325.79,1,298.45
CA-2015-106320,17-07-2017,Customer_198,East,Florida,Houston,Technology,Phones,885.31,7,-91.49
CA-2016-106321,10-08-2016,Customer_262,East,New York,New York City,Technology,Copiers,820.63,6,-57.93
CA-2017-106322,26-10-2015,Customer_407,South,California,Miami,Office Supplies,Paper,782.45,5,286.99
CA-2018-106323,25-09-2015,Customer_326,South,New York,Miami,Technology,Accessories,325.21,5,250.6
CA-2015-106324,09-08-2016,Customer_325,South,Illinois,New York City,Technology,Accessories,404.39,10,280.48
CA-2016-106325,01-07-2018,Customer_453,West,Texas,New York City,Furniture,Tables,319.42,3,1.27
CA-2017-106326,06-02-2018,Customer_143,East,New York,Houston,Furniture,Tables,833.19,4,166.89
CA-2018-106327,19-07-2015,Customer_310,West,New York,Chicago,Technology,Phones,272.33,5,126.4
CA-2015-106328,11-03-2017,Customer_101,West,Texas,Miami,Office Supplies,Storage,935.65,5,175.12
CA-2016-106329,19-03-2018,Customer_377,South,Texas,New York City,Technology,Phones,921.86,4,127.94
CA-2017-106330,24-09-2015,Customer_333,Central,Illinois,Chicago,Technology,Accessories,45.3,6,270.8
CA-2018-106331,24-09-2016,Customer_8,South,New York,Miami,Furniture,Chairs,918.78,7,-78.49
CA-2015-106332,23-09-2017,Customer_250,Central,California,Chicago,Office Supplies,Binders,788.54,1,138.58
CA-2016-106333,14-10-2017,Customer_62,West,California,New York City,Office Supplies,Storage,425.7,8,223.78
CA-2017-106334,12-01-2017,Customer_200,West,Florida,New York City,Technology,Phones,427.57,2,-42.65
CA-2018-106335,06-11-2018,Customer_415,East,New York,Chicago,Furniture,Bookcases,535.33,2,-30.63
CA-2015-106336,08-06-2015,Customer_388,West,Illinois,Houston,Furniture,Tables,899.7,8,296.63
CA-2016-106337,20-06-2016,Customer_428,West,Texas,Los Angeles,Furniture,Bookcases,704.79,3,24.76
CA-2017-106338,28-09-2018,Customer_409,West,Florida,Chicago,Technology,Copiers,770.22,8,96.81
CA-2018-106339,28-06-2018,Customer_31,West,Florida,Los Angeles,Technology,Copiers,662.05,9,112.28
CA-2015-106340,06-06-2018,Customer_117,East,Illinois,Miami,Technology,Phones,553.04,7,149.15
CA-2016-106341,01-07-2016,Customer_280,East,California,Los Angeles,Office Supplies,Paper,57.66,1,64.58
CA-2017-106342,08-06-2017,Customer_22,Central,Texas,New York City,Furniture,Bookcases,51.04,3,97.1
CA-2018-106343,09-04-2015,Customer_475,East,Illinois,Los Angeles,Furniture,Tables,874.33,2,-23.32
CA-2015-106344,16-01-2015,Customer_66,Central,Florida,New York City,Office Supplies,Paper,81.94,6,201.13
CA-2016-106345,05-01-2017,Customer_317,East,California,New York City,Technology,Copiers,491.2,3,-13.91
CA-2017-106346,22-01-2018,Customer_187,South,Illinois,Miami,Office Supplies,Storage,201.07,8,52.15
CA-2018-106347,06-04-2015,Customer_365,South,Illinois,Los Angeles,Office Supplies,Binders,861.31,10,-6.49
CA-2015-106348,25-04-2017,Customer_449,South,New York,Miami,Furniture,Bookcases,140.77,10,225.42
CA-2016-106349,25-04-2017,Customer_413,Central,Texas,Miami,Furniture,Bookcases,229.06,3,187.64
CA-2017-106350,14-09-2016,Customer_378,Central,California,Houston,Office Supplies,Binders,862.39,10,100.27
CA-2018-106351,09-12-2016,Customer_282,East,Texas,Los Angeles,Office Supplies,Binders,546.59,3,-14.49
CA-2015-106352,01-05-2017,Customer_416,South,Illinois,New York City,Furniture,Chairs,823.72,5,1.4
CA-2016-106353,01-07-2017,Customer_63,East,California,Miami,Furniture,Bookcases,688.09,5,-52.09
CA-2017-106354,03-03-2015,Customer_187,South,California,Miami,Technology,Copiers,988.13,9,242.61
CA-2018-106355,14-11-2018,Customer_168,Central,Texas,Los Angeles,Technology,Phones,427.42,6,184.03
CA-2015-106356,10-10-2017,Customer_230,Central,Florida,Chicago,Furniture,Chairs,89.02,9,256.59
CA-2016-106357,11-07-2017,Customer_438,South,Florida,Chicago,Technology,Phones,274.79,8,-30.96
CA-2017-106358,14-04-2015,Customer_49,East,Illinois,Miami,Furniture,Chairs,820.06,1,-32.0
CA-2018-106359,21-07-2018,Customer_488,Central,Illinois,Miami,Furniture,Bookcases,285.92,7,219.8
CA-2015-106360,13-10-2015,Customer_279,East,Texas,Miami,Technology,Phones,60.26,4,278.73
CA-2016-106361,17-09-2016,Customer_146,Central,Florida,Miami,Furniture,Tables,548.68,5,172.53
CA-2017-106362,23-08-2018,Customer_312,East,Illinois,New York City,Technology,Copiers,244.1,9,105.61
CA-2018-106363,23-07-2016,Customer_203,East,Illinois,Miami,Technology,Accessories,849.96,5,105.35
CA-2015-106364,02-02-2015,Customer_308,South,Illinois,New York City,Office Supplies,Storage,726.09,4,88.99
CA-2016-106365,16-05-2015,Customer_400,Central,Illinois,Miami,Technology,Accessories,389.61,7,-72.85
CA-2017-106366,03-12-2015,Customer_283,South,California,Chicago,Office Supplies,Storage,741.17,5,27.13
CA-2018-106367,19-10-2017,Customer_115,West,Illinois,Houston,Office Supplies,Storage,384.37,10,-82.28
CA-2015-106368,02-03-2018,Customer_62,East,New York,Miami,Office Supplies,Binders,585.95,8,146.76
CA-2016-106369,26-08-2017,Customer_335,West,New York,Miami,Office Supplies,Binders,223.12,2,68.7
CA-2017-106370,03-06-2016,Customer_139,South,Texas,Miami,Technology,Phones,468.05,10,244.98
CA-2018-106371,25-08-2018,Customer_154,Central,Florida,Chicago,Technology,Phones,99.58,9,268.28
CA-2015-106372,02-07-2018,Customer_192,West,New York,Houston,Technology,Accessories,697.96,5,275.89
CA-2016-106373,19-03-2015,Customer_398,East,Florida,Miami,Technology,Phones,92.57,4,18.18
CA-2017-106374,19-05-2015,Customer_28,East,Illinois,New York City,Technology,Phones,500.65,5,237.18
CA-2018-106375,20-06-2015,Customer_223,West,California,Miami,Office Supplies,Paper,747.7,9,-78.91
CA-2015-106376,02-03-2017,Customer_229,West,New York,Chicago,Office Supplies,Binders,931.04,7,272.96
CA-2016-106377,13-04-2018,Customer_104,Central,Texas,Miami,Office Supplies,Binders,137.53,10,246.72
CA-2017-106378,30-05-2018,Customer_374,West,California,Miami,Furniture,Chairs,784.49,8,230.62
CA-2018-106379,26-07-2015,Customer_304,Central,Florida,Chicago,Technology,Copiers,471.84,1,256.49
CA-2015-106380,17-03-2016,Customer_265,West,New York,New York City,Furniture,Bookcases,698.16,2,195.14
CA-2016-106381,01-08-2018,Customer_235,East,New York,Chicago,Furniture,Chairs,677.86,10,97.95
CA-2017-106382,14-08-2016,Customer_180,West,New York,Los Angeles,Office Supplies,Paper,489.32,9,115.01
CA-2018-106383,24-07-2015,Customer_300,West,Florida,Miami,Office Supplies,Binders,309.27,7,2.8
CA-2015-106384,31-01-2016,Customer_343,South,Texas,New York City,Furniture,Tables,523.82,3,91.21
CA-2016-106385,15-06-2015,Customer_127,South,California,Chicago,Office Supplies,Storage,822.75,10,214.07
CA-2017-106386,18-09-2018,Customer_201,South,New York,Chicago,Office Supplies,Paper,925.22,7,268.68
CA-2018-106387,01-10-2016,Customer_70,South,California,Chicago,Office Supplies,Storage,189.85,8,-18.2
CA-2015-106388,01-10-2015,Customer_30,West,California,Chicago,Office Supplies,Binders,374.53,10,76.91
CA-2016-106389,04-09-2016,Customer_341,East,Texas,Miami,Office Supplies,Binders,300.07,1,-63.94
CA-2017-106390,25-05-2018,Customer_407,West,New York,New York City,Furniture,Bookcases,763.86,10,200.2
CA-2018-106391,14-09-2015,Customer_400,South,Florida,Los Angeles,Technology,Accessories,547.64,2,256.55
CA-2015-106392,22-12-2016,Customer_26,West,Florida,Houston,Furniture,Chairs,855.69,2,-38.99
CA-2016-106393,04-11-2018,Customer_199,South,California,Miami,Office Supplies,Paper,102.72,7,-24.13
CA-2017-106394,11-07-2017,Customer_321,West,California,Houston,Technology,Phones,575.43,2,-81.57
CA-2018-106395,08-03-2015,Customer_92,Central,California,Chicago,Furniture,Tables,315.26,4,293.51
CA-2015-106396,17-12-2017,Customer_252,West,Texas,Houston,Office Supplies,Paper,725.72,10,229.68
CA-2016-106397,12-12-2017,Customer_146,East,California,Miami,Technology,Copiers,989.6,3,10.06
CA-2017-106398,14-06-2015,Customer_363,Central,Illinois,Chicago,Office Supplies,Storage,520.29,9,161.82
CA-2018-106399,08-02-2015,Customer_437,East,California,New York City,Furniture,Bookcases,396.04,3,-90.53
CA-2015-106400,25-03-2016,Customer_110,South,California,New York City,Furniture,Chairs,546.07,3,234.41
CA-2016-106401,19-09-2017,Customer_477,East,Texas,Miami,Furniture,Tables,727.79,4,217.63
CA-2017-106402,03-08-2015,Customer_79,West,Texas,Chicago,Technology,Accessories,949.32,1,108.61
CA-2018-106403,16-07-2018,Customer_40,East,New York,Chicago,Technology,Phones,723.51,8,110.58
CA-2015-106404,31-07-2016,Customer_497,Central,Florida,Chicago,Technology,Accessories,147.77,8,-0.42
CA-2016-106405,03-06-2018,Customer_494,East,Illinois,Los Angeles,Office Supplies,Storage,658.28,5,-71.79
CA-2017-106406,29-03-2015,Customer_410,East,Florida,Miami,Furniture,Chairs,925.69,7,284.62
CA-2018-106407,23-02-2018,Customer_254,East,New York,Los Angeles,Technology,Copiers,661.44,10,220.57
CA-2015-106408,08-09-2015,Customer_190,Central,California,New York City,Technology,Accessories,288.0,9,206.29
CA-2016-106409,08-07-2016,Customer_324,West,New York,Houston,Technology,Accessories,189.6,6,-61.41
CA-2017-106410,03-01-2016,Customer_493,West,New York,Chicago,Office Supplies,Storage,736.94,4,130.37
CA-2018-106411,28-03-2018,Customer_299,West,Illinois,Chicago,Technology,Copiers,149.36,9,199.51
CA-2015-106412,20-07-2017,Customer_27,Central,Florida,New York City,Technology,Copiers,128.16,2,186.58
CA-2016-106413,06-06-2016,Customer_259,Central,Illinois,Los Angeles,Furniture,Tables,927.22,3,59.43
CA-2017-106414,11-05-2018,Customer_35,Central,California,New York City,Furniture,Bookcases,205.6,10,1.94
CA-2018-106415,22-03-2016,Customer_1,East,Illinois,Miami,Furniture,Bookcases,655.37,1,17.85
CA-2015-106416,29-12-2017,Customer_42,South,New York,New York City,Furniture,Tables,476.3,3,223.68
CA-2016-106417,08-03-2015,Customer_492,West,Florida,Chicago,Furniture,Bookcases,238.71,7,215.16
CA-2017-106418,12-01-2015,Customer_144,Central,California,Houston,Furniture,Bookcases,836.29,3,137.64
CA-2018-106419,30-12-2018,Customer_75,East,Texas,Miami,Office Supplies,Storage,239.61,9,213.93
CA-2015-106420,12-03-2017,Customer_362,South,New York,Los Angeles,Technology,Copiers,526.77,9,183.27
CA-2016-106421,14-12-2015,Customer_437,Central,New York,Miami,Technology,Accessories,913.2,5,164.66
CA-2017-106422,09-06-2015,Customer_43,West,California,Houston,Technology,Phones,870.28,4,-67.95
CA-2018-106423,20-06-2016,Customer_105,West,Florida,New York City,Office Supplies,Binders,349.61,1,161.27
CA-2015-106424,09-11-2018,Customer_250,West,Florida,Los Angeles,Office Supplies,Binders,379.84,9,-52.78
CA-2016-106425,04-08-2015,Customer_487,Central,Florida,New York City,Technology,Accessories,653.19,6,125.35
CA-2017-106426,09-01-2016,Customer_2,South,Illinois,New York City,Furniture,Chairs,861.86,7,24.61
CA-2018-106427,15-08-2016,Customer_307,West,California,Miami,Office Supplies,Paper,335.24,10,176.83
CA-2015-106428,23-08-2017,Customer_32,East,New York,Los Angeles,Office Supplies,Binders,421.71,2,-32.69
CA-2016-106429,14-11-2015,Customer_224,West,Illinois,Houston,Technology,Phones,34.67,2,246.52
CA-2017-106430,06-07-2015,Customer_352,West,New York,New York City,Furniture,Tables,443.38,10,27.67
CA-2018-106431,17-07-2018,Customer_370,West,New York,Houston,Furniture,Bookcases,802.0,7,112.4
CA-2015-106432,25-06-2016,Customer_255,South,Florida,Houston,Technology,Copiers,540.18,1,256.85
CA-2016-106433,21-09-2016,Customer_362,Central,New York,Houston,Technology,Phones,874.63,6,254.66
CA-2017-106434,04-08-2015,Customer_245,Central,Illinois,Miami,Technology,Accessories,676.45,9,-9.9
CA-2018-106435,25-01-2016,Customer_341,West,New York,Los Angeles,Office Supplies,Paper,553.27,5,270.86
CA-2015-106436,24-05-2018,Customer_50,Central,Illinois,New York City,Technology,Accessories,749.05,3,71.5
CA-2016-106437,27-04-2016,Customer_335,West,Florida,Houston,Office Supplies,Storage,701.68,9,74.18
CA-2017-106438,27-06-2016,Customer_43,West,California,Houston,Office Supplies,Paper,941.86,6,121.16
CA-2018-106439,21-05-2017,Customer_47,West,Illinois,Los Angeles,Technology,Copiers,34.35,5,71.32
CA-2015-106440,18-10-2018,Customer_327,South,Texas,New York City,Office Supplies,Paper,730.23,6,-23.53
CA-2016-106441,27-08-2017,Customer_79,South,New York,Houston,Office Supplies,Storage,175.63,5,34.86
CA-2017-106442,16-01-2017,Customer_135,East,California,Houston,Technology,Copiers,836.32,7,93.79
CA-2018-106443,30-03-2016,Customer_5,South,New York,Houston,Office Supplies,Storage,606.66,5,4.21
CA-2015-106444,25-12-2017,Customer_199,South,Illinois,New York City,Office Supplies,Storage,650.82,7,220.68
CA-2016-106445,01-03-2017,Customer_58,Central,California,Houston,Office Supplies,Binders,793.59,10,219.86
CA-2017-106446,09-09-2018,Customer_215,South,Illinois,Los Angeles,Furniture,Chairs,909.16,10,164.98
CA-2018-106447,09-07-2018,Customer_431,West,Texas,Los Angeles,Technology,Copiers,874.34,10,-14.26
CA-2015-106448,12-08-2018,Customer_163,West,Florida,Chicago,Technology,Accessories,612.04,9,114.36
CA-2016-106449,11-07-2017,Customer_167,East,Illinois,Houston,Furniture,Tables,339.82,7,219.69
CA-2017-106450,05-10-2017,Customer_188,South,Florida,Miami,Technology,Phones,460.86,2,232.64
CA-2018-106451,17-07-2015,Customer_367,South,California,Houston,Office Supplies,Storage,799.24,4,222.73
CA-2015-106452,23-05-2016,Customer_298,West,Texas,Miami,Technology,Phones,160.15,3,206.73
CA-2016-106453,06-03-2017,Customer_444,Central,Texas,New York City,Office Supplies,Binders,143.76,6,90.57
CA-2017-106454,11-05-2017,Customer_439,Central,Florida,New York City,Technology,Accessories,412.89,6,91.07
CA-2018-106455,25-07-2016,Customer_454,West,New York,Houston,Technology,Accessories,972.65,6,-36.45
CA-2015-106456,12-03-2016,Customer_67,South,New York,Chicago,Technology,Phones,455.02,5,60.01
CA-2016-106457,18-04-2016,Customer_174,West,Texas,Miami,Office Supplies,Binders,598.24,2,-81.35
CA-2017-106458,17-09-2015,Customer_497,East,Florida,New York City,Technology,Copiers,47.79,4,21.61
CA-2018-106459,22-12-2015,Customer_271,South,California,Chicago,Office Supplies,Binders,13.95,9,258.2
CA-2015-106460,25-08-2016,Customer_39,South,Texas,New York City,Technology,Accessories,518.73,3,144.67
CA-2016-106461,02-03-2015,Customer_77,West,Illinois,Houston,Technology,Copiers,512.97,6,269.67
CA-2017-106462,13-08-2017,Customer_465,West,New York,Los Angeles,Furniture,Chairs,417.76,3,-71.61
CA-2018-106463,17-12-2017,Customer_215,South,California,Miami,Technology,Copiers,585.94,4,-4.47
CA-2015-106464,02-08-2015,Customer_125,Central,New York,New York City,Furniture,Tables,343.3,5,245.6
CA-2016-106465,28-07-2018,Customer_111,East,California,New York City,Office Supplies,Paper,652.81,5,56.57
CA-2017-106466,10-03-2018,Customer_43,West,Florida,New York City,Furniture,Bookcases,680.08,3,232.54
CA-2018-106467,22-02-2015,Customer_240,East,Florida,Los Angeles,Furniture,Bookcases,372.78,2,11.32
CA-2015-106468,04-08-2017,Customer_159,Central,New York,Houston,Technology,Phones,633.93,6,147.67
CA-2016-106469,30-05-2017,Customer_460,Central,Illinois,New York City,Furniture,Bookcases,536.63,8,131.6
CA-2017-106470,26-08-2016,Customer_317,South,Illinois,Houston,Furniture,Tables,872.97,7,141.32
CA-2018-106471,10-12-2015,Customer_134,Central,New York,Los Angeles,Office Supplies,Binders,859.28,10,105.88
CA-2015-106472,08-09-2015,Customer_118,East,Florida,Houston,Technology,Phones,102.57,6,-3.05
CA-2016-106473,25-12-2016,Customer_365,South,New York,Miami,Furniture,Bookcases,698.85,10,139.5
CA-2017-106474,08-08-2018,Customer_66,East,California,Houston,Office Supplies,Binders,756.18,6,267.58
CA-2018-106475,03-03-2017,Customer_35,West,New York,Chicago,Furniture,Tables,651.38,10,159.57
CA-2015-106476,30-08-2016,Customer_92,West,Florida,Houston,Furniture,Bookcases,489.69,5,-60.1
CA-2016-106477,04-01-2019,Customer_196,West,New York,Miami,Furniture,Chairs,267.71,6,-40.03
CA-2017-106478,07-07-2016,Customer_348,West,California,Los Angeles,Furniture,Bookcases,182.06,7,-37.43
CA-2018-106479,03-01-2019,Customer_120,Central,Texas,Miami,Technology,Copiers,374.36,8,35.78
CA-2015-106480,26-08-2018,Customer_175,South,Illinois,Chicago,Technology,Accessories,104.82,8,-56.12
CA-2016-106481,15-11-2018,Customer_96,West,Texas,Chicago,Furniture,Bookcases,935.03,10,-20.87
CA-2017-106482,29-10-2016,Customer_348,South,Illinois,Chicago,Office Supplies,Paper,211.46,3,-36.78
CA-2018-106483,30-09-2018,Customer_481,Central,Illinois,Chicago,Technology,Copiers,344.13,7,292.22
CA-2015-106484,25-06-2015,Customer_27,West,Texas,Los Angeles,Technology,Copiers,642.8,3,-40.69
CA-2016-106485,02-04-2017,Customer_272,West,Texas,Chicago,Office Supplies,Paper,139.39,6,206.2
CA-2017-106486,10-10-2018,Customer_322,West,Illinois,New York City,Furniture,Bookcases,175.49,5,226.24
CA-2018-106487,12-10-2017,Customer_87,Central,New York,Houston,Office Supplies,Binders,858.42,6,68.24
CA-2015-106488,11-12-2015,Customer_83,West,California,New York City,Office Supplies,Storage,480.38,3,292.03
CA-2016-106489,24-12-2018,Customer_458,Central,Illinois,New York City,Technology,Accessories,649.0,10,154.93
CA-2017-106490,19-06-2017,Customer_427,East,California,Miami,Technology,Phones,990.03,1,245.25
CA-2018-106491,27-02-2017,Customer_29,South,Illinois,Los Angeles,Technology,Accessories,555.62,3,238.64
CA-2015-106492,09-05-2016,Customer_403,West,Texas,New York City,Furniture,Tables,743.89,6,-51.54
CA-2016-106493,01-02-2016,Customer_5,South,Illinois,Houston,Office Supplies,Storage,456.01,3,220.61
CA-2017-106494,06-01-2015,Customer_248,South,Texas,Houston,Furniture,Chairs,930.16,10,243.27
CA-2018-106495,03-06-2018,Customer_53,South,California,Houston,Office Supplies,Binders,912.39,6,42.6
CA-2015-106496,09-09-2015,Customer_397,West,California,Los Angeles,Office Supplies,Storage,405.73,6,290.23
CA-2016-106497,23-11-2015,Customer_159,South,Texas,Los Angeles,Technology,Accessories,599.6,9,245.37
CA-2017-106498,21-09-2017,Customer_217,West,Florida,New York City,Technology,Copiers,214.5,6,178.02
CA-2018-106499,27-11-2016,Customer_468,West,Texas,Houston,Furniture,Chairs,639.12,4,126.98
CA-2015-106500,26-10-2018,Customer_126,East,Florida,New York City,Technology,Accessories,139.36,7,275.18
CA-2016-106501,27-08-2015,Customer_79,West,Florida,New York City,Furniture,Bookcases,636.69,5,27.09
CA-2017-106502,18-11-2016,Customer_327,West,California,New York City,Technology,Copiers,693.67,5,-8.31
CA-2018-106503,24-08-2015,Customer_313,Central,California,Los Angeles,Office Supplies,Paper,729.27,9,110.45
CA-2015-106504,16-11-2016,Customer_462,West,Illinois,Los Angeles,Office Supplies,Storage,477.15,9,81.93
CA-2016-106505,01-04-2016,Customer_376,West,New York,Chicago,Office Supplies,Binders,466.67,7,-9.08
CA-2017-106506,21-05-2016,Customer_265,West,Texas,New York City,Technology,Copiers,756.61,3,220.68
CA-2018-106507,09-11-2016,Customer_434,Central,Florida,Miami,Office Supplies,Paper,410.02,4,183.31
CA-2015-106508,19-08-2018,Customer_112,East,Texas,Houston,Technology,Phones,55.77,10,254.47
CA-2016-106509,14-03-2018,Customer_194,West,Texas,Los Angeles,Office Supplies,Storage,801.46,3,204.72
CA-2017-106510,21-05-2017,Customer_115,Central,Florida,New York City,Furniture,Chairs,814.09,7,163.83
CA-2018-106511,14-08-2015,Customer_410,South,Texas,New York City,Technology,Copiers,343.32,10,-31.72
CA-2015-106512,18-05-2017,Customer_37,West,New York,New York City,Furniture,Tables,424.5,1,132.95
CA-2016-106513,16-08-2017,Customer_486,East,New York,New York City,Furniture,Tables,974.4,10,258.62
CA-2017-106514,25-09-2018,Customer_71,South,New York,Houston,Office Supplies,Storage,431.78,7,-7.15
CA-2018-106515,01-01-2016,Customer_271,East,Illinois,Houston,Office Supplies,Paper,532.97,10,138.47
CA-2015-106516,25-09-2016,Customer_134,East,Illinois,Chicago,Technology,Phones,694.36,9,107.7
CA-2016-106517,18-08-2018,Customer_115,Central,Illinois,Los Angeles,Furniture,Bookcases,760.8,9,68.27
CA-2017-106518,20-05-2016,Customer_36,East,California,Miami,Furniture,Tables,795.9,1,59.25
CA-2018-106519,09-03-2017,Customer_105,Central,California,New York City,Furniture,Tables,227.69,8,113.72
CA-2015-106520,21-07-2015,Customer_276,East,New York,Miami,Office Supplies,Storage,457.33,1,183.64
CA-2016-106521,24-12-2016,Customer_112,West,Texas,Los Angeles,Furniture,Chairs,166.06,5,95.43
CA-2017-106522,16-06-2015,Customer_76,East,New York,New York City,Technology,Phones,233.68,10,-62.82
CA-2018-106523,13-09-2016,Customer_362,East,California,New York City,Furniture,Tables,535.59,10,-60.25
CA-2015-106524,20-03-2016,Customer_274,West,New York,Chicago,Technology,Accessories,581.92,8,-45.79
CA-2016-106525,20-07-2017,Customer_192,Central,Illinois,Los Angeles,Technology,Accessories,705.09,7,196.9
CA-2017-106526,29-11-2015,Customer_306,East,New York,New York City,Technology,Copiers,593.77,6,233.02
CA-2018-106527,29-06-2016,Customer_233,West,Illinois,New York City,Furniture,Chairs,217.63,2,192.55
CA-2015-106528,21-11-2016,Customer_206,South,New York,Houston,Technology,Accessories,317.07,8,75.72
CA-2016-106529,10-08-2017,Customer_432,South,California,New York City,Technology,Accessories,859.47,3,-35.07
CA-2017-106530,23-06-2016,Customer_478,East,Texas,New York City,Office Supplies,Paper,182.27,5,-29.52
CA-2018-106531,15-04-2016,Customer_233,East,California,New York City,Furniture,Tables,435.37,9,-55.8
CA-2015-106532,17-08-2017,Customer_405,West,Texas,Chicago,Office Supplies,Storage,306.37,7,62.43
CA-2016-106533,21-03-2018,Customer_247,Central,Florida,Houston,Office Supplies,Paper,377.18,1,-43.95
CA-2017-106534,26-05-2017,Customer_276,East,Illinois,Miami,Office Supplies,Paper,687.6,9,232.72
CA-2018-106535,17-01-2019,Customer_334,West,Illinois,Miami,Office Supplies,Binders,850.74,4,20.62
CA-2015-106536,30-06-2017,Customer_499,West,Illinois,Los Angeles,Office Supplies,Paper,323.3,6,50.19
CA-2016-106537,19-10-2017,Customer_210,Central,Illinois,Houston,Technology,Accessories,435.11,4,134.59
CA-2017-106538,27-03-2017,Customer_217,East,Florida,Chicago,Technology,Copiers,466.75,3,94.28
CA-2018-106539,27-03-2017,Customer_376,Central,Texas,New York City,Technology,Phones,470.42,2,89.31
CA-2015-106540,29-08-2018,Customer_461,East,Texas,Miami,Furniture,Bookcases,105.63,8,284.76
CA-2016-106541,20-07-2015,Customer_470,West,New York,Los Angeles,Technology,Phones,119.88,7,62.43
CA-2017-106542,11-09-2015,Customer_188,East,California,Miami,Furniture,Chairs,274.04,10,107.24
CA-2018-106543,30-09-2015,Customer_125,Central,New York,Los Angeles,Technology,Accessories,118.38,3,-32.65
CA-2015-106544,02-02-2015,Customer_316,South,California,Houston,Furniture,Tables,475.13,6,89.95
CA-2016-106545,18-08-2018,Customer_87,South,Florida,Los Angeles,Furniture,Bookcases,861.7,5,-19.3
CA-2017-106546,08-06-2017,Customer_338,South,Illinois,Los Angeles,Furniture,Tables,768.6,3,93.68
CA-2018-106547,18-03-2018,Customer_235,Central,California,New York City,Office Supplies,Storage,780.92,3,16.06
CA-2015-106548,27-01-2018,Customer_453,West,New York,Miami,Furniture,Tables,161.51,8,-99.16
CA-2016-106549,21-11-2015,Customer_387,Central,California,Miami,Technology,Accessories,738.07,10,133.56
CA-2017-106550,18-03-2018,Customer_135,West,New York,Houston,Technology,Copiers,592.7,4,291.12
CA-2018-106551,06-10-2018,Customer_164,East,Illinois,Miami,Office Supplies,Storage,714.62,4,-85.86
CA-2015-106552,02-07-2015,Customer_394,Central,Illinois,New York City,Technology,Accessories,697.59,2,33.53
CA-2016-106553,26-12-2018,Customer_252,East,Illinois,Houston,Furniture,Bookcases,436.39,6,134.79
CA-2017-106554,23-06-2018,Customer_4,Central,California,Los Angeles,Furniture,Chairs,27.38,9,159.18
CA-2018-106555,02-05-2017,Customer_8,East,Texas,Los Angeles,Office Supplies,Binders,623.48,7,-89.03
CA-2015-106556,26-05-2015,Customer_39,East,Florida,Houston,Office Supplies,Storage,919.05,8,-68.28
CA-2016-106557,02-01-2017,Customer_1,East,California,Chicago,Furniture,Tables,525.04,5,253.32
CA-2017-106558,26-05-2017,Customer_320,West,Florida,Houston,Furniture,Tables,66.08,7,46.95
CA-2018-106559,21-01-2015,Customer_459,Central,California,Houston,Office Supplies,Binders,820.05,5,17.17
CA-2015-106560,20-11-2015,Customer_334,East,New York,New York City,Office Supplies,Storage,593.59,2,241.74
CA-2016-106561,24-04-2017,Customer_185,West,New York,Miami,Furniture,Bookcases,967.24,10,-48.83
CA-2017-106562,06-05-2015,Customer_476,South,California,Miami,Technology,Copiers,971.36,3,49.59
CA-2018-106563,15-11-2017,Customer_86,South,California,Miami,Office Supplies,Paper,416.73,8,243.39
CA-2015-106564,09-02-2017,Customer_240,East,Illinois,New York City,Office Supplies,Binders,139.57,8,252.0
CA-2016-106565,15-06-2016,Customer_196,Central,New York,Chicago,Technology,Copiers,40.34,6,110.09
CA-2017-106566,26-02-2017,Customer_357,South,California,Houston,Furniture,Chairs,39.56,5,32.82
CA-2018-106567,18-06-2017,Customer_311,West,Illinois,Los Angeles,Technology,Accessories,571.52,2,3.68
CA-2015-106568,17-06-2018,Customer_207,South,Florida,New York City,Furniture,Bookcases,474.95,1,109.95
CA-2016-106569,15-11-2018,Customer_76,Central,New York,Los Angeles,Furniture,Chairs,889.79,1,151.63
CA-2017-106570,02-03-2016,Customer_437,South,Texas,Chicago,Technology,Accessories,250.61,6,100.73
CA-2018-106571,15-01-2017,Customer_263,Central,Florida,Miami,Technology,Phones,402.09,3,-58.01
CA-2015-106572,24-04-2015,Customer_493,East,Texas,Houston,Office Supplies,Paper,472.86,7,129.15
CA-2016-106573,13-10-2018,Customer_470,Central,Texas,Los Angeles,Office Supplies,Binders,243.05,10,-95.89
CA-2017-106574,07-05-2018,Customer_196,West,Illinois,New York City,Furniture,Bookcases,231.9,8,255.45
CA-2018-106575,26-07-2016,Customer_483,West,Texas,New York City,Office Supplies,Paper,192.38,9,211.26
CA-2015-106576,30-12-2016,Customer_156,South,California,Los Angeles,Technology,Copiers,562.28,3,-63.04
CA-2016-106577,12-03-2018,Customer_69,East,Florida,Miami,Technology,Copiers,81.29,8,161.74
CA-2017-106578,11-01-2018,Customer_409,South,Florida,Miami,Technology,Phones,493.87,8,256.4
CA-2018-106579,09-03-2016,Customer_13,South,New York,Chicago,Furniture,Tables,347.03,4,-90.7
CA-2015-106580,03-01-2018,Customer_22,Central,Illinois,Miami,Technology,Copiers,325.85,2,84.45
CA-2016-106581,07-06-2016,Customer_328,Central,California,Miami,Furniture,Bookcases,118.83,8,225.29
CA-2017-106582,27-06-2015,Customer_394,East,New York,Chicago,Technology,Copiers,916.93,4,42.49
CA-2018-106583,14-11-2016,Customer_221,East,New York,Miami,Furniture,Bookcases,617.1,9,-22.55
CA-2015-106584,31-07-2015,Customer_119,West,California,Miami,Furniture,Chairs,676.76,7,151.96
CA-2016-106585,27-11-2015,Customer_160,Central,Texas,Chicago,Furniture,Bookcases,111.76,10,105.39
CA-2017-106586,19-11-2017,Customer_267,South,New York,Miami,Office Supplies,Binders,976.51,10,111.89
CA-2018-106587,21-04-2017,Customer_492,West,Illinois,Los Angeles,Office Supplies,Binders,863.26,4,181.14
CA-2015-106588,23-04-2017,Customer_489,East,Florida,Chicago,Technology,Phones,535.23,6,-53.9
CA-2016-106589,08-10-2018,Customer_472,South,Texas,Chicago,Furniture,Tables,604.8,1,227.46
CA-2017-106590,30-12-2016,Customer_117,West,Florida,New York City,Office Supplies,Binders,637.9,5,161.39
CA-2018-106591,28-09-2015,Customer_162,Central,Illinois,Chicago,Furniture,Bookcases,467.32,1,-99.91
CA-2015-106592,19-10-2018,Customer_3,East,California,Miami,Office Supplies,Paper,769.48,1,131.79
CA-2016-106593,10-08-2018,Customer_446,East,Texas,Los Angeles,Office Supplies,Storage,702.06,6,44.06
CA-2017-106594,25-02-2016,Customer_11,West,Illinois,Chicago,Furniture,Bookcases,430.01,2,-58.53
CA-2018-106595,09-07-2015,Customer_16,Central,Texas,Miami,Office Supplies,Storage,903.63,8,210.0
CA-2015-106596,07-12-2015,Customer_83,West,Texas,Chicago,Furniture,Bookcases,603.57,1,42.78
CA-2016-106597,11-06-2017,Customer_376,West,Texas,New York City,Office Supplies,Paper,567.8,3,208.08
CA-2017-106598,12-06-2017,Customer_63,West,California,Chicago,Technology,Copiers,576.28,2,82.11
CA-2018-106599,19-08-2017,Customer_245,East,Illinois,Chicago,Furniture,Chairs,866.99,3,83.02
CA-2015-106600,17-05-2017,Customer_33,East,California,Miami,Technology,Phones,809.52,2,253.25
CA-2016-106601,15-03-2017,Customer_99,West,Illinois,Los Angeles,Furniture,Tables,418.46,7,141.72
CA-2017-106602,08-04-2017,Customer_321,West,New York,Chicago,Furniture,Tables,645.02,1,176.97
CA-2018-106603,13-07-2018,Customer_119,Central,Texas,Houston,Technology,Phones,489.18,8,179.9
CA-2015-106604,30-06-2015,Customer_225,Central,New York,Los Angeles,Furniture,Bookcases,499.65,10,-49.23
CA-2016-106605,28-06-2017,Customer_383,West,Texas,Chicago,Office Supplies,Binders,882.33,7,-12.92
CA-2017-106606,28-11-2016,Customer_54,South,Florida,New York City,Technology,Phones,107.78,1,-30.95
CA-2018-106607,17-02-2016,Customer_167,East,California,New York City,Furniture,Bookcases,29.07,9,272.72
CA-2015-106608,15-01-2015,Customer_273,South,California,Los Angeles,Office Supplies,Storage,109.21,7,-79.47
CA-2016-106609,15-11-2018,Customer_418,East,Florida,Miami,Technology,Accessories,835.55,7,190.24
CA-2017-106610,29-09-2018,Customer_107,South,New York,New York City,Technology,Phones,585.49,4,-2.37
CA-2018-106611,14-05-2017,Customer_477,West,Texas,Los Angeles,Office Supplies,Storage,744.31,9,50.41
CA-2015-106612,20-07-2016,Customer_247,Central,Florida,Los Angeles,Technology,Copiers,996.24,2,237.92
CA-2016-106613,26-06-2017,Customer_231,East,Texas,Chicago,Office Supplies,Binders,868.15,3,85.56
CA-2017-106614,02-01-2015,Customer_136,Central,New York,Los Angeles,Office Supplies,Storage,512.13,4,-27.05
CA-2018-106615,07-08-2015,Customer_95,Central,Florida,New York City,Technology,Copiers,445.18,4,28.31
CA-2015-106616,08-06-2015,Customer_80,South,California,New York City,Office Supplies,Binders,631.04,2,40.28
CA-2016-106617,23-11-2018,Customer_186,South,California,Los Angeles,Office Supplies,Paper,670.95,10,50.32
CA-2017-106618,08-09-2015,Customer_342,Central,California,Chicago,Technology,Accessories,78.37,6,74.71
CA-2018-106619,06-11-2015,Customer_46,South,Texas,New York City,Office Supplies,Paper,809.29,2,228.83
CA-2015-106620,09-06-2018,Customer_173,South,Texas,Los Angeles,Technology,Copiers,740.06,5,267.28
CA-2016-106621,19-06-2018,Customer_322,West,Illinois,Los Angeles,Office Supplies,Binders,728.34,10,36.46
CA-2017-106622,25-12-2017,Customer_313,South,Illinois,Los Angeles,Office Supplies,Binders,901.16,1,23.14
CA-2018-106623,03-06-2016,Customer_473,Central,Illinois,Los Angeles,Furniture,Bookcases,96.57,6,127.44
CA-2015-106624,28-04-2015,Customer_164,East,Florida,Miami,Technology,Phones,727.15,6,15.22
CA-2016-106625,11-02-2018,Customer_96,East,Texas,New York City,Office Supplies,Storage,239.28,10,-32.91
CA-2017-106626,16-08-2016,Customer_219,East,Florida,Miami,Furniture,Chairs,95.62,5,-30.33
CA-2018-106627,14-07-2016,Customer_307,South,New York,Miami,Furniture,Bookcases,90.6,9,42.02
CA-2015-106628,06-08-2017,Customer_175,South,Florida,Houston,Furniture,Chairs,890.11,5,219.71
CA-2016-106629,08-02-2018,Customer_101,Central,California,Chicago,Office Supplies,Binders,297.87,1,-0.95
CA-2017-106630,07-07-2017,Customer_69,South,New York,Los Angeles,Furniture,Tables,907.05,3,106.29
CA-2018-106631,22-01-2017,Customer_9,Central,New York,Chicago,Office Supplies,Storage,75.99,10,-30.53
CA-2015-106632,22-02-2018,Customer_492,East,Texas,New York City,Furniture,Tables,666.24,2,139.97
CA-2016-106633,05-08-2015,Customer_97,West,California,Houston,Technology,Accessories,376.01,7,191.73
CA-2017-106634,24-12-2015,Customer_327,East,Florida,Miami,Furniture,Bookcases,677.21,2,60.95
CA-2018-106635,29-11-2016,Customer_457,West,New York,New York City,Furniture,Chairs,561.53,4,185.09
CA-2015-106636,26-12-2016,Customer_257,South,California,Chicago,Office Supplies,Paper,631.28,6,163.61
CA-2016-106637,02-06-2015,Customer_439,East,New York,New York City,Technology,Accessories,719.76,7,157.69
CA-2017-106638,12-09-2016,Customer_49,East,California,Los Angeles,Furniture,Tables,944.96,5,105.7
CA-2018-106639,04-03-2018,Customer_125,Central,New York,Houston,Office Supplies,Paper,368.45,4,90.04
CA-2015-106640,26-11-2016,Customer_335,West,Illinois,Chicago,Office Supplies,Storage,233.94,9,35.92
CA-2016-106641,13-01-2018,Customer_273,West,Texas,Los Angeles,Office Supplies,Paper,628.01,6,75.02
CA-2017-106642,15-06-2016,Customer_24,South,California,Houston,Furniture,Tables,965.7,1,-2.59
CA-2018-106643,10-07-2015,Customer_80,East,Texas,Chicago,Furniture,Bookcases,557.73,8,-56.11
CA-2015-106644,10-02-2016,Customer_323,West,Illinois,Miami,Technology,Accessories,438.55,9,120.33
CA-2016-106645,02-04-2017,Customer_308,Central,New York,Miami,Office Supplies,Binders,757.93,9,114.57
CA-2017-106646,06-05-2017,Customer_468,West,Texas,Los Angeles,Technology,Phones,325.81,10,147.72
CA-2018-106647,24-11-2015,Customer_63,West,Texas,Miami,Furniture,Bookcases,854.71,6,224.75
CA-2015-106648,01-07-2017,Customer_151,Central,Florida,New York City,Technology,Accessories,43.92,7,36.72
CA-2016-106649,25-10-2015,Customer_10,South,Florida,New York City,Furniture,Tables,767.09,3,121.08
CA-2017-106650,30-03-2016,Customer_445,Central,Texas,Houston,Office Supplies,Paper,108.52,10,-15.96
CA-2018-106651,03-02-2017,Customer_377,Central,New York,Los Angeles,Office Supplies,Binders,223.27,4,50.41
CA-2015-106652,02-02-2017,Customer_107,Central,Florida,Miami,Technology,Phones,25.21,7,137.96
CA-2016-106653,31-12-2017,Customer_437,West,Illinois,Los Angeles,Furniture,Tables,478.14,4,102.11
CA-2017-106654,15-07-2016,Customer_271,West,Florida,New York City,Furniture,Tables,551.69,7,-45.94
CA-2018-106655,21-06-2016,Customer_20,Central,Illinois,Houston,Office Supplies,Paper,100.13,8,292.99
CA-2015-106656,10-04-2018,Customer_265,East,Illinois,New York City,Office Supplies,Paper,976.15,3,-28.48
CA-2016-106657,06-08-2015,Customer_73,Central,Florida,Chicago,Technology,Phones,21.12,9,54.92
CA-2017-106658,28-03-2018,Customer_199,West,California,Houston,Office Supplies,Paper,343.54,3,183.54
CA-2018-106659,29-09-2017,Customer_457,South,Florida,Los Angeles,Furniture,Chairs,881.96,10,18.19
CA-2015-106660,15-11-2016,Customer_399,West,Florida,Los Angeles,Technology,Copiers,517.88,5,260.61
CA-2016-106661,14-09-2018,Customer_52,West,New York,Los Angeles,Furniture,Chairs,723.65,9,133.37
CA-2017-106662,18-11-2018,Customer_47,South,New York,Miami,Office Supplies,Paper,51.86,3,-66.07
CA-2018-106663,06-05-2017,Customer_84,West,Illinois,Chicago,Office Supplies,Paper,616.12,8,63.36
CA-2015-106664,31-05-2015,Customer_130,South,California,Miami,Technology,Phones,820.74,2,83.0
CA-2016-106665,29-07-2017,Customer_184,East,Texas,Houston,Office Supplies,Binders,922.0,2,105.54
CA-2017-106666,23-03-2018,Customer_44,East,Texas,Miami,Technology,Phones,302.78,3,145.8
CA-2018-106667,08-11-2017,Customer_37,West,New York,Chicago,Office Supplies,Binders,277.35,7,-25.12
CA-2015-106668,25-05-2015,Customer_36,South,New York,Miami,Technology,Phones,629.75,1,161.08
CA-2016-106669,30-01-2018,Customer_311,South,California,New York City,Technology,Copiers,424.12,1,-94.51
CA-2017-106670,12-05-2018,Customer_36,South,Illinois,Miami,Furniture,Tables,638.83,3,245.93
CA-2018-106671,22-08-2015,Customer_103,South,New York,New York City,Technology,Phones,473.46,9,-65.55
CA-2015-106672,26-01-2019,Customer_403,West,Illinois,Chicago,Office Supplies,Storage,800.34,3,236.17
CA-2016-106673,23-08-2016,Customer_391,West,California,Houston,Office Supplies,Paper,803.52,1,197.04
CA-2017-106674,24-09-2017,Customer_254,South,Illinois,New York City,Office Supplies,Paper,210.57,1,-75.93
CA-2018-106675,10-02-2018,Customer_237,Central,New York,Houston,Furniture,Tables,22.26,9,-54.02
CA-2015-106676,30-08-2017,Customer_333,West,California,Los Angeles,Office Supplies,Storage,131.97,2,293.87
CA-2016-106677,15-12-2015,Customer_67,West,Illinois,Miami,Office Supplies,Binders,16.56,1,118.86
CA-2017-106678,29-11-2016,Customer_341,South,Texas,Miami,Office Supplies,Binders,405.15,5,147.91
CA-2018-106679,17-12-2015,Customer_175,Central,Illinois,New York City,Furniture,Chairs,211.43,7,147.43
CA-2015-106680,24-02-2016,Customer_261,East,New York,Los Angeles,Technology,Copiers,688.17,5,-96.51
CA-2016-106681,26-09-2016,Customer_398,South,Texas,New York City,Office Supplies,Paper,221.45,9,100.61
CA-2017-106682,09-05-2017,Customer_240,South,Illinois,New York City,Technology,Copiers,50.89,1,-33.67
CA-2018-106683,05-10-2016,Customer_235,East,Florida,Los Angeles,Furniture,Bookcases,637.33,6,294.08
CA-2015-106684,02-07-2015,Customer_358,East,New York,New York City,Technology,Phones,43.6,2,-98.74
CA-2016-106685,27-06-2018,Customer_334,East,California,New York City,Office Supplies,Storage,878.13,10,80.39
CA-2017-106686,22-05-2018,Customer_193,Central,California,Houston,Office Supplies,Binders,232.66,3,-4.03
CA-2018-106687,30-08-2016,Customer_465,South,New York,Chicago,Technology,Copiers,668.68,4,-39.35
CA-2015-106688,07-02-2017,Customer_139,South,New York,Houston,Office Supplies,Paper,520.66,4,68.02
CA-2016-106689,03-02-2017,Customer_200,Central,New York,New York City,Technology,Accessories,425.82,3,28.98
CA-2017-106690,07-01-2015,Customer_457,West,Florida,Miami,Technology,Copiers,61.62,4,233.83
CA-2018-106691,10-10-2016,Customer_123,West,Texas,Houston,Furniture,Chairs,92.05,10,212.01
CA-2015-106692,14-05-2018,Customer_220,Central,Florida,Chicago,Furniture,Tables,96.19,9,-37.05
CA-2016-106693,17-04-2015,Customer_385,East,Florida,Chicago,Office Supplies,Paper,699.22,4,-4.49
CA-2017-106694,14-09-2016,Customer_264,East,Florida,Houston,Furniture,Bookcases,711.71,4,233.69
CA-2018-106695,04-09-2015,Customer_77,West,Illinois,Los Angeles,Office Supplies,Paper,652.52,1,170.87
CA-2015-106696,03-01-2016,Customer_55,South,California,New York City,Furniture,Chairs,640.28,7,11.76
CA-2016-106697,29-11-2016,Customer_206,Central,Florida,Miami,Furniture,Chairs,101.99,4,182.58
CA-2017-106698,12-01-2017,Customer_42,West,New York,New York City,Furniture,Tables,899.72,6,11.22
CA-2018-106699,22-03-2018,Customer_433,South,California,Chicago,Technology,Copiers,953.99,1,89.52
CA-2015-106700,04-10-2018,Customer_374,East,Texas,Miami,Office Supplies,Binders,209.85,7,209.58
CA-2016-106701,12-03-2018,Customer_382,Central,Florida,Houston,Furniture,Chairs,222.59,9,13.73
CA-2017-106702,20-03-2015,Customer_95,Central,California,Chicago,Technology,Copiers,139.54,2,-63.32
CA-2018-106703,30-09-2018,Customer_464,South,Illinois,New York City,Furniture,Bookcases,466.96,2,186.88
CA-2015-106704,23-03-2018,Customer_146,Central,California,New York City,Technology,Phones,702.56,10,60.5
CA-2016-106705,09-03-2018,Customer_231,West,Florida,Los Angeles,Technology,Phones,884.17,4,64.81
CA-2017-106706,23-03-2017,Customer_479,Central,Florida,Los Angeles,Furniture,Chairs,985.75,1,80.89
CA-2018-106707,23-08-2016,Customer_357,South,California,Houston,Technology,Copiers,536.56,9,265.57
CA-2015-106708,08-09-2018,Customer_98,Central,New York,New York City,Technology,Copiers,900.52,3,64.43
CA-2016-106709,24-09-2017,Customer_355,East,Illinois,New York City,Furniture,Bookcases,724.21,1,81.53
CA-2017-106710,13-12-2017,Customer_440,South,Florida,Houston,Office Supplies,Binders,26.67,9,242.37
CA-2018-106711,09-09-2017,Customer_429,West,Illinois,Houston,Office Supplies,Binders,900.79,9,-14.52
CA-2015-106712,25-06-2015,Customer_68,South,Illinois,Miami,Office Supplies,Binders,383.33,5,82.32
CA-2016-106713,16-01-2019,Customer_430,Central,Florida,Chicago,Furniture,Chairs,887.79,5,295.19
CA-2017-106714,14-01-2016,Customer_310,West,Illinois,Miami,Office Supplies,Paper,559.9,3,26.39
CA-2018-106715,27-09-2016,Customer_262,Central,Illinois,Houston,Furniture,Chairs,858.44,8,240.39
CA-2015-106716,10-12-2018,Customer_196,West,Texas,New York City,Technology,Accessories,769.73,9,-36.19
CA-2016-106717,27-06-2016,Customer_193,South,Illinois,Chicago,Office Supplies,Storage,903.24,8,244.6
CA-2017-106718,26-11-2015,Customer_130,West,New York,Chicago,Technology,Phones,300.12,10,126.44
CA-2018-106719,23-02-2018,Customer_12,Central,New York,Los Angeles,Furniture,Chairs,39.19,1,49.75
CA-2015-106720,05-11-2018,Customer_116,South,New York,New York City,Technology,Copiers,257.73,2,99.91
CA-2016-106721,29-10-2017,Customer_381,Central,California,Houston,Office Supplies,Paper,854.38,3,258.76
CA-2017-106722,29-04-2017,Customer_489,East,Florida,Houston,Office Supplies,Storage,775.57,1,119.1
CA-2018-106723,08-06-2015,Customer_496,East,Texas,Los Angeles,Office Supplies,Storage,241.18,10,86.87
CA-2015-106724,18-04-2016,Customer_432,Central,Florida,New York City,Furniture,Chairs,389.78,6,-38.42
CA-2016-106725,19-09-2018,Customer_269,West,New York,New York City,Technology,Accessories,402.9,2,98.39
CA-2017-106726,09-04-2018,Customer_3,South,Texas,Los Angeles,Furniture,Bookcases,259.15,2,290.76
CA-2018-106727,04-04-2017,Customer_312,East,California,Miami,Furniture,Bookcases,277.71,6,74.39
CA-2015-106728,30-07-2016,Customer_353,Central,Texas,Houston,Office Supplies,Binders,973.08,9,108.58
CA-2016-106729,05-03-2016,Customer_72,East,Illinois,Miami,Technology,Copiers,398.16,10,-29.05
CA-2017-106730,25-08-2018,Customer_288,Central,California,Miami,Furniture,Chairs,22.01,6,57.04
CA-2018-106731,13-12-2017,Customer_400,South,New York,Chicago,Technology,Phones,755.12,3,-98.32
CA-2015-106732,03-03-2017,Customer_61,East,New York,Miami,Technology,Phones,588.24,4,139.83
CA-2016-106733,06-09-2018,Customer_76,Central,California,Chicago,Technology,Phones,281.12,6,278.63
CA-2017-106734,25-10-2018,Customer_278,East,Illinois,Houston,Office Supplies,Storage,553.27,8,220.51
CA-2018-106735,20-03-2015,Customer_343,East,Florida,New York City,Furniture,Bookcases,710.2,1,-65.54
CA-2015-106736,24-12-2015,Customer_190,South,New York,Chicago,Furniture,Tables,726.14,2,66.23
CA-2016-106737,01-11-2015,Customer_232,Central,Illinois,New York City,Office Supplies,Storage,328.05,5,287.58
CA-2017-106738,10-04-2018,Customer_317,West,Illinois,Chicago,Technology,Accessories,881.95,3,-49.41
CA-2018-106739,21-03-2015,Customer_125,West,Texas,Houston,Furniture,Bookcases,219.03,5,228.9
CA-2015-106740,24-09-2016,Customer_84,South,California,Chicago,Office Supplies,Storage,585.4,10,18.63
CA-2016-106741,23-12-2015,Customer_312,South,New York,Houston,Technology,Accessories,711.94,3,274.67
CA-2017-106742,18-09-2015,Customer_199,South,Florida,Houston,Furniture,Tables,610.33,7,-54.41
CA-2018-106743,11-11-2017,Customer_197,South,New York,Miami,Furniture,Tables,759.33,5,113.38
CA-2015-106744,24-07-2017,Customer_325,South,New York,Miami,Office Supplies,Storage,979.99,5,-38.36
CA-2016-106745,14-04-2016,Customer_398,Central,Florida,Los Angeles,Furniture,Chairs,767.79,9,188.14
CA-2017-106746,29-01-2019,Customer_293,South,New York,New York City,Office Supplies,Storage,226.28,7,124.14
CA-2018-106747,26-08-2015,Customer_395,Central,New York,Miami,Technology,Copiers,779.54,9,190.27
CA-2015-106748,24-03-2018,Customer_383,Central,Texas,Houston,Furniture,Bookcases,667.12,8,-17.63
CA-2016-106749,08-10-2015,Customer_221,East,New York,Chicago,Technology,Copiers,566.12,6,-37.73
CA-2017-106750,29-12-2017,Customer_344,South,Texas,Houston,Technology,Accessories,141.17,5,284.18
CA-2018-106751,11-06-2017,Customer_85,Central,Florida,New York City,Technology,Phones,630.3,9,236.3
CA-2015-106752,20-12-2017,Customer_372,Central,Florida,Houston,Office Supplies,Binders,449.87,10,39.43
CA-2016-106753,14-02-2015,Customer_440,East,Illinois,Chicago,Technology,Accessories,620.46,10,2.05
CA-2017-106754,26-06-2018,Customer_111,East,New York,Los Angeles,Furniture,Tables,138.49,3,50.36
CA-2018-106755,08-10-2015,Customer_236,West,Illinois,Houston,Office Supplies,Storage,576.88,7,266.2
CA-2015-106756,18-10-2017,Customer_15,East,Florida,Houston,Technology,Copiers,750.33,1,275.52
CA-2016-106757,21-07-2017,Customer_469,South,Texas,Miami,Technology,Copiers,891.78,3,129.44
CA-2017-106758,08-08-2018,Customer_402,West,Texas,Los Angeles,Technology,Copiers,701.77,6,-43.69
CA-2018-106759,22-03-2018,Customer_467,West,California,Chicago,Furniture,Tables,206.23,7,13.25
CA-2015-106760,19-09-2017,Customer_256,East,Texas,New York City,Furniture,Chairs,776.07,10,-40.54
CA-2016-106761,15-03-2015,Customer_101,Central,New York,New York City,Furniture,Bookcases,193.17,8,-69.01
CA-2017-106762,25-12-2017,Customer_330,East,Florida,Chicago,Technology,Phones,243.57,8,176.48
CA-2018-106763,30-10-2017,Customer_90,South,Florida,New York City,Technology,Accessories,233.88,10,-3.49
CA-2015-106764,18-10-2016,Customer_396,South,California,Chicago,Office Supplies,Storage,741.32,6,-71.39
CA-2016-106765,18-10-2017,Customer_310,South,Florida,Chicago,Office Supplies,Binders,430.82,3,-17.63
CA-2017-106766,05-05-2015,Customer_65,East,Texas,New York City,Office Supplies,Storage,564.21,2,-99.85
CA-2018-106767,26-10-2018,Customer_228,East,California,Los Angeles,Technology,Copiers,920.8,8,213.56
CA-2015-106768,10-12-2018,Customer_182,Central,Illinois,New York City,Technology,Accessories,415.76,7,242.72
CA-2016-106769,28-11-2015,Customer_38,East,New York,Miami,Office Supplies,Storage,996.76,5,-17.66
CA-2017-106770,29-04-2016,Customer_311,East,California,Miami,Office Supplies,Paper,82.88,9,195.46
CA-2018-106771,06-09-2016,Customer_95,East,California,Chicago,Furniture,Tables,848.42,2,174.47
CA-2015-106772,11-07-2017,Customer_48,Central,New York,New York City,Technology,Phones,510.13,7,-51.81
CA-2016-106773,01-01-2018,Customer_7,East,California,Miami,Technology,Copiers,165.83,8,33.25
CA-2017-106774,06-07-2017,Customer_332,Central,California,Miami,Office Supplies,Binders,225.98,5,-80.33
CA-2018-106775,05-10-2016,Customer_444,Central,Illinois,Los Angeles,Technology,Accessories,902.97,10,32.06
CA-2015-106776,03-02-2019,Customer_214,East,New York,Chicago,Furniture,Tables,784.0,3,5.03
CA-2016-106777,19-11-2018,Customer_246,South,New York,Chicago,Technology,Copiers,953.39,8,16.19
CA-2017-106778,08-11-2015,Customer_448,Central,Florida,Miami,Furniture,Tables,217.73,2,258.73
CA-2018-106779,13-12-2016,Customer_158,Central,California,Miami,Technology,Copiers,49.77,5,-70.95
CA-2015-106780,17-01-2017,Customer_155,West,Illinois,Los Angeles,Technology,Copiers,683.55,10,135.72
CA-2016-106781,08-12-2015,Customer_175,East,New York,Chicago,Furniture,Bookcases,660.42,7,156.68
CA-2017-106782,17-04-2015,Customer_181,West,New York,Houston,Office Supplies,Paper,974.46,7,239.93
CA-2018-106783,27-01-2015,Customer_39,East,Florida,Houston,Technology,Accessories,616.85,10,-71.26
CA-2015-106784,09-09-2016,Customer_230,East,Florida,Los Angeles,Office Supplies,Paper,776.16,10,54.17
CA-2016-106785,13-05-2018,Customer_439,East,Texas,Miami,Furniture,Chairs,532.57,1,-14.23
CA-2017-106786,02-06-2018,Customer_78,South,California,New York City,Office Supplies,Storage,768.57,9,-33.63
CA-2018-106787,15-02-2016,Customer_20,East,Texas,Houston,Furniture,Tables,772.21,2,282.83
CA-2015-106788,01-06-2016,Customer_323,Central,California,Chicago,Furniture,Bookcases,623.14,2,258.88
CA-2016-106789,13-10-2015,Customer_6,East,Texas,Chicago,Office Supplies,Paper,205.23,6,52.82
CA-2017-106790,07-07-2015,Customer_42,Central,California,Los Angeles,Technology,Phones,941.36,7,278.67
CA-2018-106791,11-05-2016,Customer_106,Central,California,New York City,Technology,Phones,633.78,1,30.23
CA-2015-106792,13-02-2016,Customer_416,West,New York,Chicago,Technology,Phones,767.95,2,208.02
CA-2016-106793,13-09-2017,Customer_338,West,New York,Los Angeles,Technology,Accessories,969.22,2,164.21
CA-2017-106794,06-01-2018,Customer_272,East,Illinois,Chicago,Furniture,Chairs,547.0,6,87.98
CA-2018-106795,06-12-2018,Customer_82,South,California,Houston,Furniture,Tables,596.27,1,258.53
CA-2015-106796,17-02-2017,Customer_272,Central,New York,Houston,Office Supplies,Storage,198.76,6,-14.53
CA-2016-106797,16-09-2018,Customer_356,South,Florida,Los Angeles,Furniture,Tables,982.14,7,-46.71
CA-2017-106798,19-06-2015,Customer_218,South,Texas,Houston,Furniture,Chairs,622.86,4,63.33
CA-2018-106799,04-09-2017,Customer_90,South,Illinois,Houston,Technology,Phones,769.96,7,-98.31
CA-2015-106800,30-01-2019,Customer_218,South,Florida,Miami,Furniture,Chairs,950.91,6,265.8
CA-2016-106801,19-03-2016,Customer_259,Central,California,Chicago,Technology,Copiers,645.08,4,37.35
CA-2017-106802,21-01-2019,Customer_220,South,New York,Houston,Office Supplies,Paper,181.36,8,214.53
CA-2018-106803,04-08-2016,Customer_5,Central,California,Los Angeles,Technology,Accessories,637.87,10,-11.28
CA-2015-106804,03-05-2017,Customer_295,Central,Florida,Los Angeles,Technology,Copiers,755.93,1,-82.86
CA-2016-106805,25-04-2018,Customer_15,East,Florida,New York City,Technology,Phones,524.53,3,207.79
CA-2017-106806,07-09-2017,Customer_147,Central,Illinois,Chicago,Technology,Copiers,537.06,2,4.82
CA-2018-106807,21-08-2017,Customer_193,South,New York,Miami,Furniture,Bookcases,954.59,8,56.67
CA-2015-106808,08-11-2018,Customer_187,Central,Illinois,New York City,Office Supplies,Storage,677.5,3,216.21
CA-2016-106809,13-12-2018,Customer_452,South,California,Miami,Furniture,Chairs,896.6,5,293.66
CA-2017-106810,11-11-2018,Customer_69,West,Florida,Houston,Technology,Accessories,554.73,8,299.86
CA-2018-106811,14-04-2015,Customer_325,West,Florida,Los Angeles,Furniture,Tables,766.72,1,-52.85
CA-2015-106812,20-03-2017,Customer_273,South,Texas,Houston,Office Supplies,Binders,837.68,6,93.41
CA-2016-106813,21-06-2015,Customer_187,Central,New York,Houston,Technology,Copiers,818.92,8,97.68
CA-2017-106814,18-03-2017,Customer_439,Central,California,Miami,Technology,Copiers,617.84,1,218.01
CA-2018-106815,30-06-2015,Customer_65,East,New York,New York City,Technology,Copiers,135.29,4,-47.85
CA-2015-106816,08-02-2019,Customer_293,South,Florida,Chicago,Technology,Phones,912.59,3,-71.45
CA-2016-106817,01-11-2015,Customer_121,East,Texas,Chicago,Furniture,Tables,237.58,1,171.21
CA-2017-106818,18-01-2015,Customer_78,Central,Illinois,Los Angeles,Technology,Phones,76.13,5,-16.6
CA-2018-106819,26-07-2017,Customer_282,East,California,Chicago,Furniture,Bookcases,607.69,9,184.97
CA-2015-106820,15-11-2016,Customer_136,East,California,Miami,Technology,Accessories,215.25,8,195.07
CA-2016-106821,19-11-2018,Customer_186,Central,Florida,Chicago,Office Supplies,Paper,433.76,5,-3.01
CA-2017-106822,03-12-2015,Customer_474,East,Florida,Chicago,Technology,Phones,712.27,4,212.61
CA-2018-106823,05-09-2015,Customer_141,South,Texas,Los Angeles,Office Supplies,Storage,143.58,9,-0.84
CA-2015-106824,05-07-2017,Customer_93,West,Texas,Los Angeles,Office Supplies,Paper,541.68,4,-84.34
CA-2016-106825,21-01-2018,Customer_28,West,Illinois,New York City,Technology,Copiers,636.85,6,-18.08
CA-2017-106826,29-03-2017,Customer_270,Central,California,Houston,Technology,Accessories,248.84,8,62.85
CA-2018-106827,10-02-2015,Customer_485,Central,Texas,Chicago,Furniture,Bookcases,970.84,5,-56.08
CA-2015-106828,15-03-2016,Customer_442,Central,Illinois,New York City,Furniture,Chairs,551.42,2,80.52
CA-2016-106829,27-05-2015,Customer_374,East,Florida,Chicago,Office Supplies,Paper,565.33,5,264.57
CA-2017-106830,10-01-2015,Customer_37,South,California,Chicago,Technology,Phones,348.03,3,104.45
CA-2018-106831,19-04-2018,Customer_127,East,Illinois,Los Angeles,Office Supplies,Paper,871.34,1,86.75
CA-2015-106832,17-10-2017,Customer_487,South,Florida,Los Angeles,Office Supplies,Storage,150.16,10,167.77
CA-2016-106833,07-08-2015,Customer_47,South,California,Miami,Technology,Phones,648.69,1,205.61
CA-2017-106834,16-10-2015,Customer_241,West,California,New York City,Furniture,Chairs,217.33,2,248.98
CA-2018-106835,10-03-2017,Customer_183,West,California,Los Angeles,Technology,Phones,230.63,6,143.9
CA-2015-106836,12-09-2016,Customer_72,West,Illinois,New York City,Technology,Phones,222.01,9,278.04
CA-2016-106837,22-11-2018,Customer_107,East,Texas,Miami,Office Supplies,Paper,51.99,6,113.1
CA-2017-106838,04-05-2017,Customer_138,East,Illinois,New York City,Technology,Phones,258.21,6,213.68
CA-2018-106839,31-12-2017,Customer_331,Central,Texas,Houston,Technology,Accessories,799.26,8,-16.47
CA-2015-106840,13-02-2016,Customer_79,Central,New York,New York City,Technology,Accessories,247.59,2,231.79
CA-2016-106841,02-04-2018,Customer_355,West,New York,Chicago,Technology,Accessories,159.31,6,212.13
CA-2017-106842,15-12-2016,Customer_333,East,California,Los Angeles,Furniture,Bookcases,611.55,4,1.84
CA-2018-106843,09-12-2018,Customer_328,East,New York,Miami,Office Supplies,Paper,27.74,5,214.54
CA-2015-106844,26-06-2017,Customer_332,South,New York,Chicago,Office Supplies,Paper,131.05,5,184.98
CA-2016-106845,17-11-2015,Customer_158,West,California,New York City,Technology,Phones,557.48,7,-44.24
CA-2017-106846,09-02-2016,Customer_306,West,Texas,Chicago,Furniture,Tables,44.21,6,-9.9
CA-2018-106847,04-05-2016,Customer_301,Central,Florida,Houston,Furniture,Bookcases,381.79,1,94.6
CA-2015-106848,03-10-2016,Customer_467,South,Texas,Miami,Furniture,Bookcases,239.65,5,191.32
CA-2016-106849,11-01-2019,Customer_216,West,New York,Houston,Furniture,Chairs,972.1,1,285.8
CA-2017-106850,26-08-2016,Customer_493,East,Illinois,Houston,Technology,Accessories,885.89,3,182.38
CA-2018-106851,14-05-2017,Customer_74,South,Texas,Chicago,Office Supplies,Storage,316.45,4,-21.93
CA-2015-106852,28-07-2018,Customer_17,East,Florida,Chicago,Furniture,Chairs,778.36,5,-64.48
CA-2016-106853,16-04-2016,Customer_126,West,Texas,Los Angeles,Office Supplies,Binders,995.8,7,-41.17
CA-2017-106854,18-06-2018,Customer_203,West,Illinois,Chicago,Furniture,Chairs,921.8,7,208.94
CA-2018-106855,18-01-2015,Customer_294,South,New York,Chicago,Technology,Accessories,178.19,5,54.39
CA-2015-106856,14-05-2016,Customer_353,East,Texas,New York City,Technology,Accessories,439.13,7,-72.38
CA-2016-106857,16-04-2015,Customer_364,South,New York,New York City,Technology,Copiers,593.95,6,-33.62
CA-2017-106858,30-09-2017,Customer_442,East,Florida,Houston,Furniture,Bookcases,505.09,8,116.01
CA-2018-106859,12-08-2017,Customer_6,East,California,Los Angeles,Technology,Phones,833.48,6,-34.28
CA-2015-106860,31-12-2018,Customer_295,West,Florida,Houston,Technology,Copiers,251.43,3,-67.44
CA-2016-106861,14-12-2016,Customer_58,South,Illinois,Los Angeles,Furniture,Chairs,23.73,2,-92.55
CA-2017-106862,03-10-2017,Customer_485,Central,California,Los Angeles,Furniture,Bookcases,584.46,1,108.74
CA-2018-106863,17-01-2019,Customer_18,Central,Texas,Houston,Furniture,Tables,427.29,3,129.06
CA-2015-106864,29-03-2016,Customer_164,Central,California,Chicago,Office Supplies,Binders,959.8,8,209.72
CA-2016-106865,18-09-2018,Customer_88,South,Florida,Los Angeles,Furniture,Bookcases,349.31,2,115.47
CA-2017-106866,06-06-2017,Customer_312,West,Illinois,New York City,Technology,Phones,649.23,3,220.53
CA-2018-106867,01-08-2017,Customer_297,Central,California,Houston,Office Supplies,Paper,242.05,10,247.67
CA-2015-106868,29-01-2018,Customer_365,West,New York,Chicago,Office Supplies,Binders,504.87,4,170.48
CA-2016-106869,04-12-2017,Customer_260,Central,Florida,Houston,Office Supplies,Storage,341.88,5,-97.68
CA-2017-106870,20-09-2018,Customer_178,South,Florida,Miami,Furniture,Bookcases,852.75,2,23.46
CA-2018-106871,25-02-2015,Customer_332,Central,Illinois,New York City,Office Supplies,Storage,620.82,8,140.42
CA-2015-106872,16-03-2017,Customer_195,West,Texas,Los Angeles,Technology,Accessories,214.37,4,-58.21
CA-2016-106873,29-10-2018,Customer_220,West,California,New York City,Office Supplies,Paper,883.43,5,265.83
CA-2017-106874,17-05-2015,Customer_49,East,Illinois,Los Angeles,Office Supplies,Paper,904.62,7,236.7
CA-2018-106875,10-01-2017,Customer_9,West,California,New York City,Office Supplies,Paper,953.03,1,-84.48
CA-2015-106876,02-09-2017,Customer_111,East,New York,Los Angeles,Technology,Phones,356.12,1,103.87
CA-2016-106877,12-01-2019,Customer_84,South,Illinois,Chicago,Office Supplies,Binders,562.76,1,142.46
CA-2017-106878,08-01-2017,Customer_457,West,Illinois,Chicago,Office Supplies,Paper,425.52,9,147.96
CA-2018-106879,26-07-2015,Customer_274,Central,Florida,Los Angeles,Technology,Copiers,514.88,1,296.0
CA-2015-106880,16-09-2016,Customer_276,East,Florida,New York City,Furniture,Bookcases,241.23,10,-75.92
CA-2016-106881,05-02-2015,Customer_57,East,Texas,New York City,Furniture,Chairs,251.7,6,82.13
CA-2017-106882,17-03-2015,Customer_51,West,California,Los Angeles,Office Supplies,Paper,245.34,10,-33.57
CA-2018-106883,05-11-2015,Customer_379,East,New York,Los Angeles,Furniture,Chairs,208.1,5,-1.59
CA-2015-106884,04-05-2018,Customer_327,East,Texas,Houston,Technology,Accessories,585.35,10,138.91
CA-2016-106885,19-10-2015,Customer_83,East,New York,Chicago,Technology,Accessories,415.19,7,162.84
CA-2017-106886,24-08-2016,Customer_436,East,New York,Chicago,Furniture,Tables,259.71,9,-9.8
CA-2018-106887,22-12-2015,Customer_414,Central,Florida,Chicago,Technology,Phones,39.52,1,128.65
CA-2015-106888,08-09-2017,Customer_200,South,Illinois,Miami,Office Supplies,Paper,753.47,6,228.07
CA-2016-106889,02-03-2017,Customer_211,Central,Florida,Miami,Technology,Copiers,614.17,10,70.13
CA-2017-106890,03-02-2018,Customer_123,Central,California,Houston,Technology,Accessories,375.41,3,144.0
CA-2018-106891,30-03-2016,Customer_83,South,Illinois,Miami,Technology,Phones,14.32,8,-30.92
CA-2015-106892,09-11-2017,Customer_494,East,California,Los Angeles,Office Supplies,Paper,450.55,8,-19.02
CA-2016-106893,13-06-2018,Customer_55,South,Florida,Miami,Office Supplies,Binders,83.38,10,264.61
CA-2017-106894,26-01-2016,Customer_23,East,Illinois,New York City,Office Supplies,Storage,273.35,9,169.58
CA-2018-106895,13-02-2017,Customer_276,South,New York,Houston,Office Supplies,Paper,885.68,10,31.03
CA-2015-106896,05-04-2015,Customer_250,Central,Illinois,Houston,Technology,Copiers,410.55,1,157.58
CA-2016-106897,29-04-2017,Customer_270,East,Florida,Houston,Office Supplies,Paper,947.34,6,-44.06
CA-2017-106898,27-09-2015,Customer_205,Central,New York,Los Angeles,Office Supplies,Binders,254.59,3,-53.91
CA-2018-106899,12-01-2015,Customer_131,Central,California,New York City,Furniture,Tables,83.13,8,143.31
CA-2015-106900,19-01-2016,Customer_185,Central,California,Los Angeles,Furniture,Chairs,396.94,7,11.76
CA-2016-106901,26-04-2016,Customer_279,South,Florida,Chicago,Office Supplies,Paper,674.52,4,36.06
CA-2017-106902,27-06-2018,Customer_238,East,Illinois,Chicago,Office Supplies,Storage,366.43,3,34.96
CA-2018-106903,29-03-2018,Customer_91,South,New York,Los Angeles,Furniture,Chairs,987.86,2,250.14
CA-2015-106904,11-03-2016,Customer_389,South,Texas,Miami,Furniture,Tables,435.76,7,184.19
CA-2016-106905,01-08-2016,Customer_97,East,Texas,Houston,Office Supplies,Storage,541.95,10,123.79
CA-2017-106906,28-03-2018,Customer_188,West,Illinois,Miami,Office Supplies,Paper,682.31,6,92.54
CA-2018-106907,22-03-2018,Customer_362,Central,Florida,Los Angeles,Technology,Accessories,653.38,2,-70.79
CA-2015-106908,10-10-2016,Customer_440,Central,Texas,Los Angeles,Technology,Phones,554.81,2,-42.65
CA-2016-106909,16-09-2018,Customer_59,West,California,Chicago,Furniture,Bookcases,287.88,5,-98.48
CA-2017-106910,29-08-2017,Customer_121,South,Florida,Los Angeles,Office Supplies,Paper,693.87,2,-42.97
CA-2018-106911,03-10-2015,Customer_25,Central,New York,Chicago,Technology,Phones,779.52,8,94.0
CA-2015-106912,31-05-2015,Customer_133,West,New York,Los Angeles,Technology,Accessories,236.66,1,260.44
CA-2016-106913,12-03-2017,Customer_339,West,Illinois,Miami,Furniture,Tables,960.69,5,-2.12
CA-2017-106914,13-09-2015,Customer_371,East,Illinois,Los Angeles,Furniture,Tables,702.52,5,-97.52
CA-2018-106915,03-02-2018,Customer_198,East,Florida,Chicago,Office Supplies,Binders,605.67,5,169.84
CA-2015-106916,21-04-2015,Customer_404,South,Illinois,New York City,Technology,Phones,991.77,10,-29.02
CA-2016-106917,22-01-2019,Customer_208,South,Texas,Los Angeles,Office Supplies,Storage,782.82,9,52.82
CA-2017-106918,28-05-2017,Customer_372,Central,New York,Miami,Technology,Phones,117.05,2,-34.24
CA-2018-106919,16-02-2017,Customer_78,South,Illinois,Houston,Furniture,Tables,489.49,5,278.26
CA-2015-106920,25-10-2016,Customer_177,East,Florida,Chicago,Office Supplies,Storage,521.37,3,-19.9
CA-2016-106921,12-10-2015,Customer_193,West,Illinois,Miami,Technology,Accessories,377.21,2,1.49
CA-2017-106922,13-01-2015,Customer_338,East,Texas,Houston,Furniture,Tables,894.11,10,257.03
CA-2018-106923,13-05-2017,Customer_397,East,California,Chicago,Furniture,Chairs,578.79,1,13.2
CA-2015-106924,06-07-2016,Customer_481,West,Illinois,Los Angeles,Technology,Phones,484.64,6,229.72
CA-2016-106925,31-12-2017,Customer_90,West,California,Chicago,Technology,Accessories,708.03,9,260.84
CA-2017-106926,15-07-2016,Customer_46,East,California,New York City,Furniture,Tables,182.39,4,-73.06
CA-2018-106927,16-01-2015,Customer_120,Central,California,Los Angeles,Furniture,Tables,481.52,1,152.05
CA-2015-106928,22-10-2017,Customer_25,Central,New York,Chicago,Furniture,Chairs,234.51,3,43.06
CA-2016-106929,11-05-2017,Customer_227,Central,Illinois,New York City,Furniture,Bookcases,497.5,4,76.5
CA-2017-106930,27-12-2017,Customer_491,Central,California,Los Angeles,Technology,Phones,535.57,3,57.1
CA-2018-106931,04-07-2015,Customer_4,East,Texas,Los Angeles,Technology,Copiers,57.16,3,193.38
CA-2015-106932,27-01-2017,Customer_393,West,New York,Los Angeles,Office Supplies,Paper,599.17,2,90.97
CA-2016-106933,19-07-2018,Customer_409,South,Texas,Miami,Furniture,Bookcases,255.32,9,-73.05
CA-2017-106934,11-11-2017,Customer_441,East,Texas,Chicago,Furniture,Chairs,819.65,7,59.62
CA-2018-106935,14-09-2016,Customer_328,South,Texas,Houston,Furniture,Tables,486.25,1,92.57
CA-2015-106936,22-03-2017,Customer_334,South,Texas,Houston,Office Supplies,Paper,143.46,2,174.75
CA-2016-106937,25-10-2017,Customer_149,Central,Illinois,Miami,Office Supplies,Binders,33.39,6,232.08
CA-2017-106938,07-01-2017,Customer_381,South,New York,Miami,Furniture,Chairs,164.29,10,244.86
CA-2018-106939,19-01-2015,Customer_409,South,New York,Chicago,Office Supplies,Storage,887.86,9,72.91
CA-2015-106940,03-03-2018,Customer_396,South,California,Miami,Office Supplies,Storage,758.65,1,110.48
CA-2016-106941,07-09-2016,Customer_380,West,California,Miami,Furniture,Tables,630.27,5,114.12
CA-2017-106942,28-11-2017,Customer_158,South,Florida,Miami,Furniture,Tables,56.94,7,189.23
CA-2018-106943,03-01-2019,Customer_15,East,Texas,Houston,Office Supplies,Storage,825.3,8,262.54
CA-2015-106944,16-09-2016,Customer_227,West,Illinois,Houston,Furniture,Tables,753.89,10,-5.87
CA-2016-106945,05-03-2017,Customer_149,Central,Illinois,Los Angeles,Furniture,Bookcases,344.79,1,252.06
CA-2017-106946,15-04-2017,Customer_250,East,Illinois,Chicago,Furniture,Bookcases,327.49,2,247.63
CA-2018-106947,10-08-2015,Customer_17,Central,Illinois,Miami,Office Supplies,Paper,837.09,5,205.57
CA-2015-106948,23-01-2018,Customer_452,East,California,Houston,Technology,Accessories,834.98,6,-13.26
CA-2016-106949,15-01-2018,Customer_424,East,Illinois,Miami,Furniture,Bookcases,179.86,2,18.34
CA-2017-106950,04-12-2017,Customer_312,East,Illinois,Chicago,Furniture,Bookcases,140.77,2,-69.08
CA-2018-106951,07-11-2016,Customer_251,Central,Texas,Houston,Technology,Accessories,49.11,3,-75.61
CA-2015-106952,25-02-2018,Customer_100,West,New York,Chicago,Office Supplies,Binders,584.23,3,257.79
CA-2016-106953,30-12-2016,Customer_112,East,California,Chicago,Office Supplies,Storage,61.69,4,-93.87
CA-2017-106954,11-11-2016,Customer_248,Central,Illinois,Miami,Technology,Phones,828.67,5,-74.01
CA-2018-106955,03-02-2015,Customer_37,South,California,Miami,Office Supplies,Binders,284.79,9,275.83
CA-2015-106956,24-11-2016,Customer_397,South,Illinois,New York City,Technology,Accessories,566.64,4,126.15
CA-2016-106957,19-06-2016,Customer_70,South,Florida,Miami,Technology,Phones,676.28,6,-35.49
CA-2017-106958,04-11-2017,Customer_259,South,New York,Miami,Furniture,Tables,504.57,2,104.81
CA-2018-106959,08-02-2017,Customer_171,South,New York,Miami,Office Supplies,Binders,677.77,6,126.0
CA-2015-106960,22-12-2018,Customer_392,West,California,Miami,Technology,Copiers,874.59,8,291.96
CA-2016-106961,01-06-2017,Customer_80,East,Florida,Chicago,Technology,Phones,980.1,8,-98.68
CA-2017-106962,10-10-2015,Customer_197,East,New York,Houston,Office Supplies,Paper,655.78,2,64.07
CA-2018-106963,25-01-2018,Customer_342,Central,California,Los Angeles,Office Supplies,Binders,687.1,7,2.91
CA-2015-106964,15-09-2016,Customer_23,South,Illinois,Miami,Technology,Phones,185.69,7,123.58
CA-2016-106965,04-07-2015,Customer_394,Central,Illinois,Miami,Furniture,Bookcases,259.55,3,-35.1
CA-2017-106966,09-04-2015,Customer_454,West,Florida,Los Angeles,Technology,Phones,226.62,5,193.24
CA-2018-106967,20-08-2018,Customer_437,South,Illinois,Los Angeles,Office Supplies,Paper,249.85,3,11.37
CA-2015-106968,09-08-2015,Customer_335,Central,Texas,Miami,Furniture,Bookcases,656.09,5,76.78
CA-2016-106969,09-03-2015,Customer_237,Central,New York,Chicago,Furniture,Tables,880.25,3,286.84
CA-2017-106970,19-01-2016,Customer_490,West,New York,Chicago,Technology,Copiers,199.5,9,29.4
CA-2018-106971,01-05-2016,Customer_403,South,Texas,Houston,Office Supplies,Paper,913.43,7,111.43
CA-2015-106972,25-04-2015,Customer_396,East,Texas,Los Angeles,Furniture,Chairs,415.29,4,2.23
CA-2016-106973,01-08-2015,Customer_135,Central,Florida,Miami,Technology,Accessories,542.8,10,126.98
CA-2017-106974,22-11-2017,Customer_109,South,New York,Los Angeles,Technology,Copiers,20.03,3,3.6
CA-2018-106975,16-10-2015,Customer_442,East,California,Miami,Technology,Accessories,485.05,10,237.45
CA-2015-106976,17-11-2015,Customer_277,South,California,New York City,Office Supplies,Paper,95.44,5,-44.35
CA-2016-106977,16-04-2017,Customer_63,West,Illinois,Miami,Technology,Phones,880.49,2,-80.04
CA-2017-106978,08-09-2018,Customer_262,Central,California,New York City,Furniture,Bookcases,16.86,3,-91.82
CA-2018-106979,17-08-2016,Customer_40,East,Texas,Los Angeles,Office Supplies,Paper,683.04,5,169.86
CA-2015-106980,09-09-2018,Customer_344,West,California,Chicago,Office Supplies,Binders,739.41,3,167.36
CA-2016-106981,03-12-2015,Customer_164,West,California,Miami,Technology,Phones,52.64,2,273.91
CA-2017-106982,20-12-2015,Customer_329,East,California,Los Angeles,Technology,Phones,511.66,7,239.42
CA-2018-106983,05-10-2018,Customer_54,South,California,Miami,Furniture,Bookcases,815.4,9,-51.15
CA-2015-106984,14-08-2015,Customer_186,East,New York,New York City,Technology,Phones,922.75,1,158.53
CA-2016-106985,13-10-2018,Customer_456,East,Florida,Chicago,Technology,Phones,548.66,4,-24.27
CA-2017-106986,20-05-2018,Customer_39,Central,New York,Chicago,Technology,Phones,586.97,6,76.99
CA-2018-106987,20-02-2016,Customer_380,West,New York,Miami,Furniture,Tables,651.45,4,-40.9
CA-2015-106988,14-12-2016,Customer_477,West,New York,Miami,Technology,Accessories,440.95,9,-18.28
CA-2016-106989,13-06-2015,Customer_13,East,Florida,Los Angeles,Office Supplies,Binders,733.08,4,187.14
CA-2017-106990,12-05-2016,Customer_30,West,Illinois,Chicago,Office Supplies,Storage,289.64,4,199.95
CA-2018-106991,02-01-2017,Customer_452,South,Texas,Chicago,Technology,Phones,471.29,8,174.34
CA-2015-106992,04-01-2015,Customer_291,East,Florida,New York City,Office Supplies,Binders,451.71,1,260.67
CA-2016-106993,01-04-2017,Customer_392,West,Florida,New York City,Technology,Accessories,393.37,9,-12.35
CA-2017-106994,11-01-2016,Customer_292,Central,New York,Los Angeles,Office Supplies,Storage,453.42,2,124.89
CA-2018-106995,01-07-2018,Customer_298,Central,California,Miami,Furniture,Tables,905.11,9,5.9
CA-2015-106996,15-01-2017,Customer_487,South,Florida,Los Angeles,Office Supplies,Paper,485.51,10,47.17
CA-2016-106997,28-02-2017,Customer_354,South,Texas,Houston,Furniture,Tables,615.85,7,-63.62
CA-2017-106998,10-11-2018,Customer_267,East,Illinois,Houston,Technology,Phones,313.25,4,39.05
CA-2018-106999,21-10-2018,Customer_165,South,Florida,New York City,Technology,Phones,412.81,8,263.52
CA-2015-107000,26-05-2018,Customer_277,West,Florida,Houston,Furniture,Chairs,702.19,10,-31.67
CA-2016-107001,25-01-2017,Customer_309,East,Florida,Chicago,Technology,Copiers,254.63,9,16.35
CA-2017-107002,08-09-2017,Customer_474,East,Florida,New York City,Technology,Accessories,432.91,9,157.12
CA-2018-107003,09-10-2017,Customer_365,East,Illinois,Chicago,Technology,Copiers,304.0,3,91.8
CA-2015-107004,30-05-2016,Customer_64,East,Florida,Los Angeles,Technology,Copiers,477.62,3,-96.9
CA-2016-107005,26-12-2017,Customer_315,Central,California,Chicago,Technology,Copiers,417.52,6,34.44
CA-2017-107006,03-04-2017,Customer_5,West,New York,Houston,Furniture,Tables,565.75,4,279.96
CA-2018-107007,16-06-2018,Customer_480,South,Texas,Houston,Furniture,Tables,376.83,6,-83.62
CA-2015-107008,18-02-2018,Customer_314,South,Florida,Houston,Office Supplies,Paper,298.58,5,85.96
CA-2016-107009,30-09-2018,Customer_308,Central,Illinois,Chicago,Furniture,Tables,698.25,3,293.87
CA-2017-107010,17-06-2016,Customer_29,East,Texas,Los Angeles,Office Supplies,Binders,355.34,9,124.76
CA-2018-107011,13-05-2018,Customer_208,East,New York,Miami,Furniture,Tables,688.56,3,199.88
CA-2015-107012,18-01-2015,Customer_394,Central,Illinois,Miami,Furniture,Bookcases,951.23,1,116.3
CA-2016-107013,21-10-2017,Customer_2,West,Illinois,Los Angeles,Office Supplies,Binders,141.36,6,218.32
CA-2017-107014,05-05-2015,Customer_108,West,Texas,New York City,Furniture,Bookcases,355.44,1,285.5
CA-2018-107015,25-10-2017,Customer_16,East,Illinois,Chicago,Technology,Copiers,46.56,10,148.85
CA-2015-107016,26-07-2018,Customer_140,Central,New York,Los Angeles,Furniture,Chairs,483.45,10,45.19
CA-2016-107017,08-02-2018,Customer_1,Central,Illinois,Los Angeles,Office Supplies,Binders,461.9,8,-39.11
CA-2017-107018,18-10-2018,Customer_161,South,New York,Chicago,Furniture,Tables,570.32,9,19.29
CA-2018-107019,14-05-2015,Customer_407,South,Florida,Los Angeles,Furniture,Bookcases,51.22,1,269.41
CA-2015-107020,19-06-2015,Customer_335,West,Texas,Los Angeles,Technology,Copiers,307.18,5,4.53
CA-2016-107021,19-07-2016,Customer_439,Central,Florida,Miami,Technology,Phones,654.07,8,26.24
CA-2017-107022,30-04-2017,Customer_29,West,Texas,Los Angeles,Technology,Accessories,233.41,9,147.33
CA-2018-107023,22-12-2015,Customer_186,West,California,Houston,Technology,Phones,147.4,9,243.84
CA-2015-107024,06-04-2016,Customer_259,Central,California,Los Angeles,Furniture,Chairs,14.88,9,200.46
CA-2016-107025,11-09-2018,Customer_438,South,California,Miami,Office Supplies,Storage,682.15,7,30.65
CA-2017-107026,26-07-2016,Customer_133,Central,Texas,Chicago,Furniture,Tables,759.83,8,59.1
CA-2018-107027,07-10-2016,Customer_192,East,Illinois,Los Angeles,Office Supplies,Storage,713.58,5,138.04
CA-2015-107028,08-01-2016,Customer_86,East,Texas,Los Angeles,Technology,Accessories,216.79,2,166.26
CA-2016-107029,18-08-2017,Customer_430,South,Illinois,Miami,Furniture,Tables,931.82,2,-4.28
CA-2017-107030,30-07-2018,Customer_5,Central,Illinois,Miami,Office Supplies,Paper,824.66,4,113.59
CA-2018-107031,11-04-2018,Customer_341,East,New York,New York City,Furniture,Tables,221.56,7,109.0
CA-2015-107032,23-01-2016,Customer_18,South,Texas,Chicago,Office Supplies,Storage,18.92,9,174.78
CA-2016-107033,07-03-2017,Customer_320,South,California,Miami,Office Supplies,Binders,603.57,3,247.78
CA-2017-107034,19-12-2016,Customer_333,East,Illinois,Los Angeles,Technology,Copiers,421.26,9,182.04
CA-2018-107035,02-07-2018,Customer_193,South,Texas,Houston,Office Supplies,Binders,956.53,4,178.61
CA-2015-107036,25-10-2017,Customer_64,Central,Illinois,Chicago,Technology,Accessories,777.94,9,53.94
CA-2016-107037,07-09-2017,Customer_142,West,New York,New York City,Furniture,Tables,567.8,6,290.53
CA-2017-107038,21-07-2016,Customer_425,West,Illinois,Chicago,Technology,Phones,163.88,6,27.56
CA-2018-107039,06-08-2017,Customer_282,Central,California,Miami,Technology,Accessories,162.83,2,213.57
CA-2015-107040,10-01-2019,Customer_217,East,Illinois,Miami,Office Supplies,Storage,594.76,6,-13.39
CA-2016-107041,11-01-2017,Customer_55,Central,Texas,Chicago,Technology,Copiers,954.78,2,128.74
CA-2017-107042,09-07-2017,Customer_191,East,Texas,Los Angeles,Office Supplies,Binders,468.53,6,276.69
CA-2018-107043,18-03-2016,Customer_76,East,California,Los Angeles,Furniture,Bookcases,155.34,2,52.74
CA-2015-107044,01-12-2016,Customer_35,West,Illinois,Houston,Office Supplies,Binders,639.93,9,11.9
CA-2016-107045,06-07-2017,Customer_199,Central,Illinois,Houston,Technology,Copiers,908.61,8,-12.88
CA-2017-107046,28-12-2015,Customer_397,Central,California,Houston,Technology,Copiers,131.15,5,243.63
CA-2018-107047,08-10-2018,Customer_493,Central,New York,Houston,Office Supplies,Binders,451.04,4,-27.2
CA-2015-107048,18-08-2017,Customer_88,West,Texas,Chicago,Office Supplies,Binders,762.53,10,137.85
CA-2016-107049,13-11-2018,Customer_10,Central,New York,Miami,Office Supplies,Binders,56.33,1,148.15
CA-2017-107050,26-05-2017,Customer_351,West,Illinois,New York City,Furniture,Chairs,246.92,1,92.48
CA-2018-107051,09-07-2015,Customer_462,South,Texas,New York City,Furniture,Chairs,40.03,2,-40.25
CA-2015-107052,17-01-2015,Customer_396,West,Illinois,Los Angeles,Technology,Phones,95.35,6,103.45
CA-2016-107053,04-04-2016,Customer_380,West,California,Los Angeles,Technology,Phones,740.53,7,116.99
CA-2017-107054,06-02-2018,Customer_4,West,Illinois,New York City,Technology,Phones,777.06,5,-11.61
CA-2018-107055,30-05-2015,Customer_303,West,Illinois,Chicago,Technology,Accessories,743.19,6,53.58
CA-2015-107056,10-05-2016,Customer_476,Central,Texas,Chicago,Furniture,Chairs,597.15,10,218.54
CA-2016-107057,27-09-2015,Customer_212,Central,California,Miami,Office Supplies,Binders,435.04,10,128.42
CA-2017-107058,12-10-2017,Customer_453,East,California,Houston,Office Supplies,Paper,114.28,9,-40.0
CA-2018-107059,19-07-2015,Customer_84,Central,New York,New York City,Office Supplies,Binders,984.94,9,65.35
CA-2015-107060,01-11-2015,Customer_381,Central,Texas,Chicago,Office Supplies,Storage,536.73,4,77.23
CA-2016-107061,17-12-2018,Customer_212,Central,Florida,Miami,Office Supplies,Paper,856.18,3,96.47
CA-2017-107062,10-05-2017,Customer_312,Central,California,Chicago,Office Supplies,Binders,437.2,7,37.54
CA-2018-107063,29-05-2017,Customer_72,East,Texas,Houston,Furniture,Chairs,971.17,3,110.05
CA-2015-107064,29-11-2015,Customer_253,West,New York,Chicago,Office Supplies,Binders,914.71,8,36.7
CA-2016-107065,10-01-2016,Customer_481,South,Texas,Los Angeles,Technology,Accessories,632.79,1,68.63
CA-2017-107066,27-08-2017,Customer_319,West,New York,Chicago,Office Supplies,Paper,524.45,10,286.58
CA-2018-107067,18-07-2015,Customer_25,West,California,New York City,Office Supplies,Paper,277.01,4,2.23
CA-2015-107068,13-08-2017,Customer_27,Central,Illinois,Miami,Technology,Copiers,372.31,7,235.48
CA-2016-107069,28-02-2018,Customer_247,East,California,New York City,Furniture,Chairs,377.53,5,139.03
CA-2017-107070,23-07-2017,Customer_428,South,California,Houston,Technology,Phones,227.8,6,267.77
CA-2018-107071,05-12-2016,Customer_136,South,California,Chicago,Technology,Phones,714.15,3,-88.93
CA-2015-107072,21-12-2015,Customer_44,East,New York,Chicago,Furniture,Chairs,750.96,5,-1.93
CA-2016-107073,24-01-2019,Customer_30,South,Florida,Chicago,Technology,Copiers,906.76,3,212.13
CA-2017-107074,19-03-2018,Customer_50,East,Texas,Los Angeles,Furniture,Bookcases,610.93,4,60.67
CA-2018-107075,08-06-2018,Customer_405,Central,Texas,Los Angeles,Technology,Copiers,283.53,1,18.47
CA-2015-107076,02-01-2017,Customer_425,East,Illinois,Miami,Technology,Accessories,655.69,4,85.34
CA-2016-107077,25-10-2016,Customer_59,South,New York,Chicago,Office Supplies,Storage,509.14,4,-42.44
CA-2017-107078,21-11-2017,Customer_126,Central,Florida,New York City,Furniture,Chairs,155.9,4,164.39
CA-2018-107079,12-12-2017,Customer_114,Central,New York,New York City,Furniture,Bookcases,20.01,4,132.59
CA-2015-107080,01-06-2017,Customer_167,Central,Florida,New York City,Office Supplies,Paper,784.86,6,262.8
CA-2016-107081,28-07-2015,Customer_398,South,Florida,Houston,Technology,Accessories,120.45,1,228.78
CA-2017-107082,08-04-2015,Customer_192,Central,California,Miami,Technology,Phones,738.78,6,228.44
CA-2018-107083,01-11-2016,Customer_224,Central,New York,New York City,Office Supplies,Binders,747.64,5,-79.82
CA-2015-107084,19-05-2016,Customer_322,West,California,Houston,Furniture,Tables,711.61,3,278.01
CA-2016-107085,20-09-2017,Customer_137,East,New York,New York City,Furniture,Tables,21.85,2,139.87
CA-2017-107086,19-03-2015,Customer_369,South,New York,New York City,Technology,Phones,685.52,1,-4.17
CA-2018-107087,26-02-2017,Customer_332,East,Illinois,Los Angeles,Technology,Accessories,431.34,1,-49.78
CA-2015-107088,27-09-2016,Customer_5,South,Texas,Houston,Office Supplies,Storage,401.06,9,14.17
CA-2016-107089,10-07-2015,Customer_29,West,California,New York City,Furniture,Bookcases,808.2,1,7.46
CA-2017-107090,03-12-2016,Customer_383,Central,Illinois,Chicago,Office Supplies,Storage,613.19,7,257.5
CA-2018-107091,26-10-2015,Customer_439,West,New York,New York City,Furniture,Chairs,718.93,8,-63.98
CA-2015-107092,13-05-2016,Customer_122,West,New York,Los Angeles,Office Supplies,Binders,216.47,10,115.26
CA-2016-107093,29-11-2016,Customer_265,South,New York,New York City,Office Supplies,Paper,568.44,8,-45.52
CA-2017-107094,17-12-2017,Customer_357,East,California,Miami,Technology,Accessories,617.09,5,138.74
CA-2018-107095,26-03-2015,Customer_426,East,Texas,Chicago,Furniture,Bookcases,229.36,6,222.13
CA-2015-107096,07-02-2019,Customer_101,South,Texas,New York City,Technology,Copiers,749.38,4,107.48
CA-2016-107097,10-01-2019,Customer_448,South,Texas,Los Angeles,Office Supplies,Paper,800.71,7,-9.07
CA-2017-107098,21-11-2018,Customer_225,West,Florida,Houston,Technology,Accessories,966.35,5,169.34
CA-2018-107099,24-06-2017,Customer_212,West,California,Los Angeles,Furniture,Bookcases,996.79,5,109.6
CA-2015-107100,02-05-2017,Customer_216,Central,Florida,Chicago,Furniture,Tables,869.13,3,33.97
CA-2016-107101,09-05-2017,Customer_433,East,New York,Los Angeles,Furniture,Bookcases,45.47,2,292.56
CA-2017-107102,21-06-2015,Customer_183,South,Florida,Miami,Technology,Copiers,902.76,6,202.99
CA-2018-107103,19-04-2018,Customer_387,East,Texas,Houston,Office Supplies,Paper,981.48,2,41.83
CA-2015-107104,05-06-2018,Customer_226,South,New York,New York City,Office Supplies,Storage,762.91,6,125.86
CA-2016-107105,03-10-2015,Customer_359,East,Texas,New York City,Technology,Accessories,646.81,5,66.71
CA-2017-107106,05-12-2015,Customer_480,Central,Illinois,New York City,Technology,Accessories,73.66,7,-50.88
CA-2018-107107,24-02-2016,Customer_379,East,California,Los Angeles,Furniture,Tables,225.03,8,116.71
CA-2015-107108,25-03-2017,Customer_497,West,California,Miami,Office Supplies,Binders,646.49,3,173.91
CA-2016-107109,29-01-2015,Customer_19,Central,New York,Houston,Furniture,Chairs,758.23,5,-56.99
CA-2017-107110,02-01-2018,Customer_188,East,New York,New York City,Office Supplies,Paper,155.91,5,152.34
CA-2018-107111,23-04-2017,Customer_258,East,Florida,Houston,Office Supplies,Binders,11.36,8,-91.06
CA-2015-107112,29-10-2018,Customer_216,South,Texas,Chicago,Furniture,Bookcases,124.43,2,296.97
CA-2016-107113,12-09-2015,Customer_159,Central,Texas,New York City,Office Supplies,Paper,456.04,9,60.73
CA-2017-107114,13-08-2017,Customer_379,Central,Illinois,Houston,Technology,Phones,913.64,5,155.14
CA-2018-107115,31-07-2015,Customer_202,Central,Texas,Miami,Office Supplies,Binders,974.94,3,183.11
CA-2015-107116,19-05-2017,Customer_61,East,Illinois,New York City,Office Supplies,Binders,817.32,4,232.76
CA-2016-107117,10-04-2017,Customer_227,West,California,Houston,Technology,Copiers,580.64,4,256.65
CA-2017-107118,06-09-2018,Customer_4,East,Illinois,Los Angeles,Furniture,Bookcases,372.34,3,60.29
CA-2018-107119,28-09-2016,Customer_287,South,California,Houston,Technology,Phones,179.93,7,243.76
CA-2015-107120,13-06-2016,Customer_274,Central,New York,Miami,Technology,Phones,612.32,9,-84.77
CA-2016-107121,23-10-2016,Customer_321,Central,Texas,Chicago,Technology,Accessories,922.79,3,261.22
CA-2017-107122,31-10-2018,Customer_150,Central,Florida,Los Angeles,Technology,Phones,35.69,2,193.66
CA-2018-107123,13-07-2015,Customer_144,West,Illinois,Miami,Office Supplies,Storage,477.08,4,-41.21
CA-2015-107124,25-07-2018,Customer_479,Central,California,Houston,Office Supplies,Paper,922.04,7,5.08
CA-2016-107125,04-04-2018,Customer_440,East,Texas,New York City,Office Supplies,Binders,507.16,3,-46.41
CA-2017-107126,31-10-2015,Customer_330,South,Florida,Los Angeles,Furniture,Bookcases,827.34,1,-99.85
CA-2018-107127,14-03-2018,Customer_172,West,Florida,Houston,Office Supplies,Paper,574.22,5,-28.89
CA-2015-107128,29-12-2015,Customer_25,Central,New York,New York City,Furniture,Tables,573.9,6,77.43
CA-2016-107129,20-11-2016,Customer_51,East,Florida,Los Angeles,Furniture,Tables,588.41,3,135.26
CA-2017-107130,20-03-2016,Customer_127,West,Illinois,Houston,Technology,Accessories,474.99,2,156.47
CA-2018-107131,01-05-2015,Customer_468,South,Illinois,New York City,Office Supplies,Binders,188.48,8,21.3
CA-2015-107132,19-08-2018,Customer_262,Central,New York,New York City,Furniture,Bookcases,399.42,2,86.64
CA-2016-107133,30-04-2015,Customer_61,East,Illinois,New York City,Technology,Copiers,536.49,2,172.65
CA-2017-107134,28-02-2018,Customer_7,Central,California,Chicago,Furniture,Chairs,194.77,7,162.06
CA-2018-107135,15-01-2015,Customer_330,East,Florida,Houston,Furniture,Bookcases,828.23,10,287.74
CA-2015-107136,23-09-2017,Customer_83,South,California,Houston,Technology,Copiers,915.5,3,136.9
CA-2016-107137,27-11-2015,Customer_6,West,Florida,Houston,Office Supplies,Paper,881.42,4,53.53
CA-2017-107138,20-07-2016,Customer_85,East,Florida,Chicago,Furniture,Bookcases,601.76,3,138.41
CA-2018-107139,23-07-2017,Customer_23,South,Florida,Chicago,Technology,Copiers,318.2,2,60.37
CA-2015-107140,23-11-2018,Customer_160,South,California,Miami,Office Supplies,Paper,616.14,9,-52.46
CA-2016-107141,13-12-2016,Customer_265,South,Florida,Chicago,Office Supplies,Storage,62.23,10,215.52
CA-2017-107142,29-06-2016,Customer_441,South,New York,New York City,Technology,Phones,982.65,2,17.02
CA-2018-107143,01-02-2018,Customer_144,South,California,Los Angeles,Furniture,Tables,237.19,8,187.18
CA-2015-107144,19-01-2018,Customer_111,South,New York,Miami,Office Supplies,Paper,377.69,1,294.21
CA-2016-107145,19-12-2016,Customer_444,West,Florida,New York City,Office Supplies,Binders,67.63,4,-95.0
CA-2017-107146,22-12-2017,Customer_7,South,New York,Los Angeles,Technology,Accessories,829.84,7,-58.03
CA-2018-107147,01-05-2015,Customer_267,West,Florida,Houston,Furniture,Chairs,394.11,9,-75.13
CA-2015-107148,26-08-2017,Customer_20,West,New York,Chicago,Office Supplies,Paper,608.26,7,211.84
CA-2016-107149,09-11-2017,Customer_479,East,Illinois,New York City,Furniture,Tables,906.22,2,-23.95
CA-2017-107150,05-09-2018,Customer_99,Central,Texas,Los Angeles,Office Supplies,Binders,71.58,4,276.33
CA-2018-107151,02-10-2017,Customer_188,Central,Illinois,New York City,Office Supplies,Storage,149.12,2,33.13
CA-2015-107152,01-04-2015,Customer_485,Central,Illinois,Chicago,Technology,Accessories,898.82,9,69.55
CA-2016-107153,07-02-2019,Customer_65,South,Illinois,New York City,Furniture,Tables,314.94,8,186.24
CA-2017-107154,02-01-2019,Customer_423,Central,Illinois,New York City,Technology,Phones,439.01,3,141.71
CA-2018-107155,18-02-2016,Customer_353,South,Texas,Los Angeles,Office Supplies,Binders,699.93,8,84.46
CA-2015-107156,11-05-2015,Customer_402,East,Texas,Chicago,Furniture,Chairs,193.94,4,251.69
CA-2016-107157,15-09-2015,Customer_223,Central,California,New York City,Office Supplies,Storage,558.89,6,18.8
CA-2017-107158,22-09-2017,Customer_63,East,Illinois,New York City,Furniture,Tables,826.08,6,292.32
CA-2018-107159,18-03-2018,Customer_72,South,Texas,Chicago,Technology,Accessories,704.76,10,185.18
CA-2015-107160,14-08-2017,Customer_183,Central,California,Chicago,Office Supplies,Paper,145.84,3,161.1
CA-2016-107161,02-07-2015,Customer_289,West,California,Houston,Office Supplies,Paper,379.99,8,-18.96
CA-2017-107162,13-03-2018,Customer_264,East,Texas,New York City,Technology,Phones,549.68,9,57.31
CA-2018-107163,15-01-2015,Customer_6,South,California,Miami,Furniture,Tables,436.07,8,129.63
CA-2015-107164,06-08-2016,Customer_402,West,Florida,New York City,Technology,Phones,479.66,6,99.22
CA-2016-107165,09-07-2018,Customer_139,East,Florida,Houston,Technology,Phones,176.46,3,-28.89
CA-2017-107166,26-02-2016,Customer_285,East,Florida,Los Angeles,Technology,Copiers,652.25,4,112.44
CA-2018-107167,21-07-2017,Customer_397,Central,California,Miami,Technology,Accessories,283.34,3,89.73
CA-2015-107168,20-09-2018,Customer_388,West,California,Chicago,Furniture,Chairs,999.16,7,-70.13
CA-2016-107169,03-04-2017,Customer_326,East,Texas,Houston,Technology,Copiers,413.13,8,53.34
CA-2017-107170,06-12-2017,Customer_489,South,New York,Chicago,Furniture,Bookcases,360.23,2,180.41
CA-2018-107171,31-08-2018,Customer_125,West,Illinois,Chicago,Furniture,Bookcases,379.85,3,62.02
CA-2015-107172,16-03-2016,Customer_377,South,Texas,New York City,Technology,Copiers,605.0,2,87.53
CA-2016-107173,06-12-2018,Customer_418,South,California,Chicago,Technology,Accessories,709.24,1,71.14
CA-2017-107174,08-12-2015,Customer_61,East,Texas,Los Angeles,Technology,Phones,630.18,7,31.09
CA-2018-107175,06-03-2018,Customer_425,West,New York,Chicago,Office Supplies,Storage,93.2,6,109.21
CA-2015-107176,14-04-2015,Customer_330,Central,New York,Miami,Furniture,Bookcases,285.06,4,252.86
CA-2016-107177,30-04-2015,Customer_24,East,Illinois,Chicago,Technology,Copiers,772.95,6,245.1
CA-2017-107178,11-10-2018,Customer_18,South,New York,Miami,Technology,Copiers,751.59,4,57.28
CA-2018-107179,06-09-2015,Customer_8,West,New York,Miami,Technology,Copiers,97.04,1,114.35
CA-2015-107180,07-08-2016,Customer_34,Central,New York,Los Angeles,Office Supplies,Paper,660.04,9,100.7
CA-2016-107181,03-10-2016,Customer_43,South,Illinois,Los Angeles,Furniture,Chairs,286.11,8,126.93
CA-2017-107182,26-02-2016,Customer_35,East,New York,Los Angeles,Office Supplies,Storage,571.93,9,272.2
CA-2018-107183,08-08-2017,Customer_34,East,Texas,Houston,Furniture,Chairs,177.94,2,271.1
CA-2015-107184,04-09-2016,Customer_457,West,Texas,Miami,Office Supplies,Storage,387.47,4,151.17
CA-2016-107185,19-08-2017,Customer_344,South,Florida,New York City,Office Supplies,Binders,311.36,3,149.23
CA-2017-107186,03-04-2016,Customer_74,East,California,Miami,Office Supplies,Binders,311.54,2,138.76
CA-2018-107187,19-10-2016,Customer_62,East,Florida,New York City,Technology,Copiers,443.27,9,243.78
CA-2015-107188,04-01-2015,Customer_185,West,Illinois,Chicago,Furniture,Bookcases,878.72,2,-82.09
CA-2016-107189,04-03-2017,Customer_241,South,Texas,Chicago,Technology,Accessories,512.1,2,-92.24
CA-2017-107190,08-02-2016,Customer_489,Central,Illinois,New York City,Technology,Phones,847.23,8,180.25
CA-2018-107191,24-07-2016,Customer_417,East,Illinois,Houston,Technology,Accessories,841.93,2,90.5
CA-2015-107192,13-03-2018,Customer_270,West,California,Chicago,Technology,Accessories,964.9,9,266.03
CA-2016-107193,20-01-2017,Customer_21,West,New York,Chicago,Office Supplies,Storage,197.75,4,209.26
CA-2017-107194,18-11-2018,Customer_288,West,Florida,Houston,Technology,Copiers,46.74,7,227.24
CA-2018-107195,12-01-2015,Customer_24,Central,New York,Chicago,Furniture,Bookcases,229.15,4,237.06
CA-2015-107196,04-01-2018,Customer_110,West,New York,New York City,Furniture,Bookcases,374.55,7,-29.64
CA-2016-107197,28-10-2017,Customer_19,West,California,Miami,Office Supplies,Paper,348.65,9,27.9
CA-2017-107198,07-01-2015,Customer_274,Central,Texas,Miami,Technology,Accessories,243.61,1,11.62
CA-2018-107199,02-09-2015,Customer_293,South,Florida,Houston,Technology,Accessories,286.52,6,245.8
CA-2015-107200,30-04-2017,Customer_478,Central,Florida,New York City,Technology,Accessories,419.28,5,3.63
CA-2016-107201,06-05-2017,Customer_349,East,New York,Los Angeles,Office Supplies,Paper,534.78,6,210.87
CA-2017-107202,09-04-2016,Customer_213,Central,Florida,Los Angeles,Furniture,Chairs,195.8,5,200.16
CA-2018-107203,28-04-2017,Customer_105,East,Florida,Los Angeles,Furniture,Bookcases,702.03,10,-8.86
CA-2015-107204,18-11-2016,Customer_57,South,Texas,Los Angeles,Technology,Accessories,567.56,9,53.34
CA-2016-107205,31-12-2018,Customer_282,West,Texas,Houston,Furniture,Tables,700.5,10,-16.0
CA-2017-107206,01-06-2017,Customer_360,South,Illinois,Los Angeles,Furniture,Chairs,680.4,6,-44.79
CA-2018-107207,18-08-2017,Customer_50,Central,Texas,New York City,Furniture,Bookcases,340.05,2,11.89
CA-2015-107208,07-09-2018,Customer_321,West,Texas,Chicago,Technology,Accessories,199.73,2,-52.69
CA-2016-107209,02-06-2017,Customer_495,West,Texas,Los Angeles,Furniture,Bookcases,474.88,5,138.72
CA-2017-107210,27-09-2015,Customer_360,West,Florida,Los Angeles,Technology,Copiers,489.82,9,57.09
CA-2018-107211,26-02-2016,Customer_7,West,Florida,Los Angeles,Technology,Accessories,435.35,2,232.39
CA-2015-107212,07-03-2017,Customer_176,East,Texas,Houston,Office Supplies,Paper,867.54,9,263.29
CA-2016-107213,26-11-2016,Customer_426,East,Illinois,Chicago,Furniture,Bookcases,801.7,3,183.19
CA-2017-107214,05-04-2016,Customer_146,South,Florida,Los Angeles,Technology,Accessories,755.86,9,221.31
CA-2018-107215,20-03-2018,Customer_326,West,Illinois,Chicago,Furniture,Tables,503.21,1,188.56
CA-2015-107216,26-12-2017,Customer_134,Central,Texas,Houston,Furniture,Chairs,652.88,10,280.12
CA-2016-107217,02-09-2017,Customer_485,East,Illinois,Miami,Furniture,Chairs,739.51,8,292.25
CA-2017-107218,14-07-2018,Customer_187,Central,Illinois,Miami,Furniture,Bookcases,11.37,4,134.89
CA-2018-107219,30-09-2016,Customer_448,West,Illinois,New York City,Furniture,Bookcases,856.82,5,214.16
CA-2015-107220,23-02-2017,Customer_199,West,Texas,Los Angeles,Technology,Accessories,18.29,5,-8.57
CA-2016-107221,08-11-2015,Customer_474,West,Texas,Chicago,Office Supplies,Binders,787.93,2,194.11
CA-2017-107222,04-09-2018,Customer_322,Central,California,New York City,Furniture,Bookcases,54.19,6,33.51
CA-2018-107223,01-07-2016,Customer_345,West,Florida,Los Angeles,Furniture,Bookcases,254.08,8,30.1
CA-2015-107224,08-08-2018,Customer_37,East,Illinois,Chicago,Office Supplies,Binders,808.56,8,7.14
CA-2016-107225,19-04-2016,Customer_431,Central,New York,Miami,Furniture,Chairs,451.54,6,26.4
CA-2017-107226,21-07-2017,Customer_274,East,Florida,New York City,Office Supplies,Paper,401.11,3,273.48
CA-2018-107227,03-11-2015,Customer_335,West,New York,Los Angeles,Office Supplies,Storage,185.57,10,-1.05
CA-2015-107228,29-08-2018,Customer_382,South,Illinois,New York City,Office Supplies,Binders,775.5,4,-16.61
CA-2016-107229,10-06-2017,Customer_165,West,New York,Miami,Technology,Copiers,611.98,3,193.03
CA-2017-107230,04-10-2018,Customer_423,West,California,New York City,Office Supplies,Storage,160.56,4,-25.1
CA-2018-107231,27-11-2016,Customer_413,Central,Illinois,Miami,Office Supplies,Binders,595.68,1,67.48
CA-2015-107232,22-02-2018,Customer_42,West,California,Los Angeles,Furniture,Bookcases,39.89,1,-44.01
CA-2016-107233,04-03-2016,Customer_33,East,Texas,Los Angeles,Office Supplies,Paper,256.53,1,-49.96
CA-2017-107234,27-01-2016,Customer_196,East,Texas,Los Angeles,Furniture,Tables,654.73,5,241.97
CA-2018-107235,25-11-2016,Customer_483,South,Texas,Houston,Furniture,Bookcases,62.4,10,7.33
CA-2015-107236,25-02-2016,Customer_108,East,Illinois,New York City,Office Supplies,Paper,448.02,8,288.16
CA-2016-107237,01-08-2017,Customer_102,East,Florida,Los Angeles,Office Supplies,Binders,772.14,10,290.21
CA-2017-107238,26-06-2018,Customer_338,East,New York,Chicago,Technology,Phones,778.55,7,86.44
CA-2018-107239,15-12-2016,Customer_348,East,New York,Los Angeles,Technology,Phones,100.05,10,255.99
CA-2015-107240,13-04-2018,Customer_298,West,Illinois,Miami,Technology,Copiers,410.9,1,159.49
CA-2016-107241,06-04-2016,Customer_472,Central,Illinois,Houston,Office Supplies,Storage,314.85,8,257.53
CA-2017-107242,25-08-2018,Customer_256,East,Florida,Chicago,Furniture,Bookcases,188.89,1,75.32
CA-2018-107243,12-11-2015,Customer_494,South,Texas,Chicago,Technology,Copiers,138.82,4,-12.83
CA-2015-107244,01-06-2015,Customer_112,West,New York,Chicago,Office Supplies,Storage,796.65,6,234.13
CA-2016-107245,10-02-2015,Customer_128,East,Illinois,New York City,Technology,Accessories,328.89,10,-13.16
CA-2017-107246,27-02-2018,Customer_129,East,Illinois,Houston,Office Supplies,Storage,769.36,6,75.96
CA-2018-107247,05-03-2017,Customer_102,East,New York,Miami,Office Supplies,Paper,62.91,2,275.14
CA-2015-107248,01-09-2015,Customer_333,East,Illinois,New York City,Furniture,Bookcases,125.64,8,-41.17
CA-2016-107249,10-12-2017,Customer_276,South,Illinois,Los Angeles,Technology,Copiers,635.96,9,-25.09
CA-2017-107250,02-05-2018,Customer_129,East,California,Houston,Office Supplies,Binders,423.04,9,246.79
CA-2018-107251,17-02-2016,Customer_300,South,Texas,Chicago,Technology,Copiers,138.59,1,89.57
CA-2015-107252,17-10-2016,Customer_17,Central,California,Miami,Furniture,Chairs,359.88,4,96.9
CA-2016-107253,25-08-2015,Customer_238,South,Illinois,Houston,Technology,Accessories,421.89,7,280.35
CA-2017-107254,05-05-2018,Customer_84,South,New York,New York City,Office Supplies,Storage,732.21,1,-70.44
CA-2018-107255,27-08-2015,Customer_282,East,Texas,Houston,Furniture,Tables,161.53,1,-39.55
CA-2015-107256,24-01-2015,Customer_367,West,Florida,Miami,Office Supplies,Binders,611.63,4,-15.57
CA-2016-107257,19-11-2016,Customer_392,Central,California,Chicago,Technology,Phones,829.68,1,269.77
CA-2017-107258,02-11-2017,Customer_125,West,Texas,Chicago,Furniture,Tables,185.17,1,61.41
CA-2018-107259,23-09-2018,Customer_302,West,California,New York City,Furniture,Chairs,947.51,4,-79.05
CA-2015-107260,11-12-2016,Customer_367,South,Texas,Los Angeles,Office Supplies,Paper,913.03,9,-27.38
CA-2016-107261,23-09-2016,Customer_169,West,Florida,Miami,Office Supplies,Paper,77.28,5,182.38
CA-2017-107262,10-05-2016,Customer_419,East,California,Houston,Office Supplies,Storage,931.89,6,173.95
CA-2018-107263,31-07-2017,Customer_409,West,Florida,Houston,Technology,Copiers,611.23,8,215.43
CA-2015-107264,21-01-2018,Customer_274,Central,Florida,Miami,Furniture,Tables,867.05,10,210.95
CA-2016-107265,20-11-2015,Customer_237,West,Texas,Houston,Furniture,Chairs,573.64,1,-61.86
CA-2017-107266,18-01-2019,Customer_235,East,Texas,New York City,Office Supplies,Paper,330.45,7,-18.66
CA-2018-107267,24-03-2017,Customer_138,East,Illinois,Houston,Office Supplies,Binders,928.13,4,230.78
CA-2015-107268,14-12-2015,Customer_46,Central,Florida,Miami,Furniture,Tables,453.85,10,95.04
CA-2016-107269,14-07-2017,Customer_9,South,California,Chicago,Office Supplies,Binders,106.92,4,-75.05
CA-2017-107270,22-07-2018,Customer_440,South,New York,Chicago,Furniture,Bookcases,537.69,5,-28.44
CA-2018-107271,17-07-2017,Customer_425,Central,Florida,Los Angeles,Furniture,Chairs,754.61,4,261.41
CA-2015-107272,24-05-2018,Customer_475,East,Texas,Houston,Furniture,Bookcases,979.11,10,194.29
CA-2016-107273,04-03-2018,Customer_379,Central,Illinois,Houston,Furniture,Chairs,416.91,7,254.06
CA-2017-107274,11-02-2018,Customer_32,West,Florida,Houston,Office Supplies,Storage,472.69,8,268.72
CA-2018-107275,24-01-2017,Customer_358,East,Texas,Miami,Office Supplies,Binders,530.28,1,-49.76
CA-2015-107276,21-12-2016,Customer_467,East,Florida,New York City,Technology,Accessories,96.71,5,-23.22
CA-2016-107277,10-03-2015,Customer_379,South,Texas,Los Angeles,Office Supplies,Binders,246.33,10,224.99
CA-2017-107278,04-10-2015,Customer_497,West,Illinois,Chicago,Technology,Phones,231.93,4,108.34
CA-2018-107279,28-12-2015,Customer_442,South,Illinois,New York City,Technology,Copiers,462.14,5,272.36
CA-2015-107280,09-11-2018,Customer_257,South,Texas,Miami,Office Supplies,Paper,525.52,3,-7.36
CA-2016-107281,04-08-2015,Customer_343,West,New York,Miami,Technology,Copiers,303.83,9,-2.33
CA-2017-107282,14-04-2016,Customer_120,West,California,Miami,Technology,Copiers,210.37,7,209.29
CA-2018-107283,15-06-2015,Customer_472,South,Texas,Houston,Technology,Copiers,17.56,2,140.52
CA-2015-107284,07-08-2017,Customer_209,West,Texas,Miami,Office Supplies,Binders,835.19,10,168.28
CA-2016-107285,31-10-2017,Customer_125,West,Illinois,Los Angeles,Furniture,Tables,495.8,2,197.57
CA-2017-107286,09-03-2018,Customer_238,South,California,Houston,Office Supplies,Storage,250.81,10,262.02
CA-2018-107287,08-08-2018,Customer_116,East,Florida,Los Angeles,Office Supplies,Paper,11.71,7,-60.1
CA-2015-107288,08-02-2015,Customer_301,South,Texas,Los Angeles,Office Supplies,Paper,43.96,3,84.36
CA-2016-107289,02-02-2019,Customer_106,West,Texas,Miami,Office Supplies,Binders,429.43,7,274.53
CA-2017-107290,22-11-2015,Customer_39,South,Florida,Houston,Furniture,Chairs,764.63,8,109.36
CA-2018-107291,30-01-2019,Customer_56,Central,Illinois,Miami,Furniture,Chairs,916.85,9,240.84
CA-2015-107292,18-11-2017,Customer_264,East,New York,Los Angeles,Furniture,Bookcases,459.73,7,-60.76
CA-2016-107293,13-06-2016,Customer_317,West,Texas,Houston,Furniture,Chairs,764.89,7,-21.86
CA-2017-107294,27-07-2018,Customer_7,West,Illinois,Houston,Technology,Copiers,388.16,5,64.96
CA-2018-107295,27-11-2018,Customer_376,Central,California,Miami,Office Supplies,Binders,708.08,1,120.46
CA-2015-107296,10-03-2016,Customer_341,East,Illinois,Houston,Furniture,Tables,86.58,3,118.59
CA-2016-107297,05-05-2015,Customer_467,South,Florida,Chicago,Furniture,Bookcases,621.42,7,289.73
CA-2017-107298,17-07-2017,Customer_474,South,Illinois,Houston,Office Supplies,Binders,281.89,4,99.19
CA-2018-107299,23-01-2019,Customer_216,South,California,Miami,Office Supplies,Paper,768.8,5,247.67
CA-2015-107300,14-06-2015,Customer_5,South,Illinois,New York City,Technology,Phones,644.78,6,-16.23
CA-2016-107301,05-12-2016,Customer_193,West,Texas,Miami,Technology,Copiers,284.25,10,205.12
CA-2017-107302,09-07-2015,Customer_334,Central,Texas,New York City,Furniture,Tables,109.35,8,-73.3
CA-2018-107303,18-03-2015,Customer_249,East,Illinois,New York City,Technology,Copiers,45.79,7,143.34
CA-2015-107304,26-01-2016,Customer_389,South,California,Miami,Technology,Copiers,351.92,7,-53.31
CA-2016-107305,14-06-2016,Customer_432,East,New York,Miami,Furniture,Tables,79.12,5,154.87
CA-2017-107306,21-09-2015,Customer_394,South,Florida,Houston,Office Supplies,Binders,111.46,5,104.59
CA-2018-107307,15-09-2016,Customer_432,West,Florida,Los Angeles,Furniture,Chairs,647.06,4,45.3
CA-2015-107308,18-06-2017,Customer_206,Central,Illinois,Los Angeles,Technology,Phones,786.07,2,247.86
CA-2016-107309,04-06-2016,Customer_205,Central,Illinois,Miami,Office Supplies,Storage,394.25,1,-67.29
CA-2017-107310,11-09-2016,Customer_47,Central,California,Miami,Furniture,Chairs,165.83,9,275.42
CA-2018-107311,01-11-2017,Customer_261,West,Texas,Houston,Technology,Phones,150.6,2,129.39
CA-2015-107312,14-04-2016,Customer_294,East,California,Los Angeles,Office Supplies,Storage,552.74,10,295.97
CA-2016-107313,18-11-2018,Customer_467,East,New York,New York City,Technology,Accessories,699.48,4,-74.57
CA-2017-107314,17-09-2017,Customer_41,South,California,New York City,Office Supplies,Paper,700.52,1,188.47
CA-2018-107315,07-09-2016,Customer_491,East,New York,Houston,Furniture,Chairs,258.36,2,61.61
CA-2015-107316,18-07-2015,Customer_287,East,California,Chicago,Furniture,Bookcases,110.21,10,267.78
CA-2016-107317,07-04-2018,Customer_131,East,Illinois,New York City,Furniture,Tables,824.44,1,287.81
CA-2017-107318,03-05-2016,Customer_433,East,Florida,Los Angeles,Office Supplies,Storage,955.7,2,218.13
CA-2018-107319,08-02-2019,Customer_469,East,Illinois,Los Angeles,Office Supplies,Storage,915.5,1,179.17
CA-2015-107320,19-04-2015,Customer_429,South,Florida,Los Angeles,Office Supplies,Paper,487.95,4,236.9
CA-2016-107321,20-02-2018,Customer_359,West,Illinois,Miami,Technology,Copiers,883.26,6,103.5
CA-2017-107322,06-06-2017,Customer_323,Central,Florida,Los Angeles,Office Supplies,Paper,758.59,10,198.01
CA-2018-107323,13-12-2016,Customer_357,West,Illinois,Los Angeles,Technology,Phones,373.25,5,155.2
CA-2015-107324,19-07-2017,Customer_234,East,Florida,Houston,Office Supplies,Binders,425.18,6,235.09
CA-2016-107325,27-11-2018,Customer_31,Central,Texas,Houston,Technology,Phones,27.45,8,171.58
CA-2017-107326,05-02-2015,Customer_22,West,Florida,Houston,Office Supplies,Binders,702.68,1,182.32
CA-2018-107327,08-12-2018,Customer_184,East,New York,Chicago,Furniture,Chairs,689.94,5,262.72
CA-2015-107328,31-03-2016,Customer_54,Central,Florida,New York City,Office Supplies,Binders,485.63,10,-50.95
CA-2016-107329,12-07-2015,Customer_146,West,Illinois,Miami,Furniture,Tables,632.67,2,201.95
CA-2017-107330,15-08-2015,Customer_180,West,Illinois,Chicago,Technology,Copiers,393.26,3,134.5
CA-2018-107331,02-08-2018,Customer_461,Central,Illinois,Houston,Technology,Accessories,639.85,8,50.89
CA-2015-107332,22-05-2017,Customer_409,Central,California,Chicago,Furniture,Chairs,977.03,5,231.5
CA-2016-107333,15-11-2018,Customer_68,South,Florida,Chicago,Technology,Accessories,751.68,6,6.42
CA-2017-107334,16-09-2017,Customer_351,Central,Florida,Los Angeles,Technology,Phones,749.93,3,-66.9
CA-2018-107335,17-10-2017,Customer_13,East,California,Miami,Technology,Phones,488.2,10,0.71
CA-2015-107336,21-08-2018,Customer_488,East,Texas,New York City,Office Supplies,Binders,273.96,3,19.5
CA-2016-107337,06-06-2017,Customer_126,South,Florida,New York City,Technology,Phones,896.72,9,24.27
CA-2017-107338,02-07-2016,Customer_255,West,Texas,Los Angeles,Technology,Copiers,942.51,5,32.75
CA-2018-107339,24-05-2015,Customer_404,Central,Illinois,New York City,Office Supplies,Paper,388.13,5,-62.66
CA-2015-107340,12-08-2016,Customer_11,East,Illinois,Houston,Office Supplies,Binders,60.93,1,209.39
CA-2016-107341,21-12-2016,Customer_127,West,Texas,Chicago,Furniture,Tables,194.0,4,191.75
CA-2017-107342,20-06-2018,Customer_272,West,Illinois,Miami,Furniture,Chairs,231.08,2,287.43
CA-2018-107343,06-01-2018,Customer_50,Central,California,Los Angeles,Furniture,Tables,349.92,8,59.77
CA-2015-107344,09-05-2016,Customer_434,Central,Florida,New York City,Office Supplies,Paper,161.25,6,286.77
CA-2016-107345,23-10-2017,Customer_439,West,New York,Chicago,Office Supplies,Paper,88.05,9,38.91
CA-2017-107346,02-01-2017,Customer_8,South,Florida,Chicago,Office Supplies,Binders,290.06,6,202.16
CA-2018-107347,24-06-2018,Customer_414,Central,Texas,Miami,Furniture,Tables,890.36,7,230.56
CA-2015-107348,24-10-2015,Customer_332,South,Florida,Houston,Office Supplies,Binders,822.35,9,195.71
CA-2016-107349,21-06-2018,Customer_226,South,California,New York City,Furniture,Bookcases,74.38,6,85.08
CA-2017-107350,15-05-2018,Customer_30,South,Florida,Chicago,Furniture,Tables,340.59,10,283.12
CA-2018-107351,28-05-2015,Customer_126,East,Illinois,Miami,Technology,Phones,165.22,9,266.24
CA-2015-107352,22-03-2017,Customer_467,East,Texas,Miami,Technology,Phones,832.66,4,32.61
CA-2016-107353,28-04-2015,Customer_291,West,Illinois,Miami,Office Supplies,Paper,68.21,5,-39.21
CA-2017-107354,18-12-2017,Customer_281,West,New York,Chicago,Technology,Copiers,243.47,2,88.75
CA-2018-107355,12-11-2018,Customer_332,South,Florida,New York City,Technology,Phones,935.7,8,190.46
CA-2015-107356,14-09-2017,Customer_97,Central,Illinois,Chicago,Office Supplies,Binders,373.91,5,22.9
CA-2016-107357,25-01-2019,Customer_106,Central,Texas,Miami,Technology,Accessories,332.27,4,76.05
CA-2017-107358,05-09-2015,Customer_92,East,Florida,New York City,Office Supplies,Paper,217.48,2,266.08
CA-2018-107359,04-07-2017,Customer_70,East,California,Miami,Technology,Phones,591.18,6,126.86
CA-2015-107360,05-08-2016,Customer_300,South,Florida,Los Angeles,Technology,Phones,786.51,10,-57.31
CA-2016-107361,18-02-2017,Customer_10,East,Illinois,Los Angeles,Furniture,Bookcases,278.27,7,233.26
CA-2017-107362,01-04-2017,Customer_295,South,Florida,New York City,Office Supplies,Paper,717.17,10,-92.92
CA-2018-107363,12-05-2017,Customer_233,Central,Florida,Houston,Office Supplies,Paper,194.89,4,38.49
CA-2015-107364,23-01-2017,Customer_443,West,Florida,Los Angeles,Furniture,Bookcases,256.84,1,114.21
CA-2016-107365,11-10-2018,Customer_300,Central,New York,Houston,Furniture,Bookcases,734.02,7,2.85
CA-2017-107366,27-06-2015,Customer_246,West,Illinois,Los Angeles,Technology,Copiers,741.19,7,-33.47
CA-2018-107367,19-11-2018,Customer_344,Central,Texas,Miami,Office Supplies,Paper,321.32,2,257.48
CA-2015-107368,25-08-2017,Customer_392,West,Florida,Houston,Office Supplies,Binders,159.93,6,245.22
CA-2016-107369,29-11-2015,Customer_407,Central,California,Los Angeles,Technology,Accessories,608.3,8,52.94
CA-2017-107370,28-08-2018,Customer_455,Central,Illinois,New York City,Office Supplies,Paper,150.02,7,0.58
CA-2018-107371,14-10-2017,Customer_12,West,New York,Los Angeles,Furniture,Chairs,51.58,4,172.65
CA-2015-107372,29-03-2018,Customer_218,East,Florida,Chicago,Office Supplies,Storage,864.84,7,-32.07
CA-2016-107373,24-09-2017,Customer_121,Central,Florida,Chicago,Furniture,Tables,548.44,1,71.87
CA-2017-107374,02-04-2015,Customer_100,Central,California,New York City,Furniture,Chairs,183.63,10,38.78
CA-2018-107375,23-06-2015,Customer_370,West,Illinois,Los Angeles,Office Supplies,Binders,77.98,7,19.14
CA-2015-107376,04-09-2016,Customer_364,South,California,Los Angeles,Furniture,Bookcases,162.75,4,10.34
CA-2016-107377,01-08-2018,Customer_316,South,New York,Miami,Technology,Accessories,783.64,10,14.09
CA-2017-107378,03-09-2017,Customer_460,East,Illinois,Los Angeles,Furniture,Tables,305.33,6,-7.64
CA-2018-107379,08-01-2018,Customer_393,West,California,Chicago,Office Supplies,Binders,727.69,10,154.48
CA-2015-107380,16-04-2018,Customer_398,South,New York,Miami,Furniture,Chairs,743.22,10,177.71
CA-2016-107381,06-04-2017,Customer_412,South,Florida,Chicago,Office Supplies,Binders,662.59,5,226.95
CA-2017-107382,30-06-2018,Customer_94,East,Illinois,Los Angeles,Furniture,Tables,135.46,7,119.43
CA-2018-107383,21-04-2015,Customer_338,South,Florida,Chicago,Furniture,Tables,799.56,10,269.72
CA-2015-107384,06-12-2017,Customer_490,Central,Florida,Los Angeles,Technology,Accessories,733.13,1,109.45
CA-2016-107385,12-09-2018,Customer_450,South,California,Miami,Office Supplies,Storage,530.54,10,124.85
CA-2017-107386,03-08-2017,Customer_345,Central,Florida,Los Angeles,Office Supplies,Paper,983.07,2,-90.37
CA-2018-107387,31-10-2016,Customer_419,East,Florida,Chicago,Technology,Copiers,678.48,6,270.32
CA-2015-107388,30-08-2017,Customer_447,South,Illinois,New York City,Furniture,Tables,388.98,9,278.46
CA-2016-107389,23-06-2015,Customer_495,East,Texas,Chicago,Technology,Copiers,488.77,10,149.9
CA-2017-107390,13-06-2016,Customer_179,East,California,Houston,Office Supplies,Storage,202.14,10,132.21
CA-2018-107391,30-08-2017,Customer_245,West,Texas,New York City,Furniture,Tables,646.02,4,263.99
CA-2015-107392,26-10-2015,Customer_487,Central,New York,Chicago,Furniture,Bookcases,30.31,4,-63.22
CA-2016-107393,19-12-2017,Customer_424,East,New York,Houston,Technology,Phones,545.52,9,-73.19
CA-2017-107394,03-05-2017,Customer_488,Central,New York,Chicago,Technology,Phones,586.75,10,-57.5
CA-2018-107395,12-12-2016,Customer_12,Central,New York,Chicago,Office Supplies,Paper,41.04,7,0.3
CA-2015-107396,24-05-2016,Customer_475,East,Illinois,Los Angeles,Furniture,Bookcases,585.09,3,87.09
CA-2016-107397,10-07-2018,Customer_245,East,New York,Chicago,Furniture,Chairs,581.97,5,68.82
CA-2017-107398,13-02-2017,Customer_269,West,Florida,New York City,Office Supplies,Storage,814.33,9,268.21
CA-2018-107399,16-03-2015,Customer_126,East,Florida,Miami,Furniture,Chairs,189.39,3,66.83
CA-2015-107400,21-09-2018,Customer_475,Central,California,Houston,Technology,Copiers,640.52,4,-12.7
CA-2016-107401,24-07-2016,Customer_309,South,Illinois,Chicago,Office Supplies,Paper,499.59,6,-40.03
CA-2017-107402,13-04-2017,Customer_307,Central,New York,Miami,Technology,Accessories,980.87,3,-55.24
CA-2018-107403,22-08-2015,Customer_66,South,Illinois,Miami,Office Supplies,Binders,725.27,9,-80.9
CA-2015-107404,18-08-2015,Customer_335,South,Texas,Chicago,Technology,Accessories,929.01,8,218.73
CA-2016-107405,02-12-2015,Customer_380,West,Texas,Los Angeles,Technology,Phones,434.04,8,-0.04
CA-2017-107406,06-07-2015,Customer_11,Central,Texas,New York City,Furniture,Bookcases,903.72,3,190.37
CA-2018-107407,20-02-2016,Customer_420,West,Florida,Los Angeles,Office Supplies,Storage,577.81,6,-42.41
CA-2015-107408,14-07-2015,Customer_476,West,Florida,Miami,Technology,Phones,803.24,7,244.91
CA-2016-107409,04-04-2017,Customer_144,West,Illinois,New York City,Technology,Accessories,811.15,4,23.82
CA-2017-107410,30-08-2017,Customer_280,West,Illinois,Miami,Furniture,Tables,686.33,4,183.34
CA-2018-107411,05-02-2016,Customer_35,South,Texas,New York City,Technology,Accessories,119.65,9,-99.47
CA-2015-107412,06-07-2015,Customer_157,East,New York,Los Angeles,Technology,Phones,986.03,5,35.06
CA-2016-107413,27-07-2017,Customer_386,East,California,New York City,Office Supplies,Storage,455.47,5,184.71
CA-2017-107414,06-12-2018,Customer_340,South,Florida,Chicago,Furniture,Tables,765.31,10,127.02
CA-2018-107415,29-05-2017,Customer_94,South,Florida,Miami,Office Supplies,Storage,731.84,1,226.65
CA-2015-107416,03-10-2015,Customer_72,South,California,New York City,Furniture,Bookcases,661.9,8,-56.67
CA-2016-107417,26-07-2016,Customer_35,East,Illinois,Houston,Technology,Copiers,764.83,10,267.67
CA-2017-107418,14-12-2016,Customer_128,Central,California,Los Angeles,Furniture,Tables,912.98,2,81.38
CA-2018-107419,31-03-2018,Customer_461,Central,California,Houston,Furniture,Chairs,741.72,8,111.63
CA-2015-107420,09-11-2016,Customer_260,East,Florida,Houston,Technology,Copiers,663.87,8,115.7
CA-2016-107421,07-02-2018,Customer_460,East,California,Miami,Technology,Accessories,713.62,2,240.29
CA-2017-107422,06-01-2019,Customer_71,Central,Illinois,Chicago,Furniture,Tables,147.2,10,49.86
CA-2018-107423,24-06-2017,Customer_144,Central,Illinois,New York City,Technology,Phones,577.91,5,-64.56
CA-2015-107424,01-07-2017,Customer_351,Central,Texas,Chicago,Furniture,Bookcases,35.13,8,-93.53
CA-2016-107425,16-01-2016,Customer_400,Central,New York,Miami,Technology,Accessories,279.25,1,234.9
CA-2017-107426,15-06-2017,Customer_151,Central,Illinois,Houston,Office Supplies,Storage,336.38,4,-51.25
CA-2018-107427,02-07-2017,Customer_166,Central,Florida,Houston,Furniture,Tables,866.5,10,274.46
CA-2015-107428,30-08-2016,Customer_348,Central,New York,Houston,Office Supplies,Paper,656.07,6,259.36
CA-2016-107429,08-01-2016,Customer_128,West,Texas,Houston,Technology,Copiers,561.41,2,217.04
CA-2017-107430,06-08-2018,Customer_183,West,Texas,Houston,Office Supplies,Paper,717.42,9,192.77
CA-2018-107431,17-10-2017,Customer_472,Central,Florida,Miami,Furniture,Chairs,610.64,1,65.5
CA-2015-107432,03-11-2016,Customer_160,Central,New York,Houston,Technology,Accessories,632.19,9,1.73
CA-2016-107433,03-10-2018,Customer_208,West,Texas,Chicago,Furniture,Chairs,860.54,3,221.18
CA-2017-107434,23-06-2017,Customer_268,West,California,Chicago,Technology,Phones,743.18,1,245.51
CA-2018-107435,14-12-2016,Customer_283,South,Texas,Chicago,Technology,Phones,537.15,5,238.32
CA-2015-107436,03-06-2015,Customer_80,West,Florida,Miami,Furniture,Bookcases,80.83,9,284.09
CA-2016-107437,14-02-2017,Customer_216,East,California,Miami,Furniture,Chairs,959.09,5,147.37
CA-2017-107438,17-11-2016,Customer_474,South,Florida,Chicago,Office Supplies,Storage,377.37,8,224.91
CA-2018-107439,17-07-2016,Customer_319,West,New York,Miami,Technology,Phones,539.05,2,-2.43
CA-2015-107440,20-05-2016,Customer_122,Central,Texas,Chicago,Furniture,Tables,112.38,4,201.31
CA-2016-107441,17-11-2015,Customer_253,West,California,New York City,Technology,Accessories,625.4,1,205.61
CA-2017-107442,18-12-2015,Customer_423,Central,New York,Houston,Technology,Copiers,824.99,1,-52.07
CA-2018-107443,08-07-2015,Customer_391,East,Illinois,Houston,Office Supplies,Storage,138.53,5,251.71
CA-2015-107444,06-07-2016,Customer_444,West,California,Miami,Furniture,Bookcases,538.21,8,198.25
CA-2016-107445,11-01-2016,Customer_496,Central,Texas,Houston,Office Supplies,Binders,778.69,1,263.19
CA-2017-107446,28-01-2017,Customer_352,Central,Florida,New York City,Office Supplies,Binders,968.11,9,35.71
CA-2018-107447,14-03-2015,Customer_17,South,California,Houston,Furniture,Chairs,364.04,8,142.72
CA-2015-107448,20-05-2015,Customer_57,West,Florida,Houston,Office Supplies,Storage,109.24,8,298.36
CA-2016-107449,01-08-2018,Customer_458,Central,Florida,Chicago,Office Supplies,Binders,354.91,3,-13.7
CA-2017-107450,08-02-2019,Customer_110,West,Illinois,Houston,Office Supplies,Storage,357.13,1,76.08
CA-2018-107451,14-03-2015,Customer_374,Central,Florida,Miami,Furniture,Chairs,575.07,5,18.8
CA-2015-107452,23-02-2015,Customer_170,East,New York,Houston,Technology,Copiers,959.22,10,77.44
CA-2016-107453,16-08-2018,Customer_327,East,California,Miami,Furniture,Tables,416.11,3,207.73
CA-2017-107454,04-01-2019,Customer_465,Central,Illinois,Houston,Furniture,Tables,974.32,9,-21.88
CA-2018-107455,07-02-2016,Customer_88,West,Illinois,Miami,Technology,Phones,805.89,5,-54.78
CA-2015-107456,24-09-2018,Customer_71,East,New York,Chicago,Furniture,Tables,90.82,3,251.47
CA-2016-107457,19-05-2017,Customer_114,Central,Illinois,Miami,Technology,Accessories,108.79,4,179.95
CA-2017-107458,18-09-2018,Customer_500,West,New York,New York City,Office Supplies,Storage,106.85,7,271.93
CA-2018-107459,28-02-2017,Customer_312,South,Illinois,Chicago,Technology,Copiers,185.78,8,-85.64
CA-2015-107460,23-04-2017,Customer_225,Central,New York,New York City,Technology,Phones,654.76,6,207.96
CA-2016-107461,13-10-2016,Customer_300,South,Texas,New York City,Office Supplies,Binders,973.33,6,88.36
CA-2017-107462,17-05-2015,Customer_266,West,New York,New York City,Office Supplies,Paper,149.48,1,97.58
CA-2018-107463,13-11-2018,Customer_39,East,Texas,Chicago,Furniture,Chairs,840.97,9,190.16
CA-2015-107464,13-11-2017,Customer_360,West,Illinois,New York City,Technology,Phones,63.83,10,224.23
CA-2016-107465,18-02-2017,Customer_239,South,Illinois,Chicago,Office Supplies,Binders,601.24,8,101.61
CA-2017-107466,10-12-2016,Customer_434,South,Texas,Los Angeles,Furniture,Bookcases,74.93,10,1.67
CA-2018-107467,18-08-2016,Customer_427,Central,New York,New York City,Technology,Copiers,549.56,6,112.5
CA-2015-107468,23-12-2016,Customer_57,West,Texas,Los Angeles,Office Supplies,Paper,536.21,7,245.24
CA-2016-107469,06-12-2015,Customer_287,East,Florida,New York City,Office Supplies,Storage,547.08,5,-67.87
CA-2017-107470,21-08-2016,Customer_220,West,Illinois,Chicago,Furniture,Chairs,27.05,3,34.0
CA-2018-107471,03-03-2017,Customer_427,South,Illinois,New York City,Technology,Copiers,799.19,6,2.22
CA-2015-107472,10-02-2016,Customer_462,West,Texas,Los Angeles,Technology,Accessories,487.29,3,197.14
CA-2016-107473,21-11-2016,Customer_373,East,California,Miami,Office Supplies,Storage,922.5,7,261.24
CA-2017-107474,04-01-2016,Customer_325,South,Illinois,New York City,Furniture,Chairs,321.72,7,207.24
CA-2018-107475,25-08-2017,Customer_138,South,New York,Houston,Furniture,Tables,293.54,6,268.91
CA-2015-107476,14-11-2018,Customer_382,West,Illinois,Los Angeles,Technology,Accessories,836.59,2,221.52
CA-2016-107477,05-12-2018,Customer_8,Central,Florida,Chicago,Office Supplies,Binders,38.6,8,-46.5
CA-2017-107478,27-05-2017,Customer_454,West,Texas,Miami,Office Supplies,Storage,252.87,1,168.69
CA-2018-107479,27-03-2015,Customer_326,Central,California,Miami,Furniture,Tables,165.11,1,142.61
CA-2015-107480,01-12-2017,Customer_133,Central,Texas,Los Angeles,Furniture,Chairs,588.52,3,43.93
CA-2016-107481,16-01-2018,Customer_250,East,New York,Chicago,Technology,Phones,481.52,4,127.52
CA-2017-107482,31-01-2018,Customer_442,West,New York,Los Angeles,Office Supplies,Binders,311.78,9,-31.38
CA-2018-107483,21-04-2016,Customer_208,South,California,Miami,Office Supplies,Paper,747.08,3,-21.19
CA-2015-107484,22-10-2015,Customer_453,Central,Florida,Houston,Office Supplies,Paper,224.4,3,-73.48
CA-2016-107485,08-06-2016,Customer_190,South,California,Los Angeles,Furniture,Tables,631.07,5,98.25
CA-2017-107486,08-07-2015,Customer_207,West,Florida,Los Angeles,Office Supplies,Storage,115.39,3,-45.97
CA-2018-107487,03-06-2018,Customer_146,South,Illinois,Miami,Furniture,Tables,357.82,2,68.56
CA-2015-107488,17-04-2015,Customer_149,West,Illinois,Chicago,Office Supplies,Paper,886.71,6,265.04
CA-2016-107489,12-11-2016,Customer_265,Central,Florida,New York City,Technology,Accessories,117.22,9,15.32
CA-2017-107490,20-05-2016,Customer_199,Central,California,New York City,Furniture,Chairs,447.95,9,-95.47
CA-2018-107491,28-04-2017,Customer_498,West,New York,Los Angeles,Furniture,Bookcases,732.25,8,172.3
CA-2015-107492,09-01-2018,Customer_88,West,New York,Houston,Furniture,Tables,981.46,6,283.54
CA-2016-107493,03-12-2015,Customer_281,Central,New York,New York City,Office Supplies,Binders,850.79,3,6.93
CA-2017-107494,04-09-2016,Customer_215,South,Texas,Los Angeles,Technology,Phones,10.91,6,-68.14
CA-2018-107495,04-01-2016,Customer_435,East,Illinois,Los Angeles,Furniture,Bookcases,354.9,5,115.06
CA-2015-107496,23-10-2018,Customer_247,East,California,Los Angeles,Office Supplies,Binders,232.07,2,273.47
CA-2016-107497,16-10-2018,Customer_4,Central,Texas,Miami,Furniture,Chairs,854.21,1,195.71
CA-2017-107498,22-01-2016,Customer_256,South,New York,New York City,Office Supplies,Paper,588.19,10,108.56
CA-2018-107499,20-08-2018,Customer_88,Central,New York,Houston,Office Supplies,Storage,946.59,1,206.39
CA-2015-107500,04-07-2018,Customer_373,South,Illinois,Chicago,Technology,Accessories,75.24,8,142.59
CA-2016-107501,02-03-2018,Customer_356,Central,Texas,Chicago,Technology,Copiers,201.04,4,160.14
CA-2017-107502,02-11-2015,Customer_403,East,Texas,Los Angeles,Furniture,Bookcases,831.86,3,37.21
CA-2018-107503,17-12-2015,Customer_5,East,California,Houston,Furniture,Bookcases,997.48,6,-76.94
CA-2015-107504,06-02-2017,Customer_348,South,California,Chicago,Office Supplies,Paper,848.88,2,169.84
CA-2016-107505,03-02-2017,Customer_76,South,California,Los Angeles,Office Supplies,Binders,911.56,8,23.18
CA-2017-107506,10-12-2016,Customer_38,West,Illinois,New York City,Office Supplies,Storage,886.93,5,-45.93
CA-2018-107507,03-06-2016,Customer_178,South,Illinois,Los Angeles,Office Supplies,Binders,27.47,2,257.83
CA-2015-107508,12-03-2016,Customer_287,Central,Illinois,Miami,Furniture,Tables,718.72,9,132.13
CA-2016-107509,27-05-2017,Customer_247,East,California,Chicago,Office Supplies,Paper,431.21,6,274.71
CA-2017-107510,29-01-2017,Customer_120,Central,Florida,New York City,Office Supplies,Paper,751.93,5,226.96
CA-2018-107511,22-01-2016,Customer_293,Central,Florida,Chicago,Furniture,Bookcases,349.17,1,8.73
CA-2015-107512,19-04-2017,Customer_378,East,Illinois,Miami,Office Supplies,Storage,139.88,9,7.8
CA-2016-107513,08-10-2016,Customer_433,Central,Illinois,Houston,Office Supplies,Paper,954.25,3,233.6
CA-2017-107514,24-01-2016,Customer_496,West,California,Los Angeles,Technology,Accessories,181.49,6,155.46
CA-2018-107515,31-07-2016,Customer_315,Central,California,Chicago,Technology,Phones,494.83,4,202.13
CA-2015-107516,26-07-2016,Customer_300,Central,Florida,Los Angeles,Furniture,Bookcases,346.07,6,42.29
CA-2016-107517,13-05-2018,Customer_430,East,New York,New York City,Furniture,Chairs,698.0,2,137.68
CA-2017-107518,25-12-2016,Customer_244,East,New York,Houston,Technology,Copiers,819.43,9,163.47
CA-2018-107519,29-11-2015,Customer_130,Central,Florida,Chicago,Furniture,Tables,456.31,2,151.9
CA-2015-107520,12-08-2016,Customer_23,West,California,Miami,Office Supplies,Storage,361.68,3,57.34
CA-2016-107521,25-03-2016,Customer_233,East,Illinois,New York City,Furniture,Tables,249.32,10,-61.04
CA-2017-107522,11-01-2018,Customer_147,East,New York,Los Angeles,Furniture,Chairs,187.55,9,-7.43
CA-2018-107523,10-06-2016,Customer_207,East,Florida,Houston,Office Supplies,Storage,625.32,10,133.7
CA-2015-107524,05-06-2017,Customer_61,West,Texas,Miami,Technology,Phones,766.02,2,40.26
CA-2016-107525,03-06-2017,Customer_176,Central,New York,Miami,Office Supplies,Binders,288.09,5,214.57
CA-2017-107526,30-05-2017,Customer_271,Central,Illinois,Miami,Office Supplies,Paper,732.31,8,289.49
CA-2018-107527,20-05-2016,Customer_455,South,New York,Los Angeles,Office Supplies,Paper,654.6,3,201.79
CA-2015-107528,30-08-2015,Customer_211,Central,New York,New York City,Technology,Copiers,638.22,10,96.92
CA-2016-107529,11-06-2016,Customer_33,South,California,New York City,Furniture,Tables,208.06,9,297.86
CA-2017-107530,09-05-2015,Customer_206,Central,Florida,Los Angeles,Technology,Phones,533.05,7,-10.76
CA-2018-107531,28-04-2016,Customer_69,West,New York,Miami,Technology,Accessories,182.02,1,89.75
CA-2015-107532,30-11-2015,Customer_152,Central,California,Chicago,Technology,Accessories,502.56,5,-16.03
CA-2016-107533,29-07-2018,Customer_410,East,Texas,Miami,Furniture,Chairs,378.91,1,78.21
CA-2017-107534,30-01-2018,Customer_2,Central,Texas,Miami,Office Supplies,Paper,579.52,10,0.9
CA-2018-107535,30-03-2017,Customer_177,South,California,New York City,Technology,Accessories,137.98,5,77.06
CA-2015-107536,20-01-2017,Customer_381,Central,Texas,Houston,Office Supplies,Paper,954.84,9,237.17
CA-2016-107537,30-03-2017,Customer_227,Central,California,Houston,Furniture,Tables,181.43,8,-17.88
CA-2017-107538,17-08-2015,Customer_322,East,Illinois,Miami,Furniture,Bookcases,417.84,2,176.37
CA-2018-107539,17-09-2018,Customer_410,Central,Texas,Houston,Furniture,Chairs,119.31,4,135.72
CA-2015-107540,09-08-2016,Customer_278,Central,New York,Chicago,Office Supplies,Binders,786.28,8,77.11
CA-2016-107541,22-02-2016,Customer_62,East,Illinois,New York City,Technology,Phones,284.39,5,143.31
CA-2017-107542,26-12-2015,Customer_402,West,New York,Houston,Furniture,Chairs,163.08,2,55.48
CA-2018-107543,31-03-2015,Customer_417,East,Texas,Los Angeles,Technology,Accessories,988.8,4,269.1
CA-2015-107544,13-01-2016,Customer_422,East,Texas,Los Angeles,Furniture,Chairs,340.94,6,-71.72
CA-2016-107545,21-10-2015,Customer_492,West,New York,Miami,Furniture,Bookcases,939.32,6,286.64
CA-2017-107546,05-02-2016,Customer_225,South,New York,Chicago,Furniture,Bookcases,939.11,5,-70.0
CA-2018-107547,07-01-2016,Customer_90,Central,Illinois,Miami,Office Supplies,Storage,531.33,5,233.69
CA-2015-107548,23-11-2016,Customer_361,West,Illinois,Miami,Furniture,Tables,510.9,2,243.87
CA-2016-107549,05-05-2018,Customer_143,Central,California,Miami,Technology,Phones,483.67,8,203.96
CA-2017-107550,21-04-2016,Customer_268,South,Illinois,New York City,Technology,Phones,536.5,5,-10.82
CA-2018-107551,17-01-2018,Customer_14,Central,California,Houston,Office Supplies,Binders,231.99,4,205.06
CA-2015-107552,28-04-2016,Customer_18,Central,California,Miami,Office Supplies,Paper,451.75,1,113.79
CA-2016-107553,22-03-2016,Customer_376,South,Florida,Miami,Furniture,Tables,691.7,2,272.68
CA-2017-107554,12-12-2018,Customer_420,South,Florida,Los Angeles,Technology,Copiers,433.79,5,177.45
CA-2018-107555,08-06-2017,Customer_245,South,Texas,Houston,Office Supplies,Binders,67.84,3,-17.84
CA-2015-107556,02-07-2018,Customer_430,Central,California,New York City,Furniture,Chairs,45.99,4,124.12
CA-2016-107557,29-03-2015,Customer_39,East,California,New York City,Office Supplies,Storage,163.91,7,-84.12
CA-2017-107558,05-03-2017,Customer_245,East,Texas,Miami,Furniture,Bookcases,230.86,1,204.67
CA-2018-107559,30-10-2018,Customer_31,West,Florida,Houston,Furniture,Tables,756.65,6,129.21
CA-2015-107560,01-11-2018,Customer_125,East,New York,Miami,Technology,Copiers,912.1,8,-95.9
CA-2016-107561,23-01-2018,Customer_302,Central,Florida,New York City,Technology,Copiers,551.63,8,127.09
CA-2017-107562,25-04-2015,Customer_197,Central,Texas,Houston,Office Supplies,Binders,365.13,8,-87.28
CA-2018-107563,15-11-2016,Customer_446,West,Florida,Chicago,Furniture,Tables,691.6,1,258.11
CA-2015-107564,04-11-2015,Customer_437,Central,California,New York City,Furniture,Tables,337.13,8,225.38
CA-2016-107565,07-02-2017,Customer_203,East,California,Miami,Technology,Phones,710.79,8,53.02
CA-2017-107566,07-07-2018,Customer_354,South,California,Houston,Furniture,Tables,286.82,2,108.51
CA-2018-107567,24-01-2016,Customer_220,East,California,Chicago,Furniture,Tables,264.13,2,135.67
CA-2015-107568,05-02-2018,Customer_17,Central,California,Chicago,Office Supplies,Binders,281.51,3,-65.34
CA-2016-107569,23-12-2018,Customer_52,East,California,Houston,Office Supplies,Binders,675.86,8,-42.75
CA-2017-107570,25-03-2016,Customer_491,East,Texas,Chicago,Furniture,Chairs,732.37,9,164.29
CA-2018-107571,30-12-2015,Customer_30,South,Texas,Chicago,Furniture,Bookcases,822.16,4,157.77
CA-2015-107572,01-08-2018,Customer_224,West,California,Los Angeles,Furniture,Tables,589.32,9,216.84
CA-2016-107573,04-08-2016,Customer_244,South,Florida,Miami,Furniture,Tables,33.78,8,263.76
CA-2017-107574,03-09-2017,Customer_341,Central,New York,Miami,Office Supplies,Binders,868.33,10,243.3
CA-2018-107575,28-12-2017,Customer_115,East,New York,New York City,Technology,Copiers,680.38,8,192.98
CA-2015-107576,17-02-2016,Customer_263,Central,Illinois,Los Angeles,Office Supplies,Paper,384.89,9,191.3
CA-2016-107577,17-02-2015,Customer_358,West,Illinois,Chicago,Technology,Phones,468.79,7,157.84
CA-2017-107578,06-07-2015,Customer_389,East,Texas,Miami,Furniture,Bookcases,506.58,1,135.98
CA-2018-107579,19-10-2017,Customer_358,Central,New York,Miami,Furniture,Tables,956.05,3,32.37
CA-2015-107580,24-04-2015,Customer_85,West,New York,Los Angeles,Office Supplies,Storage,601.87,10,80.17
CA-2016-107581,17-09-2015,Customer_77,Central,Illinois,Houston,Furniture,Chairs,602.76,9,-84.62
CA-2017-107582,04-12-2018,Customer_493,East,Illinois,Chicago,Furniture,Bookcases,223.22,10,73.91
CA-2018-107583,22-04-2017,Customer_329,Central,Florida,Los Angeles,Technology,Accessories,831.71,3,283.87
CA-2015-107584,10-05-2016,Customer_202,West,Illinois,Los Angeles,Furniture,Bookcases,400.68,5,224.54
CA-2016-107585,18-08-2018,Customer_355,Central,Florida,Houston,Technology,Copiers,532.54,4,113.94
CA-2017-107586,01-11-2016,Customer_236,East,Texas,Chicago,Furniture,Tables,322.68,6,-85.77
CA-2018-107587,03-02-2018,Customer_418,Central,Texas,Houston,Office Supplies,Paper,837.72,6,77.47
CA-2015-107588,13-04-2016,Customer_130,Central,Illinois,Los Angeles,Office Supplies,Paper,614.27,10,188.91
CA-2016-107589,02-10-2017,Customer_489,West,New York,Chicago,Furniture,Bookcases,915.3,7,240.94
CA-2017-107590,16-05-2017,Customer_351,West,California,Miami,Technology,Copiers,417.2,3,-88.78
CA-2018-107591,24-08-2017,Customer_169,South,Illinois,Chicago,Furniture,Chairs,966.68,9,102.45
CA-2015-107592,23-06-2015,Customer_403,East,California,Houston,Office Supplies,Paper,505.5,7,33.99
CA-2016-107593,07-08-2015,Customer_225,Central,Texas,Houston,Technology,Accessories,587.04,1,59.37
CA-2017-107594,08-04-2015,Customer_496,Central,California,Miami,Technology,Phones,502.91,8,43.31
CA-2018-107595,07-10-2018,Customer_364,West,California,Miami,Office Supplies,Paper,695.97,1,-15.9
CA-2015-107596,04-03-2018,Customer_378,East,Texas,New York City,Furniture,Chairs,458.8,3,90.76
CA-2016-107597,07-12-2015,Customer_342,Central,California,New York City,Furniture,Bookcases,708.26,7,-33.41
CA-2017-107598,26-12-2017,Customer_189,East,California,New York City,Office Supplies,Binders,907.53,10,96.32
CA-2018-107599,18-07-2015,Customer_403,South,New York,Miami,Technology,Phones,68.74,7,222.14
CA-2015-107600,26-08-2018,Customer_207,Central,New York,New York City,Office Supplies,Binders,441.83,6,-71.54
CA-2016-107601,20-05-2018,Customer_25,West,Illinois,Houston,Office Supplies,Paper,312.78,2,132.15
CA-2017-107602,17-02-2017,Customer_259,South,Texas,Chicago,Office Supplies,Binders,810.82,4,-28.05
CA-2018-107603,11-03-2015,Customer_91,East,Texas,Chicago,Office Supplies,Paper,802.3,9,59.72
CA-2015-107604,02-08-2016,Customer_449,Central,California,Los Angeles,Office Supplies,Binders,982.37,8,-22.26
CA-2016-107605,08-03-2017,Customer_361,West,Texas,Miami,Office Supplies,Binders,517.97,9,244.69
CA-2017-107606,28-07-2015,Customer_277,East,Texas,Houston,Office Supplies,Paper,961.0,10,76.81
CA-2018-107607,30-04-2016,Customer_154,South,New York,Los Angeles,Technology,Phones,921.68,1,226.22
CA-2015-107608,12-03-2015,Customer_191,Central,Florida,Miami,Furniture,Chairs,626.21,5,292.88
CA-2016-107609,20-12-2015,Customer_253,South,Florida,Chicago,Furniture,Tables,943.02,10,31.08
CA-2017-107610,25-01-2015,Customer_166,East,New York,Los Angeles,Technology,Copiers,648.76,5,98.88
CA-2018-107611,18-08-2017,Customer_118,East,Florida,Los Angeles,Office Supplies,Storage,912.98,8,198.78
CA-2015-107612,17-05-2015,Customer_195,East,Illinois,Chicago,Furniture,Tables,559.48,2,270.88
CA-2016-107613,02-12-2016,Customer_147,Central,California,New York City,Technology,Phones,723.85,2,99.49
CA-2017-107614,02-12-2015,Customer_316,South,Illinois,Chicago,Office Supplies,Paper,161.18,4,177.29
CA-2018-107615,10-09-2016,Customer_467,Central,Florida,Chicago,Furniture,Chairs,336.37,9,79.66
CA-2015-107616,03-03-2017,Customer_422,West,Texas,Chicago,Technology,Phones,17.88,2,-85.44
CA-2016-107617,11-10-2015,Customer_436,West,California,Chicago,Technology,Copiers,907.35,6,68.74
CA-2017-107618,25-01-2016,Customer_187,East,Florida,Houston,Furniture,Chairs,139.59,5,132.05
CA-2018-107619,23-02-2016,Customer_85,West,Texas,Los Angeles,Technology,Accessories,387.44,7,196.86
CA-2015-107620,29-04-2016,Customer_171,East,New York,Chicago,Technology,Accessories,805.45,3,132.49
CA-2016-107621,24-01-2017,Customer_288,West,Texas,Miami,Technology,Copiers,731.78,8,-24.87
CA-2017-107622,22-02-2018,Customer_473,East,California,New York City,Technology,Accessories,325.75,5,175.01
CA-2018-107623,20-09-2018,Customer_223,Central,Florida,Houston,Furniture,Bookcases,587.88,6,96.13
CA-2015-107624,30-01-2019,Customer_157,West,New York,New York City,Office Supplies,Paper,682.48,3,233.85
CA-2016-107625,20-06-2016,Customer_338,East,Illinois,Chicago,Technology,Copiers,488.62,10,111.02
CA-2017-107626,19-01-2015,Customer_66,West,Texas,New York City,Furniture,Chairs,291.01,3,-54.58
CA-2018-107627,19-02-2017,Customer_17,Central,Texas,Houston,Office Supplies,Paper,947.41,8,42.94
CA-2015-107628,31-05-2015,Customer_50,South,California,Miami,Office Supplies,Storage,274.46,6,215.42
CA-2016-107629,02-01-2016,Customer_396,West,Illinois,New York City,Office Supplies,Paper,113.73,6,207.1
CA-2017-107630,19-08-2015,Customer_187,East,California,Los Angeles,Technology,Phones,275.65,8,-44.11
CA-2018-107631,27-10-2018,Customer_181,South,Illinois,Houston,Furniture,Chairs,55.95,2,-28.16
CA-2015-107632,10-09-2016,Customer_253,South,New York,Chicago,Technology,Accessories,779.89,5,197.0
CA-2016-107633,01-07-2018,Customer_302,South,Florida,Houston,Furniture,Chairs,127.08,8,296.19
CA-2017-107634,26-08-2015,Customer_1,Central,Florida,Chicago,Technology,Accessories,214.21,4,13.99
CA-2018-107635,21-02-2018,Customer_231,West,Florida,Los Angeles,Technology,Accessories,868.9,10,126.86
CA-2015-107636,21-01-2016,Customer_1,Central,Texas,Miami,Office Supplies,Paper,407.85,1,30.12
CA-2016-107637,21-07-2018,Customer_25,South,California,Chicago,Furniture,Bookcases,141.25,7,266.53
CA-2017-107638,27-07-2017,Customer_206,East,Florida,Los Angeles,Office Supplies,Binders,335.92,5,107.57
CA-2018-107639,23-05-2015,Customer_15,Central,Texas,Chicago,Technology,Phones,932.29,2,123.65
CA-2015-107640,14-11-2017,Customer_398,Central,Texas,Miami,Technology,Accessories,824.79,4,-33.99
CA-2016-107641,12-06-2018,Customer_479,Central,Texas,Chicago,Technology,Phones,188.54,3,253.28
CA-2017-107642,30-06-2018,Customer_289,South,New York,Miami,Furniture,Tables,179.33,2,-62.8
CA-2018-107643,13-03-2015,Customer_104,East,Illinois,Los Angeles,Furniture,Chairs,943.2,4,62.65
CA-2015-107644,29-02-2016,Customer_478,East,Illinois,New York City,Office Supplies,Paper,135.04,4,-27.19
CA-2016-107645,13-07-2016,Customer_247,Central,Illinois,New York City,Technology,Accessories,365.96,4,225.31
CA-2017-107646,21-11-2016,Customer_365,South,California,New York City,Office Supplies,Binders,725.55,10,-39.97
CA-2018-107647,27-07-2016,Customer_478,Central,New York,Los Angeles,Office Supplies,Binders,976.44,4,184.05
CA-2015-107648,31-05-2017,Customer_339,West,New York,Los Angeles,Furniture,Chairs,44.87,4,-97.8
CA-2016-107649,28-05-2016,Customer_212,East,Texas,Chicago,Office Supplies,Binders,832.29,4,98.99
CA-2017-107650,09-12-2017,Customer_355,East,California,Miami,Furniture,Bookcases,571.04,9,274.59
CA-2018-107651,14-02-2015,Customer_268,West,New York,Miami,Technology,Accessories,516.75,5,-94.85
CA-2015-107652,31-01-2017,Customer_38,South,Florida,Houston,Office Supplies,Binders,172.08,6,-8.98
CA-2016-107653,05-10-2015,Customer_58,East,New York,Chicago,Furniture,Tables,934.57,4,158.79
CA-2017-107654,02-05-2017,Customer_303,Central,California,New York City,Office Supplies,Paper,979.15,1,292.42
CA-2018-107655,15-06-2016,Customer_281,South,Illinois,New York City,Furniture,Chairs,900.99,8,80.79
CA-2015-107656,04-02-2019,Customer_51,Central,New York,Chicago,Office Supplies,Storage,852.13,2,156.54
CA-2016-107657,09-01-2015,Customer_328,South,New York,Houston,Furniture,Chairs,151.56,2,12.25
CA-2017-107658,23-01-2017,Customer_351,West,Texas,Los Angeles,Office Supplies,Storage,38.13,2,183.07
CA-2018-107659,30-12-2017,Customer_172,West,Florida,Houston,Office Supplies,Paper,464.94,2,252.27
CA-2015-107660,07-11-2018,Customer_349,South,New York,Chicago,Furniture,Bookcases,689.34,2,26.47
CA-2016-107661,29-04-2015,Customer_215,South,Illinois,New York City,Technology,Phones,421.76,2,97.23
CA-2017-107662,27-07-2016,Customer_284,East,Texas,Chicago,Technology,Copiers,677.78,5,176.8
CA-2018-107663,24-08-2015,Customer_212,West,California,New York City,Furniture,Bookcases,49.71,8,280.54
CA-2015-107664,08-08-2016,Customer_337,West,California,Los Angeles,Technology,Accessories,308.98,3,104.41
CA-2016-107665,29-11-2015,Customer_407,South,Illinois,Houston,Technology,Copiers,816.41,5,42.53
CA-2017-107666,19-06-2015,Customer_283,South,Illinois,Houston,Office Supplies,Binders,144.4,8,2.67
CA-2018-107667,15-02-2017,Customer_310,East,Florida,Houston,Furniture,Bookcases,63.67,3,-35.63
CA-2015-107668,12-09-2016,Customer_238,South,California,Chicago,Technology,Accessories,198.67,2,189.26
CA-2016-107669,17-03-2015,Customer_115,Central,Texas,New York City,Technology,Accessories,339.47,10,227.58
CA-2017-107670,06-05-2018,Customer_341,East,Illinois,New York City,Office Supplies,Storage,502.42,10,113.84
CA-2018-107671,11-09-2015,Customer_212,West,California,Houston,Technology,Phones,459.95,3,179.47
CA-2015-107672,13-07-2015,Customer_321,South,Illinois,Houston,Office Supplies,Storage,513.25,3,-34.9
CA-2016-107673,24-04-2018,Customer_211,Central,Illinois,Miami,Office Supplies,Binders,68.4,8,-88.15
CA-2017-107674,08-12-2017,Customer_209,West,California,Houston,Office Supplies,Paper,196.64,1,158.23
CA-2018-107675,20-02-2016,Customer_111,Central,Texas,Houston,Technology,Copiers,417.94,6,221.85
CA-2015-107676,08-03-2018,Customer_115,South,Florida,Miami,Office Supplies,Paper,677.3,9,-21.19
CA-2016-107677,05-03-2016,Customer_31,West,New York,Miami,Technology,Copiers,674.04,9,-17.12
CA-2017-107678,26-05-2016,Customer_483,Central,California,Houston,Technology,Accessories,491.82,3,-31.83
CA-2018-107679,14-08-2015,Customer_20,South,Texas,New York City,Furniture,Bookcases,648.92,7,115.04
CA-2015-107680,21-07-2017,Customer_107,Central,Illinois,Chicago,Furniture,Chairs,732.18,6,-28.87
CA-2016-107681,03-03-2016,Customer_414,Central,Illinois,New York City,Furniture,Tables,786.42,3,-10.0
CA-2017-107682,11-06-2015,Customer_229,West,New York,Miami,Office Supplies,Binders,96.31,10,39.13
CA-2018-107683,14-06-2018,Customer_229,East,Illinois,Miami,Furniture,Chairs,927.52,5,75.27
CA-2015-107684,18-04-2016,Customer_275,West,New York,Miami,Office Supplies,Storage,809.06,3,148.96
CA-2016-107685,01-11-2017,Customer_295,Central,Texas,Miami,Technology,Phones,287.31,1,215.3
CA-2017-107686,29-08-2016,Customer_226,West,California,Miami,Furniture,Chairs,632.8,1,191.55
CA-2018-107687,18-07-2015,Customer_273,South,Illinois,Los Angeles,Furniture,Bookcases,44.94,4,170.78
CA-2015-107688,01-05-2018,Customer_71,West,Florida,New York City,Office Supplies,Paper,928.63,3,-0.47
CA-2016-107689,30-03-2017,Customer_188,South,Texas,Houston,Furniture,Bookcases,644.68,9,108.16
CA-2017-107690,01-11-2016,Customer_410,South,Texas,Miami,Office Supplies,Storage,358.36,1,262.25
CA-2018-107691,28-03-2018,Customer_41,West,Texas,Houston,Technology,Accessories,67.14,5,-4.63
CA-2015-107692,17-03-2016,Customer_386,South,Florida,Miami,Technology,Accessories,70.76,2,232.45
CA-2016-107693,14-03-2018,Customer_8,South,New York,Los Angeles,Furniture,Tables,934.31,3,16.87
CA-2017-107694,01-12-2016,Customer_48,West,Florida,Los Angeles,Office Supplies,Storage,630.76,1,96.57
CA-2018-107695,09-07-2015,Customer_99,Central,New York,Miami,Furniture,Tables,717.19,7,57.08
CA-2015-107696,16-06-2015,Customer_492,South,Texas,Houston,Technology,Copiers,331.84,2,-30.92
CA-2016-107697,14-03-2016,Customer_340,Central,California,Miami,Technology,Phones,242.5,3,287.27
CA-2017-107698,23-01-2019,Customer_176,East,New York,Miami,Office Supplies,Storage,716.21,5,127.76
CA-2018-107699,07-07-2018,Customer_248,West,Florida,Miami,Office Supplies,Storage,743.81,3,-81.37
CA-2015-107700,07-06-2016,Customer_399,West,Florida,Chicago,Technology,Phones,375.22,1,204.59
CA-2016-107701,01-08-2018,Customer_409,South,Texas,New York City,Furniture,Chairs,461.69,4,-65.85
CA-2017-107702,24-02-2017,Customer_117,East,California,Houston,Technology,Copiers,245.74,6,-76.92
CA-2018-107703,03-06-2015,Customer_359,Central,Florida,New York City,Furniture,Tables,523.25,8,251.15
CA-2015-107704,11-11-2016,Customer_78,South,Illinois,Los Angeles,Furniture,Tables,908.28,6,194.22
CA-2016-107705,05-10-2017,Customer_277,East,New York,Los Angeles,Technology,Phones,946.24,10,64.19
CA-2017-107706,23-02-2015,Customer_128,Central,New York,Chicago,Furniture,Chairs,674.59,7,-86.94
CA-2018-107707,25-09-2015,Customer_103,Central,California,Houston,Office Supplies,Paper,859.87,4,57.21
CA-2015-107708,17-03-2015,Customer_145,Central,New York,New York City,Technology,Accessories,474.31,6,90.49
CA-2016-107709,04-12-2018,Customer_131,Central,California,Chicago,Office Supplies,Storage,154.72,2,78.92
CA-2017-107710,28-01-2019,Customer_265,West,California,New York City,Office Supplies,Storage,483.46,2,12.8
CA-2018-107711,20-06-2016,Customer_421,Central,Florida,Chicago,Office Supplies,Binders,92.19,1,5.08
CA-2015-107712,20-02-2018,Customer_128,Central,New York,Miami,Office Supplies,Paper,908.9,8,-41.95
CA-2016-107713,13-05-2017,Customer_147,East,California,Chicago,Furniture,Tables,828.58,3,123.28
CA-2017-107714,01-04-2015,Customer_246,South,Texas,Chicago,Office Supplies,Storage,314.81,1,225.84
CA-2018-107715,13-09-2015,Customer_403,South,California,Los Angeles,Office Supplies,Binders,524.19,4,35.16
CA-2015-107716,23-01-2018,Customer_438,East,Florida,Houston,Technology,Accessories,699.53,5,-78.7
CA-2016-107717,01-02-2016,Customer_410,Central,Texas,New York City,Technology,Accessories,851.67,1,-84.38
CA-2017-107718,13-01-2017,Customer_91,South,Texas,Chicago,Office Supplies,Storage,322.38,7,67.89
CA-2018-107719,13-12-2017,Customer_363,East,Illinois,Houston,Office Supplies,Paper,187.07,5,230.47
CA-2015-107720,08-04-2018,Customer_218,East,Illinois,New York City,Office Supplies,Binders,364.04,10,-33.77
CA-2016-107721,04-05-2015,Customer_117,South,California,Los Angeles,Technology,Phones,200.05,2,75.12
CA-2017-107722,17-08-2016,Customer_391,South,California,New York City,Office Supplies,Binders,951.65,1,204.04
CA-2018-107723,25-10-2018,Customer_60,West,New York,Miami,Office Supplies,Binders,205.25,6,156.78
CA-2015-107724,15-04-2016,Customer_169,West,Florida,New York City,Technology,Phones,51.92,9,-19.13
CA-2016-107725,23-10-2015,Customer_465,East,Texas,Houston,Furniture,Tables,48.84,9,228.58
CA-2017-107726,05-03-2016,Customer_56,East,Texas,Los Angeles,Office Supplies,Storage,272.94,2,260.5
CA-2018-107727,21-02-2015,Customer_33,East,California,Miami,Furniture,Chairs,704.32,1,-97.23
CA-2015-107728,13-09-2018,Customer_241,West,New York,Los Angeles,Technology,Phones,374.22,7,21.38
CA-2016-107729,08-11-2016,Customer_334,East,New York,Miami,Office Supplies,Binders,851.07,2,70.65
CA-2017-107730,10-04-2015,Customer_107,West,Florida,Chicago,Office Supplies,Paper,853.29,7,151.71
CA-2018-107731,07-11-2016,Customer_174,East,Texas,Miami,Technology,Phones,15.42,3,-95.33
CA-2015-107732,04-07-2016,Customer_388,South,New York,Houston,Technology,Copiers,17.51,4,-27.72
CA-2016-107733,21-11-2015,Customer_20,South,New York,New York City,Technology,Phones,152.06,5,7.62
CA-2017-107734,04-05-2018,Customer_226,South,Florida,Miami,Furniture,Chairs,401.56,8,119.27
CA-2018-107735,03-02-2019,Customer_190,East,Texas,Miami,Office Supplies,Binders,948.44,5,48.96
CA-2015-107736,17-02-2015,Customer_405,East,Illinois,Los Angeles,Technology,Accessories,524.33,10,148.96
CA-2016-107737,13-11-2018,Customer_321,Central,Illinois,Chicago,Furniture,Chairs,607.12,1,226.93
CA-2017-107738,23-06-2015,Customer_385,South,Florida,Miami,Furniture,Bookcases,676.18,9,16.84
CA-2018-107739,31-01-2015,Customer_245,West,New York,Chicago,Technology,Phones,226.05,5,190.45
CA-2015-107740,24-05-2015,Customer_466,South,Texas,Chicago,Office Supplies,Storage,727.04,8,206.32
CA-2016-107741,23-08-2016,Customer_350,West,California,Houston,Office Supplies,Paper,598.47,2,52.08
CA-2017-107742,11-12-2016,Customer_217,East,New York,Chicago,Furniture,Tables,336.32,5,-30.85
CA-2018-107743,17-11-2016,Customer_47,Central,New York,Los Angeles,Technology,Phones,116.69,5,193.16
CA-2015-107744,26-01-2018,Customer_255,East,Florida,Los Angeles,Technology,Phones,886.12,6,172.68
CA-2016-107745,26-01-2016,Customer_135,West,California,New York City,Furniture,Tables,10.64,9,271.93
CA-2017-107746,02-04-2017,Customer_52,West,Texas,Chicago,Technology,Copiers,980.87,5,26.91
CA-2018-107747,06-03-2016,Customer_31,West,Texas,New York City,Furniture,Chairs,302.37,6,96.88
CA-2015-107748,14-10-2018,Customer_420,West,California,Chicago,Office Supplies,Storage,167.97,7,143.33
CA-2016-107749,13-06-2018,Customer_162,Central,New York,Chicago,Office Supplies,Storage,305.86,3,59.94
CA-2017-107750,07-02-2017,Customer_494,Central,New York,Houston,Office Supplies,Paper,103.6,4,275.45
CA-2018-107751,21-03-2017,Customer_391,East,California,Houston,Furniture,Chairs,932.97,9,46.63
CA-2015-107752,07-05-2016,Customer_190,West,California,New York City,Technology,Accessories,470.91,5,213.89
CA-2016-107753,09-01-2018,Customer_477,South,California,Miami,Office Supplies,Storage,451.24,1,-0.43
CA-2017-107754,23-03-2015,Customer_328,East,New York,Chicago,Office Supplies,Storage,569.66,4,28.82
CA-2018-107755,09-03-2018,Customer_294,South,New York,Houston,Office Supplies,Binders,520.34,10,118.56
CA-2015-107756,09-12-2016,Customer_10,Central,Illinois,Chicago,Technology,Phones,690.19,4,247.62
CA-2016-107757,25-03-2017,Customer_33,Central,California,New York City,Furniture,Tables,558.98,1,275.37
CA-2017-107758,13-09-2015,Customer_346,Central,Florida,New York City,Office Supplies,Binders,895.97,2,169.02
CA-2018-107759,06-11-2018,Customer_186,East,Illinois,New York City,Office Supplies,Binders,867.9,2,81.67
CA-2015-107760,14-08-2018,Customer_429,Central,California,Miami,Furniture,Chairs,172.41,4,-9.08
CA-2016-107761,15-09-2015,Customer_259,South,Texas,Chicago,Office Supplies,Binders,154.04,2,116.76
CA-2017-107762,23-10-2015,Customer_481,East,Florida,Miami,Technology,Copiers,561.76,8,-79.49
CA-2018-107763,26-03-2017,Customer_90,Central,Illinois,Chicago,Furniture,Tables,821.09,5,137.24
CA-2015-107764,29-03-2015,Customer_469,West,Texas,Houston,Office Supplies,Binders,885.76,3,-78.79
CA-2016-107765,08-03-2018,Customer_93,West,Illinois,Miami,Office Supplies,Binders,504.96,4,-3.17
CA-2017-107766,29-03-2015,Customer_325,East,Texas,Chicago,Technology,Phones,365.53,1,261.8
CA-2018-107767,03-02-2015,Customer_70,East,Florida,Chicago,Office Supplies,Paper,488.79,4,-11.8
CA-2015-107768,11-11-2018,Customer_150,Central,Texas,Los Angeles,Technology,Accessories,528.86,10,3.05
CA-2016-107769,05-05-2018,Customer_406,East,California,Houston,Technology,Copiers,771.47,2,223.02
CA-2017-107770,17-01-2017,Customer_274,East,Illinois,Chicago,Furniture,Bookcases,421.13,9,236.23
CA-2018-107771,05-06-2018,Customer_285,Central,California,Miami,Furniture,Tables,387.9,8,138.5
CA-2015-107772,10-09-2017,Customer_478,West,New York,Houston,Furniture,Bookcases,684.42,3,284.74
CA-2016-107773,03-07-2018,Customer_82,Central,Illinois,Miami,Office Supplies,Binders,272.35,8,0.41
CA-2017-107774,31-12-2015,Customer_161,South,Illinois,New York City,Furniture,Chairs,896.46,2,71.3
CA-2018-107775,29-06-2016,Customer_56,East,Illinois,Los Angeles,Technology,Copiers,802.65,6,114.72
CA-2015-107776,31-07-2016,Customer_396,South,Texas,Los Angeles,Office Supplies,Paper,954.58,4,106.82
CA-2016-107777,14-12-2017,Customer_70,West,Florida,Chicago,Furniture,Tables,217.03,7,215.03
CA-2017-107778,12-02-2018,Customer_298,South,Illinois,Chicago,Technology,Phones,635.79,5,-74.5
CA-2018-107779,02-12-2015,Customer_469,Central,Texas,Miami,Furniture,Tables,558.28,8,55.04
CA-2015-107780,03-03-2016,Customer_161,East,Illinois,New York City,Furniture,Tables,982.64,9,217.15
CA-2016-107781,22-01-2018,Customer_216,East,Illinois,Chicago,Furniture,Bookcases,671.69,2,57.28
CA-2017-107782,24-03-2016,Customer_378,South,Illinois,Chicago,Office Supplies,Storage,199.37,8,200.02
CA-2018-107783,18-01-2019,Customer_142,West,California,New York City,Technology,Copiers,756.36,2,200.03
CA-2015-107784,25-11-2015,Customer_405,South,New York,Los Angeles,Furniture,Bookcases,796.27,4,-58.5
CA-2016-107785,28-04-2017,Customer_229,South,Florida,Houston,Office Supplies,Paper,705.16,10,1.31
CA-2017-107786,11-12-2015,Customer_402,West,Illinois,Houston,Furniture,Tables,410.42,1,123.95
CA-2018-107787,22-11-2016,Customer_28,South,California,Miami,Technology,Copiers,527.72,8,-3.0
CA-2015-107788,03-10-2015,Customer_196,East,California,Houston,Office Supplies,Paper,453.72,7,294.61
CA-2016-107789,15-09-2017,Customer_378,West,Illinois,Houston,Furniture,Chairs,879.1,7,257.57
CA-2017-107790,28-08-2015,Customer_480,South,California,Houston,Office Supplies,Paper,457.54,9,204.01
CA-2018-107791,09-08-2016,Customer_214,West,Texas,Los Angeles,Furniture,Tables,219.39,2,15.14
CA-2015-107792,29-06-2016,Customer_197,West,New York,Chicago,Office Supplies,Storage,907.09,3,-76.7
CA-2016-107793,01-10-2018,Customer_33,East,Illinois,Los Angeles,Technology,Accessories,953.23,4,160.43
CA-2017-107794,01-06-2018,Customer_214,South,California,Chicago,Technology,Copiers,511.59,3,-87.18
CA-2018-107795,29-05-2016,Customer_88,South,Illinois,Houston,Office Supplies,Storage,753.65,7,221.98
CA-2015-107796,30-05-2018,Customer_466,South,New York,Miami,Technology,Accessories,663.21,7,-50.18
CA-2016-107797,17-06-2016,Customer_134,West,Texas,Houston,Office Supplies,Storage,223.45,8,-46.27
CA-2017-107798,18-06-2016,Customer_87,West,California,Los Angeles,Technology,Accessories,11.24,5,-18.34
CA-2018-107799,31-08-2015,Customer_295,East,New York,Los Angeles,Technology,Copiers,956.51,1,123.11
CA-2015-107800,25-12-2015,Customer_223,Central,Florida,New York City,Office Supplies,Paper,558.76,9,40.11
CA-2016-107801,06-02-2015,Customer_351,East,Florida,Los Angeles,Furniture,Bookcases,119.57,6,272.56
CA-2017-107802,01-04-2016,Customer_291,East,Texas,Houston,Furniture,Tables,583.72,5,-19.98
CA-2018-107803,11-01-2017,Customer_465,West,Texas,Houston,Technology,Copiers,234.33,2,-2.91
CA-2015-107804,03-01-2015,Customer_206,South,Texas,Los Angeles,Technology,Phones,653.49,5,222.62
CA-2016-107805,07-09-2018,Customer_59,Central,California,New York City,Furniture,Chairs,750.82,9,115.05
CA-2017-107806,04-10-2015,Customer_114,West,Texas,Houston,Furniture,Bookcases,394.02,6,108.79
CA-2018-107807,03-04-2015,Customer_111,East,Texas,Chicago,Furniture,Bookcases,143.14,3,-32.44
CA-2015-107808,04-02-2015,Customer_222,East,Illinois,Miami,Office Supplies,Binders,858.59,6,63.53
CA-2016-107809,06-08-2016,Customer_176,East,Texas,New York City,Technology,Copiers,801.03,10,262.49
CA-2017-107810,31-05-2016,Customer_407,South,California,New York City,Technology,Accessories,709.12,5,285.59
CA-2018-107811,05-08-2017,Customer_500,East,Texas,Miami,Furniture,Bookcases,693.54,7,83.8
CA-2015-107812,07-02-2016,Customer_369,East,Illinois,Miami,Furniture,Tables,717.64,5,67.27
CA-2016-107813,26-02-2015,Customer_178,South,Florida,New York City,Technology,Accessories,149.36,10,6.98
CA-2017-107814,03-07-2016,Customer_23,East,New York,Chicago,Technology,Accessories,166.1,4,29.9
CA-2018-107815,18-02-2017,Customer_473,Central,Texas,Los Angeles,Furniture,Bookcases,639.75,6,292.12
CA-2015-107816,04-06-2018,Customer_126,Central,Illinois,Chicago,Office Supplies,Storage,713.85,6,-92.03
CA-2016-107817,22-07-2017,Customer_337,Central,Florida,Miami,Technology,Accessories,575.36,10,143.73
CA-2017-107818,12-03-2016,Customer_313,Central,Texas,Chicago,Furniture,Bookcases,585.82,2,6.77
CA-2018-107819,29-10-2015,Customer_238,West,New York,Chicago,Technology,Accessories,186.63,6,73.14
CA-2015-107820,10-07-2017,Customer_453,Central,California,New York City,Technology,Phones,532.61,1,66.39
CA-2016-107821,20-02-2018,Customer_139,East,Illinois,Houston,Office Supplies,Binders,778.38,10,282.79
CA-2017-107822,29-01-2015,Customer_169,South,Florida,Los Angeles,Technology,Phones,771.44,1,155.38
CA-2018-107823,19-06-2016,Customer_19,Central,California,Chicago,Technology,Copiers,944.93,2,-25.64
CA-2015-107824,05-06-2016,Customer_280,South,California,Miami,Furniture,Bookcases,100.91,1,124.8
CA-2016-107825,23-01-2019,Customer_454,East,Florida,Houston,Office Supplies,Storage,223.22,3,23.88
CA-2017-107826,30-09-2016,Customer_99,West,California,Miami,Furniture,Chairs,891.61,1,130.84
CA-2018-107827,14-04-2015,Customer_444,East,Florida,Miami,Technology,Accessories,281.06,5,30.76
CA-2015-107828,30-06-2018,Customer_268,West,California,Los Angeles,Furniture,Chairs,162.31,3,187.34
CA-2016-107829,09-11-2015,Customer_311,West,Texas,Miami,Furniture,Bookcases,150.37,10,192.5
CA-2017-107830,22-03-2015,Customer_434,Central,Florida,Los Angeles,Office Supplies,Paper,540.78,10,254.64
CA-2018-107831,02-08-2016,Customer_373,South,Texas,Chicago,Office Supplies,Binders,725.75,3,-35.6
CA-2015-107832,04-01-2018,Customer_5,Central,Illinois,Los Angeles,Office Supplies,Storage,457.81,6,142.95
CA-2016-107833,09-05-2016,Customer_35,West,Florida,Miami,Office Supplies,Binders,834.95,1,22.74
CA-2017-107834,20-04-2015,Customer_490,East,Florida,Los Angeles,Office Supplies,Paper,500.68,3,223.53
CA-2018-107835,21-09-2015,Customer_88,East,Illinois,Chicago,Technology,Phones,97.36,4,185.65
CA-2015-107836,06-12-2017,Customer_443,West,California,Houston,Technology,Accessories,479.76,6,163.43
CA-2016-107837,14-01-2015,Customer_331,Central,New York,Houston,Office Supplies,Paper,105.86,8,101.36
CA-2017-107838,15-09-2015,Customer_242,South,Texas,New York City,Technology,Phones,593.32,4,207.09
CA-2018-107839,07-01-2016,Customer_326,South,Illinois,Los Angeles,Office Supplies,Paper,961.09,8,119.22
CA-2015-107840,05-10-2015,Customer_427,East,Illinois,Houston,Office Supplies,Paper,684.82,2,241.95
CA-2016-107841,19-04-2018,Customer_4,East,New York,New York City,Furniture,Chairs,106.43,6,81.82
CA-2017-107842,28-06-2018,Customer_268,Central,California,New York City,Technology,Accessories,289.03,3,-85.94
CA-2018-107843,25-09-2015,Customer_186,West,California,Los Angeles,Technology,Copiers,743.49,3,1.81
CA-2015-107844,28-09-2016,Customer_97,East,California,Chicago,Office Supplies,Storage,842.89,2,62.33
CA-2016-107845,30-10-2018,Customer_493,Central,Texas,New York City,Office Supplies,Paper,15.78,8,-4.99
CA-2017-107846,29-09-2015,Customer_93,South,Florida,Los Angeles,Furniture,Tables,465.81,7,56.07
CA-2018-107847,16-02-2016,Customer_410,Central,New York,Miami,Furniture,Chairs,731.3,9,152.07
CA-2015-107848,09-11-2015,Customer_294,Central,California,Los Angeles,Furniture,Bookcases,807.78,2,91.59
CA-2016-107849,07-06-2015,Customer_199,South,Texas,Chicago,Office Supplies,Storage,104.0,8,109.46
CA-2017-107850,29-08-2017,Customer_486,South,Illinois,Chicago,Furniture,Tables,75.65,4,213.53
CA-2018-107851,11-07-2018,Customer_164,South,New York,New York City,Office Supplies,Binders,269.0,6,127.93
CA-2015-107852,28-12-2018,Customer_76,Central,Florida,New York City,Technology,Phones,504.45,2,144.94
CA-2016-107853,21-03-2017,Customer_260,West,New York,Houston,Furniture,Bookcases,132.07,4,267.27
CA-2017-107854,24-10-2017,Customer_473,Central,Florida,Houston,Office Supplies,Paper,216.59,10,-75.0
CA-2018-107855,15-11-2017,Customer_333,West,New York,Houston,Technology,Phones,493.04,1,144.58
CA-2015-107856,05-08-2017,Customer_23,Central,Texas,Houston,Technology,Copiers,563.49,6,-95.88
CA-2016-107857,01-10-2017,Customer_239,West,California,Miami,Office Supplies,Storage,492.05,9,168.19
CA-2017-107858,29-04-2018,Customer_232,West,New York,New York City,Technology,Phones,499.73,9,195.28
CA-2018-107859,07-05-2016,Customer_204,South,Illinois,Chicago,Furniture,Tables,249.82,3,268.88
CA-2015-107860,01-03-2017,Customer_477,East,California,Houston,Technology,Accessories,361.39,3,-12.36
CA-2016-107861,02-04-2018,Customer_18,South,New York,Chicago,Technology,Phones,778.13,7,298.71
CA-2017-107862,18-11-2017,Customer_376,Central,Florida,Chicago,Office Supplies,Storage,421.99,6,69.39
CA-2018-107863,23-09-2018,Customer_410,Central,Florida,Houston,Technology,Copiers,977.81,1,43.18
CA-2015-107864,06-04-2016,Customer_93,West,California,Chicago,Office Supplies,Paper,999.32,6,206.69
CA-2016-107865,02-01-2016,Customer_265,South,New York,New York City,Office Supplies,Storage,835.91,7,210.26
CA-2017-107866,05-02-2019,Customer_101,East,New York,New York City,Furniture,Chairs,950.15,3,-77.99
CA-2018-107867,28-08-2018,Customer_431,South,Texas,Chicago,Office Supplies,Storage,696.31,10,21.98
CA-2015-107868,24-07-2015,Customer_40,South,New York,Los Angeles,Office Supplies,Paper,698.99,7,54.22
CA-2016-107869,24-01-2018,Customer_125,West,Florida,Miami,Technology,Accessories,163.66,8,-74.52
CA-2017-107870,25-01-2016,Customer_291,Central,Illinois,Los Angeles,Office Supplies,Binders,552.22,10,243.4
CA-2018-107871,12-05-2016,Customer_240,East,California,Los Angeles,Furniture,Chairs,216.37,6,258.82
CA-2015-107872,13-01-2018,Customer_128,Central,California,New York City,Furniture,Tables,225.92,4,2.83
CA-2016-107873,30-04-2016,Customer_12,South,Texas,Houston,Furniture,Tables,643.55,6,-86.17
CA-2017-107874,03-12-2016,Customer_151,South,Illinois,Miami,Furniture,Chairs,978.41,5,-11.11
CA-2018-107875,25-10-2016,Customer_155,West,California,Houston,Furniture,Bookcases,59.31,4,214.83
CA-2015-107876,08-09-2015,Customer_202,West,Texas,New York City,Furniture,Bookcases,989.45,8,-3.13
CA-2016-107877,06-10-2018,Customer_444,West,New York,Chicago,Technology,Copiers,355.09,4,225.86
CA-2017-107878,01-11-2018,Customer_407,East,California,Miami,Office Supplies,Paper,552.66,7,-51.23
CA-2018-107879,20-07-2018,Customer_74,East,Texas,Chicago,Furniture,Tables,965.08,5,-18.13
CA-2015-107880,18-04-2018,Customer_256,South,California,New York City,Technology,Accessories,807.12,4,140.88
CA-2016-107881,28-09-2017,Customer_30,West,Texas,Houston,Technology,Phones,451.54,7,206.2
CA-2017-107882,20-07-2017,Customer_397,West,Texas,New York City,Technology,Accessories,107.18,7,107.85
CA-2018-107883,05-12-2015,Customer_258,East,Florida,Miami,Technology,Copiers,193.41,5,184.49
CA-2015-107884,27-07-2015,Customer_232,Central,Texas,New York City,Furniture,Tables,440.4,7,-20.13
CA-2016-107885,17-10-2018,Customer_487,West,Florida,New York City,Office Supplies,Paper,566.21,6,231.47
CA-2017-107886,31-08-2016,Customer_220,West,Texas,Houston,Technology,Accessories,195.99,5,52.16
CA-2018-107887,14-08-2018,Customer_445,East,New York,Miami,Furniture,Bookcases,152.6,10,161.65
CA-2015-107888,27-11-2017,Customer_496,Central,Illinois,Chicago,Furniture,Bookcases,270.64,2,127.66
CA-2016-107889,24-12-2017,Customer_457,West,Illinois,Houston,Office Supplies,Paper,465.4,10,204.64
CA-2017-107890,14-07-2017,Customer_368,South,Florida,Miami,Technology,Phones,489.03,6,109.79
CA-2018-107891,13-05-2017,Customer_305,East,Illinois,Miami,Office Supplies,Binders,96.37,7,-11.86
CA-2015-107892,23-11-2017,Customer_28,West,New York,New York City,Technology,Accessories,83.64,10,86.78
CA-2016-107893,17-11-2017,Customer_87,Central,Texas,Los Angeles,Technology,Phones,838.52,4,138.65
CA-2017-107894,04-12-2017,Customer_363,South,New York,Houston,Furniture,Bookcases,438.49,5,40.67
CA-2018-107895,02-10-2018,Customer_387,East,Florida,New York City,Technology,Phones,165.56,6,105.07
CA-2015-107896,05-09-2015,Customer_130,West,Illinois,Houston,Technology,Phones,137.43,9,238.7
CA-2016-107897,28-07-2018,Customer_257,Central,Texas,New York City,Technology,Copiers,533.53,10,58.36
CA-2017-107898,09-05-2017,Customer_87,Central,New York,Los Angeles,Office Supplies,Binders,569.47,8,290.76
CA-2018-107899,08-06-2017,Customer_493,West,Florida,Chicago,Office Supplies,Storage,942.54,7,-37.28
CA-2015-107900,27-02-2017,Customer_137,Central,California,Houston,Furniture,Tables,594.92,7,-42.99
CA-2016-107901,09-01-2018,Customer_352,South,Texas,Chicago,Furniture,Tables,565.88,2,266.46
CA-2017-107902,25-06-2016,Customer_261,Central,New York,Chicago,Furniture,Bookcases,912.92,7,188.61
CA-2018-107903,09-07-2017,Customer_470,Central,California,Miami,Furniture,Tables,769.51,1,85.95
CA-2015-107904,06-05-2017,Customer_491,South,Florida,Miami,Furniture,Tables,882.51,9,234.68
CA-2016-107905,07-04-2016,Customer_66,West,New York,Houston,Office Supplies,Binders,485.48,4,-88.78
CA-2017-107906,17-01-2016,Customer_454,West,New York,New York City,Office Supplies,Paper,315.18,6,192.07
CA-2018-107907,19-03-2017,Customer_115,Central,New York,Los Angeles,Office Supplies,Paper,307.52,3,181.41
CA-2015-107908,08-09-2018,Customer_233,West,New York,Chicago,Technology,Accessories,820.1,3,47.17
CA-2016-107909,24-11-2016,Customer_380,East,Texas,Chicago,Technology,Accessories,69.33,10,153.56
CA-2017-107910,16-08-2016,Customer_8,Central,Illinois,Miami,Furniture,Chairs,679.61,7,130.46
CA-2018-107911,16-03-2018,Customer_82,East,Illinois,Miami,Technology,Copiers,530.44,8,125.5
CA-2015-107912,22-11-2016,Customer_407,Central,New York,New York City,Furniture,Tables,18.57,10,-10.8
CA-2016-107913,27-10-2015,Customer_196,West,Illinois,Los Angeles,Office Supplies,Storage,955.58,9,132.4
CA-2017-107914,08-03-2018,Customer_125,East,Texas,Houston,Technology,Accessories,163.45,9,258.72
CA-2018-107915,24-07-2018,Customer_41,Central,Illinois,New York City,Furniture,Bookcases,934.93,8,283.09
CA-2015-107916,08-05-2015,Customer_292,South,Illinois,Los Angeles,Office Supplies,Storage,638.5,10,142.51
CA-2016-107917,11-01-2016,Customer_157,Central,New York,Miami,Office Supplies,Storage,752.65,5,6.57
CA-2017-107918,03-11-2016,Customer_208,East,California,New York City,Office Supplies,Paper,362.57,4,228.55
CA-2018-107919,01-03-2015,Customer_313,East,California,Miami,Office Supplies,Paper,54.61,9,169.49
CA-2015-107920,15-04-2018,Customer_236,South,Florida,Houston,Furniture,Chairs,156.07,4,243.33
CA-2016-107921,11-06-2016,Customer_488,Central,Illinois,New York City,Furniture,Bookcases,609.01,2,150.95
CA-2017-107922,04-08-2016,Customer_410,East,Texas,Los Angeles,Office Supplies,Paper,500.56,7,239.19
CA-2018-107923,02-03-2016,Customer_10,West,New York,Houston,Technology,Copiers,118.84,9,80.23
CA-2015-107924,26-10-2018,Customer_70,East,Texas,Chicago,Technology,Copiers,931.21,6,255.29
CA-2016-107925,17-04-2016,Customer_400,Central,Illinois,Houston,Office Supplies,Storage,450.24,7,294.69
CA-2017-107926,28-09-2017,Customer_441,West,California,New York City,Furniture,Chairs,966.95,8,54.97
CA-2018-107927,25-04-2018,Customer_26,East,Illinois,Miami,Furniture,Tables,803.78,2,253.14
CA-2015-107928,21-09-2015,Customer_382,South,Texas,New York City,Office Supplies,Binders,528.83,10,39.27
CA-2016-107929,31-03-2015,Customer_490,South,California,Los Angeles,Office Supplies,Binders,673.99,6,-28.58
CA-2017-107930,03-11-2017,Customer_130,Central,Florida,Los Angeles,Technology,Phones,159.0,5,-15.03
CA-2018-107931,04-09-2016,Customer_271,East,Texas,New York City,Office Supplies,Storage,828.14,10,295.63
CA-2015-107932,12-01-2016,Customer_338,South,Illinois,Los Angeles,Furniture,Tables,202.37,1,-19.34
CA-2016-107933,03-07-2018,Customer_367,West,Illinois,Chicago,Office Supplies,Paper,675.58,4,280.69
CA-2017-107934,26-07-2016,Customer_13,South,Illinois,Miami,Furniture,Chairs,308.34,2,-79.18
CA-2018-107935,12-06-2017,Customer_272,West,Illinois,Miami,Technology,Phones,328.43,4,100.36
CA-2015-107936,05-03-2015,Customer_94,East,Illinois,Houston,Office Supplies,Paper,424.13,3,68.66
CA-2016-107937,16-08-2015,Customer_8,East,Texas,Houston,Furniture,Tables,494.29,10,195.09
CA-2017-107938,07-03-2017,Customer_373,West,California,Los Angeles,Office Supplies,Binders,688.99,8,70.9
CA-2018-107939,25-10-2018,Customer_138,East,Illinois,Los Angeles,Office Supplies,Storage,419.95,3,242.38
CA-2015-107940,22-10-2015,Customer_339,Central,Texas,Houston,Furniture,Tables,909.38,2,4.73
CA-2016-107941,09-05-2018,Customer_151,South,California,Houston,Furniture,Chairs,224.58,7,67.4
CA-2017-107942,05-07-2018,Customer_462,West,New York,Los Angeles,Office Supplies,Binders,687.18,6,212.49
CA-2018-107943,01-09-2016,Customer_327,West,Florida,Houston,Office Supplies,Paper,53.17,4,83.85
CA-2015-107944,15-12-2018,Customer_284,West,Illinois,New York City,Technology,Phones,528.34,2,93.4
CA-2016-107945,15-11-2017,Customer_202,East,New York,Chicago,Furniture,Chairs,412.42,7,151.46
CA-2017-107946,23-10-2016,Customer_89,East,Texas,Chicago,Technology,Accessories,384.77,5,38.02
CA-2018-107947,11-05-2015,Customer_465,Central,Florida,Los Angeles,Furniture,Tables,433.69,3,230.96
CA-2015-107948,19-04-2016,Customer_449,Central,Illinois,Miami,Furniture,Tables,349.62,6,63.4
CA-2016-107949,06-11-2017,Customer_60,West,Texas,Miami,Furniture,Bookcases,352.42,8,85.91
CA-2017-107950,08-02-2019,Customer_309,West,California,Chicago,Technology,Accessories,447.73,3,162.6
CA-2018-107951,22-02-2016,Customer_325,Central,Illinois,New York City,Office Supplies,Paper,644.34,2,228.59
CA-2015-107952,30-12-2018,Customer_406,East,Illinois,Houston,Technology,Phones,88.23,3,75.78
CA-2016-107953,12-10-2015,Customer_295,West,Texas,New York City,Furniture,Tables,77.08,8,245.41
CA-2017-107954,10-12-2016,Customer_419,East,Texas,New York City,Office Supplies,Paper,484.08,4,-6.07
CA-2018-107955,06-12-2018,Customer_9,West,Texas,New York City,Furniture,Bookcases,764.13,8,8.62
CA-2015-107956,03-02-2015,Customer_417,Central,Texas,Houston,Furniture,Chairs,793.64,5,124.7
CA-2016-107957,09-02-2018,Customer_20,East,Illinois,Houston,Technology,Copiers,618.52,1,179.07
CA-2017-107958,27-10-2016,Customer_315,South,California,Houston,Office Supplies,Storage,146.4,8,-15.85
CA-2018-107959,06-02-2016,Customer_97,West,Florida,New York City,Office Supplies,Paper,872.4,5,209.42
CA-2015-107960,11-03-2017,Customer_4,South,New York,Miami,Technology,Copiers,980.19,9,98.26
CA-2016-107961,09-12-2017,Customer_318,Central,Florida,Los Angeles,Technology,Accessories,208.17,4,184.17
CA-2017-107962,19-04-2015,Customer_194,Central,Texas,New York City,Technology,Phones,799.58,10,247.01
CA-2018-107963,29-05-2017,Customer_428,South,Florida,Los Angeles,Office Supplies,Paper,114.16,5,52.78
CA-2015-107964,25-02-2017,Customer_201,East,Florida,New York City,Office Supplies,Binders,643.74,7,-86.76
CA-2016-107965,01-06-2015,Customer_130,West,California,Los Angeles,Technology,Phones,352.42,6,138.51
CA-2017-107966,29-08-2018,Customer_314,Central,Florida,New York City,Office Supplies,Binders,128.03,7,36.63
CA-2018-107967,29-01-2019,Customer_310,East,New York,New York City,Technology,Copiers,302.81,8,211.93
CA-2015-107968,11-04-2015,Customer_145,West,Illinois,Chicago,Office Supplies,Binders,563.8,3,67.1
CA-2016-107969,18-01-2016,Customer_292,Central,Illinois,Chicago,Office Supplies,Storage,583.38,4,215.61
CA-2017-107970,13-05-2015,Customer_136,Central,New York,Los Angeles,Technology,Phones,270.63,10,-52.79
CA-2018-107971,10-10-2016,Customer_75,Central,New York,Los Angeles,Office Supplies,Paper,312.71,7,165.53
CA-2015-107972,05-05-2016,Customer_489,Central,Texas,Chicago,Office Supplies,Paper,189.02,10,28.49
CA-2016-107973,17-02-2017,Customer_117,East,Florida,Chicago,Office Supplies,Paper,894.67,7,108.05
CA-2017-107974,09-08-2018,Customer_40,East,New York,New York City,Office Supplies,Binders,963.32,5,38.87
CA-2018-107975,08-01-2018,Customer_491,West,New York,Houston,Furniture,Chairs,190.83,4,157.61
CA-2015-107976,03-06-2018,Customer_364,East,Florida,Miami,Technology,Accessories,305.54,10,-56.18
CA-2016-107977,20-03-2018,Customer_132,West,Texas,Los Angeles,Furniture,Chairs,952.59,10,179.76
CA-2017-107978,15-01-2017,Customer_386,East,Texas,Chicago,Furniture,Chairs,164.0,4,261.84
CA-2018-107979,05-02-2017,Customer_415,West,Illinois,Houston,Office Supplies,Storage,804.93,10,216.91
CA-2015-107980,12-10-2016,Customer_431,Central,California,New York City,Furniture,Chairs,139.97,9,27.63
CA-2016-107981,25-10-2018,Customer_125,South,Texas,New York City,Technology,Copiers,689.82,8,-13.66
CA-2017-107982,18-02-2018,Customer_117,West,Illinois,Houston,Office Supplies,Paper,75.81,3,-10.95
CA-2018-107983,11-01-2015,Customer_400,Central,New York,Chicago,Office Supplies,Paper,400.39,8,-40.65
CA-2015-107984,13-07-2018,Customer_369,East,New York,Houston,Furniture,Chairs,452.08,5,106.58
CA-2016-107985,02-11-2015,Customer_300,West,Texas,Chicago,Furniture,Tables,649.6,6,-22.21
CA-2017-107986,03-06-2016,Customer_429,Central,Texas,Los Angeles,Technology,Accessories,810.14,8,-91.92
CA-2018-107987,10-03-2017,Customer_186,West,New York,Chicago,Furniture,Chairs,702.74,6,31.49
CA-2015-107988,13-08-2017,Customer_278,South,Illinois,Houston,Furniture,Chairs,742.35,10,-33.34
CA-2016-107989,24-08-2018,Customer_484,South,Texas,Los Angeles,Technology,Copiers,97.03,2,215.11
CA-2017-107990,20-06-2018,Customer_285,Central,Texas,New York City,Furniture,Bookcases,889.66,6,93.21
CA-2018-107991,07-01-2016,Customer_214,West,New York,Chicago,Furniture,Chairs,865.65,4,35.9
CA-2015-107992,23-02-2015,Customer_467,West,Illinois,Houston,Furniture,Bookcases,713.47,9,185.4
CA-2016-107993,17-03-2018,Customer_3,East,Texas,Chicago,Office Supplies,Storage,550.99,8,87.36
CA-2017-107994,31-12-2016,Customer_397,West,Texas,Miami,Technology,Phones,411.02,1,-93.6
CA-2018-107995,20-09-2018,Customer_335,East,Texas,Chicago,Technology,Phones,530.59,7,117.78
CA-2015-107996,05-11-2016,Customer_339,East,Illinois,New York City,Office Supplies,Storage,43.65,9,153.85
CA-2016-107997,22-11-2015,Customer_87,South,Illinois,Los Angeles,Technology,Accessories,66.8,3,152.52
CA-2017-107998,10-08-2017,Customer_181,Central,Illinois,Los Angeles,Technology,Copiers,613.11,2,252.46
CA-2018-107999,01-08-2016,Customer_225,West,Texas,Los Angeles,Furniture,Chairs,551.52,4,204.52
CA-2015-108000,04-04-2015,Customer_443,South,Illinois,Los Angeles,Technology,Copiers,775.37,1,295.59
CA-2016-108001,10-11-2018,Customer_144,West,New York,New York City,Furniture,Bookcases,985.17,8,154.86
CA-2017-108002,14-05-2016,Customer_304,West,California,Los Angeles,Furniture,Tables,350.79,4,-20.85
CA-2018-108003,21-06-2015,Customer_402,East,California,New York City,Technology,Accessories,62.62,4,-38.18
CA-2015-108004,04-05-2018,Customer_471,Central,Illinois,Los Angeles,Office Supplies,Paper,878.72,1,-56.55
CA-2016-108005,27-06-2016,Customer_136,East,Florida,Los Angeles,Technology,Phones,42.94,8,124.36
CA-2017-108006,18-01-2017,Customer_200,South,New York,Houston,Office Supplies,Storage,454.85,3,152.3
CA-2018-108007,27-04-2018,Customer_472,West,Texas,Chicago,Technology,Copiers,996.23,8,215.6
CA-2015-108008,17-02-2017,Customer_367,South,California,Chicago,Technology,Copiers,881.44,2,117.06
CA-2016-108009,04-02-2017,Customer_335,South,California,Houston,Technology,Accessories,208.47,9,109.06
CA-2017-108010,21-10-2018,Customer_433,West,Texas,Miami,Technology,Phones,790.73,10,129.64
CA-2018-108011,17-07-2017,Customer_443,West,Texas,Chicago,Office Supplies,Paper,69.33,2,57.92
CA-2015-108012,21-01-2015,Customer_388,Central,California,Houston,Office Supplies,Paper,468.21,4,137.28
CA-2016-108013,05-07-2015,Customer_105,South,Illinois,Los Angeles,Office Supplies,Storage,882.56,8,215.5
CA-2017-108014,26-10-2015,Customer_317,South,Florida,Houston,Furniture,Tables,536.21,6,123.93
CA-2018-108015,27-01-2019,Customer_239,West,New York,Houston,Office Supplies,Storage,920.61,10,-51.5
CA-2015-108016,17-06-2015,Customer_268,Central,Texas,Chicago,Furniture,Tables,994.26,8,278.66
CA-2016-108017,14-03-2017,Customer_44,South,New York,Houston,Office Supplies,Paper,170.1,1,68.94
CA-2017-108018,03-12-2015,Customer_321,East,New York,Houston,Furniture,Chairs,448.95,4,-3.98
CA-2018-108019,20-10-2017,Customer_183,South,New York,Chicago,Office Supplies,Binders,862.7,4,223.04
CA-2015-108020,17-08-2016,Customer_484,Central,New York,Miami,Furniture,Chairs,101.45,10,175.94
CA-2016-108021,14-12-2015,Customer_212,South,Texas,Chicago,Furniture,Chairs,418.8,6,-65.76
CA-2017-108022,05-01-2017,Customer_486,South,Florida,Miami,Furniture,Tables,163.44,9,-81.69
CA-2018-108023,07-04-2018,Customer_270,South,New York,Los Angeles,Furniture,Tables,593.85,7,9.25
CA-2015-108024,16-04-2018,Customer_122,East,Florida,New York City,Furniture,Tables,875.73,7,150.29
CA-2016-108025,05-04-2016,Customer_150,Central,Florida,Houston,Office Supplies,Paper,41.59,1,291.74
CA-2017-108026,23-06-2018,Customer_258,Central,Illinois,Chicago,Technology,Copiers,189.2,8,263.04
CA-2018-108027,28-01-2017,Customer_441,Central,New York,New York City,Office Supplies,Paper,51.43,2,-51.73
CA-2015-108028,22-06-2016,Customer_369,South,California,Miami,Office Supplies,Paper,706.4,10,53.64
CA-2016-108029,23-03-2015,Customer_387,West,Florida,Miami,Office Supplies,Binders,576.1,10,287.72
CA-2017-108030,17-01-2016,Customer_382,West,Florida,Los Angeles,Furniture,Tables,561.55,2,215.53
CA-2018-108031,18-10-2018,Customer_309,Central,Florida,Miami,Technology,Copiers,741.19,6,132.3
CA-2015-108032,30-01-2016,Customer_19,East,New York,Los Angeles,Furniture,Bookcases,994.92,1,125.26
CA-2016-108033,28-09-2015,Customer_126,Central,California,Miami,Technology,Copiers,499.46,3,258.16
CA-2017-108034,28-03-2016,Customer_395,South,Florida,Chicago,Office Supplies,Paper,984.85,7,-23.89
CA-2018-108035,16-03-2016,Customer_261,West,Florida,Chicago,Furniture,Tables,130.96,1,-60.28
CA-2015-108036,01-05-2017,Customer_452,West,New York,Los Angeles,Office Supplies,Paper,812.11,7,-45.79
CA-2016-108037,19-11-2016,Customer_474,East,Illinois,Chicago,Technology,Copiers,997.27,4,-7.82
CA-2017-108038,02-07-2018,Customer_357,Central,California,Chicago,Office Supplies,Binders,575.66,1,112.78
CA-2018-108039,12-09-2015,Customer_395,Central,Illinois,Miami,Furniture,Tables,663.56,9,77.18
CA-2015-108040,18-05-2017,Customer_159,East,Texas,New York City,Furniture,Tables,570.55,7,-29.04
CA-2016-108041,05-12-2018,Customer_17,South,California,Houston,Office Supplies,Binders,374.84,4,181.22
CA-2017-108042,16-11-2018,Customer_292,East,Florida,Houston,Furniture,Tables,911.78,4,124.96
CA-2018-108043,16-03-2017,Customer_189,Central,New York,Los Angeles,Technology,Accessories,963.36,5,290.48
CA-2015-108044,07-10-2018,Customer_323,South,Texas,Los Angeles,Office Supplies,Binders,603.7,6,117.61
CA-2016-108045,24-05-2015,Customer_423,East,Florida,New York City,Office Supplies,Paper,292.65,5,37.65
CA-2017-108046,25-04-2018,Customer_97,Central,Illinois,Los Angeles,Technology,Accessories,604.03,10,284.69
CA-2018-108047,25-08-2016,Customer_482,South,Florida,Houston,Furniture,Tables,503.46,1,105.67
CA-2015-108048,14-10-2016,Customer_133,South,Illinois,Houston,Office Supplies,Paper,390.08,7,120.54
CA-2016-108049,19-07-2017,Customer_325,South,California,Los Angeles,Office Supplies,Paper,971.16,5,49.35
CA-2017-108050,10-08-2016,Customer_105,East,New York,Los Angeles,Furniture,Bookcases,837.33,3,259.09
CA-2018-108051,26-11-2016,Customer_10,West,Illinois,New York City,Furniture,Chairs,756.45,4,147.05
CA-2015-108052,11-09-2018,Customer_206,West,Florida,Los Angeles,Office Supplies,Paper,743.65,9,69.02
CA-2016-108053,09-04-2017,Customer_389,Central,Illinois,Miami,Furniture,Chairs,326.02,6,0.65
CA-2017-108054,07-02-2019,Customer_494,West,California,Houston,Technology,Copiers,901.82,9,47.44
CA-2018-108055,08-02-2015,Customer_103,Central,Florida,Chicago,Furniture,Chairs,600.2,5,148.27
CA-2015-108056,02-08-2017,Customer_191,Central,Texas,Los Angeles,Technology,Copiers,35.54,6,-21.18
CA-2016-108057,04-07-2017,Customer_82,Central,New York,Los Angeles,Office Supplies,Binders,154.39,2,109.76
CA-2017-108058,21-09-2016,Customer_101,West,California,Miami,Furniture,Chairs,518.92,3,-94.86
CA-2018-108059,06-05-2017,Customer_140,Central,California,Miami,Furniture,Bookcases,593.44,3,-28.75
CA-2015-108060,05-07-2016,Customer_455,West,Illinois,Houston,Technology,Phones,951.52,4,81.1
CA-2016-108061,15-06-2015,Customer_40,Central,Texas,Chicago,Office Supplies,Binders,691.09,4,236.1
CA-2017-108062,22-12-2017,Customer_412,East,Florida,Miami,Technology,Phones,600.87,9,129.61
CA-2018-108063,21-10-2018,Customer_356,East,Illinois,Los Angeles,Furniture,Tables,818.87,6,169.22
CA-2015-108064,17-05-2017,Customer_178,West,Florida,Chicago,Office Supplies,Storage,488.47,9,-26.12
CA-2016-108065,11-02-2015,Customer_18,East,California,Houston,Furniture,Tables,368.4,9,-8.94
CA-2017-108066,06-07-2015,Customer_300,East,Florida,Los Angeles,Furniture,Bookcases,624.62,5,-77.74
CA-2018-108067,07-06-2017,Customer_355,Central,New York,Los Angeles,Office Supplies,Paper,414.93,1,72.81
CA-2015-108068,26-10-2015,Customer_166,South,California,Chicago,Technology,Accessories,261.9,3,92.6
CA-2016-108069,28-03-2015,Customer_344,South,Illinois,New York City,Office Supplies,Storage,90.25,4,-81.33
CA-2017-108070,11-07-2018,Customer_258,West,Florida,Houston,Furniture,Tables,667.37,5,246.63
CA-2018-108071,10-04-2015,Customer_421,East,California,Miami,Technology,Copiers,927.79,5,-58.69
CA-2015-108072,07-01-2019,Customer_13,East,Florida,New York City,Technology,Phones,334.98,8,75.41
CA-2016-108073,13-10-2017,Customer_30,East,Florida,New York City,Office Supplies,Paper,700.5,4,160.75
CA-2017-108074,17-12-2018,Customer_449,South,Illinois,New York City,Office Supplies,Storage,147.54,3,-53.47
CA-2018-108075,16-12-2016,Customer_114,Central,Florida,Chicago,Furniture,Bookcases,913.79,6,254.43
CA-2015-108076,31-08-2017,Customer_97,West,Florida,Chicago,Office Supplies,Paper,256.47,3,184.27
CA-2016-108077,01-11-2017,Customer_26,South,California,New York City,Furniture,Tables,448.59,4,-45.76
CA-2017-108078,15-04-2018,Customer_405,East,California,Houston,Technology,Accessories,255.06,9,-70.81
CA-2018-108079,15-03-2018,Customer_228,Central,Texas,Los Angeles,Furniture,Chairs,414.13,9,-94.49
CA-2015-108080,25-11-2016,Customer_70,Central,Illinois,Houston,Furniture,Tables,152.01,9,224.83
CA-2016-108081,16-05-2016,Customer_68,East,Illinois,Chicago,Furniture,Tables,258.11,9,42.45
CA-2017-108082,09-07-2015,Customer_276,Central,New York,Chicago,Office Supplies,Storage,214.78,8,-85.51
CA-2018-108083,03-01-2018,Customer_445,West,New York,Los Angeles,Technology,Phones,97.88,3,230.65
CA-2015-108084,12-04-2018,Customer_348,West,New York,Miami,Furniture,Chairs,600.55,5,-2.19
CA-2016-108085,02-01-2016,Customer_135,East,New York,Miami,Office Supplies,Paper,451.25,1,-88.0
CA-2017-108086,14-05-2017,Customer_91,West,Texas,New York City,Office Supplies,Binders,493.59,10,-87.6
CA-2018-108087,16-09-2015,Customer_338,East,Texas,Miami,Technology,Copiers,671.89,2,-81.95
CA-2015-108088,18-11-2016,Customer_249,Central,Illinois,Chicago,Technology,Phones,759.66,4,176.54
CA-2016-108089,30-04-2018,Customer_45,South,Texas,Los Angeles,Furniture,Bookcases,810.67,8,235.37
CA-2017-108090,21-06-2015,Customer_65,West,Florida,Houston,Technology,Accessories,541.37,2,175.29
CA-2018-108091,08-05-2015,Customer_165,South,California,Miami,Furniture,Bookcases,857.21,1,166.66
CA-2015-108092,27-11-2018,Customer_169,East,Florida,Chicago,Technology,Phones,174.97,1,273.8
CA-2016-108093,30-05-2015,Customer_326,West,Florida,Los Angeles,Office Supplies,Paper,730.4,7,116.4
CA-2017-108094,29-10-2017,Customer_58,West,Illinois,Chicago,Office Supplies,Storage,506.79,6,47.69
CA-2018-108095,03-09-2017,Customer_47,East,Florida,Houston,Office Supplies,Binders,440.48,5,197.58
CA-2015-108096,27-06-2018,Customer_332,West,Florida,Los Angeles,Office Supplies,Paper,92.31,6,23.8
CA-2016-108097,27-10-2015,Customer_137,South,California,Miami,Technology,Accessories,209.12,5,143.77
CA-2017-108098,10-01-2018,Customer_351,South,New York,Los Angeles,Technology,Accessories,980.49,4,-38.7
CA-2018-108099,23-06-2017,Customer_419,East,Texas,Houston,Office Supplies,Binders,126.23,2,91.27
CA-2015-108100,24-01-2016,Customer_85,Central,California,New York City,Office Supplies,Paper,553.83,3,161.86
CA-2016-108101,03-01-2016,Customer_229,Central,California,Miami,Office Supplies,Storage,835.53,4,181.94
CA-2017-108102,10-07-2018,Customer_261,Central,California,Chicago,Office Supplies,Binders,454.44,9,250.58
CA-2018-108103,16-12-2016,Customer_296,Central,Illinois,Los Angeles,Furniture,Tables,817.32,5,229.06
CA-2015-108104,18-08-2015,Customer_188,South,Florida,Miami,Furniture,Chairs,159.39,1,-53.54
CA-2016-108105,28-01-2018,Customer_220,West,Illinois,New York City,Office Supplies,Storage,165.9,5,-43.09
CA-2017-108106,26-01-2016,Customer_162,East,Illinois,Los Angeles,Office Supplies,Paper,455.26,5,117.19
CA-2018-108107,18-07-2018,Customer_87,Central,Florida,Miami,Technology,Phones,13.27,7,113.95
CA-2015-108108,03-12-2017,Customer_405,Central,California,Houston,Furniture,Chairs,868.51,7,-41.99
CA-2016-108109,14-05-2016,Customer_326,Central,Florida,New York City,Office Supplies,Paper,285.2,6,241.63
CA-2017-108110,11-11-2017,Customer_27,South,Florida,New York City,Furniture,Bookcases,554.89,1,66.61
CA-2018-108111,28-11-2015,Customer_445,East,Florida,Los Angeles,Furniture,Bookcases,645.93,1,239.93
CA-2015-108112,13-05-2017,Customer_386,South,Florida,Chicago,Office Supplies,Storage,238.15,4,-43.74
CA-2016-108113,30-01-2015,Customer_63,South,Florida,Miami,Furniture,Tables,217.35,2,30.26
CA-2017-108114,30-06-2017,Customer_67,South,Illinois,Houston,Office Supplies,Paper,547.47,6,59.99
CA-2018-108115,13-02-2015,Customer_255,East,New York,New York City,Office Supplies,Storage,12.95,5,254.16
CA-2015-108116,09-07-2018,Customer_366,East,California,New York City,Technology,Accessories,789.68,8,-38.24
CA-2016-108117,19-12-2016,Customer_357,West,Illinois,Chicago,Furniture,Tables,888.7,6,53.23
CA-2017-108118,01-03-2018,Customer_254,West,Texas,Los Angeles,Furniture,Tables,531.27,7,204.9
CA-2018-108119,07-11-2018,Customer_31,East,New York,Los Angeles,Furniture,Bookcases,446.87,2,171.08
CA-2015-108120,31-10-2018,Customer_216,West,Illinois,New York City,Technology,Phones,300.97,9,107.03
CA-2016-108121,26-05-2017,Customer_325,South,California,Los Angeles,Technology,Copiers,448.97,6,198.56
CA-2017-108122,17-06-2016,Customer_264,East,Florida,Los Angeles,Office Supplies,Storage,904.13,2,297.17
CA-2018-108123,21-03-2017,Customer_35,Central,Florida,Chicago,Furniture,Chairs,821.45,3,171.62
CA-2015-108124,18-09-2015,Customer_315,East,Illinois,Los Angeles,Furniture,Tables,758.0,9,162.38
CA-2016-108125,26-08-2017,Customer_455,East,Florida,Los Angeles,Technology,Accessories,74.08,7,-35.06
CA-2017-108126,06-07-2015,Customer_326,West,Texas,Chicago,Furniture,Bookcases,581.93,4,286.71
CA-2018-108127,04-05-2016,Customer_12,East,California,Los Angeles,Office Supplies,Storage,741.33,5,147.97
CA-2015-108128,18-01-2018,Customer_416,South,Texas,Houston,Office Supplies,Paper,931.92,10,-86.16
CA-2016-108129,24-01-2018,Customer_398,Central,California,Los Angeles,Furniture,Tables,437.25,3,269.63
CA-2017-108130,25-04-2018,Customer_475,South,Florida,New York City,Furniture,Chairs,410.71,1,71.77
CA-2018-108131,27-12-2016,Customer_141,West,California,Chicago,Technology,Accessories,191.08,8,62.07
CA-2015-108132,15-05-2016,Customer_183,Central,California,New York City,Technology,Phones,992.04,1,9.1
CA-2016-108133,27-08-2018,Customer_10,West,Texas,Miami,Furniture,Bookcases,537.41,1,261.71
CA-2017-108134,05-04-2016,Customer_116,South,Florida,Chicago,Technology,Copiers,455.99,3,286.44
CA-2018-108135,16-04-2017,Customer_46,West,New York,Miami,Technology,Copiers,515.15,5,223.34
CA-2015-108136,02-07-2016,Customer_66,Central,Florida,Chicago,Technology,Accessories,879.07,8,39.03
CA-2016-108137,20-02-2016,Customer_60,Central,California,New York City,Technology,Accessories,470.08,3,59.35
CA-2017-108138,04-09-2015,Customer_327,South,California,New York City,Office Supplies,Storage,813.05,2,288.75
CA-2018-108139,11-01-2015,Customer_96,Central,Florida,Miami,Technology,Accessories,463.22,3,-76.48
CA-2015-108140,13-10-2017,Customer_158,Central,Texas,Houston,Technology,Copiers,643.02,10,216.91
CA-2016-108141,02-01-2018,Customer_292,Central,Illinois,Miami,Office Supplies,Storage,296.31,8,189.74
CA-2017-108142,25-02-2017,Customer_249,West,California,Chicago,Office Supplies,Binders,38.75,10,-32.95
CA-2018-108143,12-08-2015,Customer_442,West,Texas,New York City,Furniture,Chairs,73.16,8,181.85
CA-2015-108144,28-11-2016,Customer_370,Central,California,Houston,Furniture,Bookcases,239.57,2,254.41
CA-2016-108145,25-11-2017,Customer_23,East,Illinois,Chicago,Technology,Accessories,783.34,4,111.68
CA-2017-108146,26-04-2017,Customer_244,West,New York,New York City,Technology,Copiers,23.46,6,-67.09
CA-2018-108147,10-12-2017,Customer_397,West,Texas,Houston,Technology,Accessories,268.59,10,105.32
CA-2015-108148,15-09-2015,Customer_290,South,New York,Houston,Office Supplies,Paper,343.69,2,67.87
CA-2016-108149,16-12-2016,Customer_277,South,Florida,New York City,Furniture,Chairs,348.67,8,68.3
CA-2017-108150,31-03-2018,Customer_193,West,Florida,New York City,Technology,Accessories,105.96,10,34.8
CA-2018-108151,12-08-2018,Customer_473,East,Texas,Houston,Office Supplies,Paper,626.83,3,206.37
CA-2015-108152,26-06-2017,Customer_233,East,Texas,Houston,Office Supplies,Paper,282.23,8,131.34
CA-2016-108153,22-02-2015,Customer_213,East,Florida,Miami,Office Supplies,Storage,96.04,7,-46.19
CA-2017-108154,30-07-2017,Customer_446,South,Texas,Houston,Office Supplies,Binders,776.92,1,54.86
CA-2018-108155,19-02-2018,Customer_370,East,Illinois,Chicago,Office Supplies,Binders,480.63,9,133.82
CA-2015-108156,06-10-2015,Customer_496,Central,Illinois,New York City,Furniture,Tables,28.34,8,45.91
CA-2016-108157,15-03-2018,Customer_197,West,Illinois,Houston,Furniture,Bookcases,850.41,4,171.37
CA-2017-108158,04-12-2017,Customer_372,East,Illinois,Houston,Office Supplies,Storage,116.03,10,22.31
CA-2018-108159,11-02-2016,Customer_148,East,California,Los Angeles,Technology,Accessories,827.16,9,90.35
CA-2015-108160,30-06-2015,Customer_367,South,Illinois,Los Angeles,Technology,Accessories,675.02,10,-15.03
CA-2016-108161,27-08-2017,Customer_45,South,Texas,Chicago,Office Supplies,Binders,100.31,7,66.31
CA-2017-108162,07-09-2015,Customer_23,Central,New York,Los Angeles,Office Supplies,Binders,159.04,7,-69.82
CA-2018-108163,25-05-2016,Customer_18,East,Texas,Los Angeles,Technology,Accessories,641.75,1,-35.38
CA-2015-108164,19-10-2016,Customer_136,East,Florida,Los Angeles,Technology,Copiers,163.47,3,225.88
CA-2016-108165,30-12-2018,Customer_364,West,Illinois,Miami,Office Supplies,Storage,973.39,9,-80.02
CA-2017-108166,07-03-2016,Customer_411,South,New York,Chicago,Technology,Phones,120.38,6,217.69
CA-2018-108167,17-07-2016,Customer_89,East,Illinois,New York City,Technology,Accessories,749.68,8,-63.37
CA-2015-108168,02-12-2015,Customer_76,West,Texas,Los Angeles,Furniture,Bookcases,238.81,4,149.32
CA-2016-108169,19-10-2015,Customer_33,South,Illinois,Houston,Technology,Accessories,162.35,10,99.84
CA-2017-108170,03-11-2017,Customer_2,East,Florida,Miami,Furniture,Bookcases,917.31,7,-32.41
CA-2018-108171,15-12-2017,Customer_365,West,Illinois,New York City,Furniture,Bookcases,174.76,7,21.69
CA-2015-108172,05-01-2017,Customer_77,Central,Florida,Miami,Furniture,Tables,637.12,4,148.37
CA-2016-108173,25-01-2019,Customer_346,East,Florida,Houston,Technology,Phones,475.98,9,93.25
CA-2017-108174,19-02-2017,Customer_272,West,California,Miami,Technology,Phones,609.86,10,186.08
CA-2018-108175,05-09-2015,Customer_109,South,Texas,Chicago,Office Supplies,Binders,194.38,1,-68.07
CA-2015-108176,10-06-2017,Customer_68,West,Florida,Chicago,Technology,Phones,513.97,3,114.39
CA-2016-108177,16-08-2016,Customer_172,South,New York,Los Angeles,Office Supplies,Binders,221.67,6,161.0
CA-2017-108178,27-11-2015,Customer_431,Central,Illinois,New York City,Furniture,Tables,728.43,9,-4.93
CA-2018-108179,25-02-2015,Customer_442,South,Florida,Chicago,Office Supplies,Paper,435.84,2,39.14
CA-2015-108180,19-03-2016,Customer_331,East,Texas,Chicago,Furniture,Tables,841.23,8,-96.04
CA-2016-108181,20-09-2017,Customer_171,Central,Illinois,Los Angeles,Office Supplies,Storage,573.13,5,-90.34
CA-2017-108182,09-02-2017,Customer_373,West,Illinois,Chicago,Furniture,Chairs,728.47,2,34.31
CA-2018-108183,30-11-2018,Customer_294,South,Illinois,Los Angeles,Technology,Copiers,62.92,7,271.38
CA-2015-108184,01-09-2018,Customer_239,West,Florida,Houston,Furniture,Tables,813.49,4,4.38
CA-2016-108185,01-05-2015,Customer_479,West,New York,New York City,Office Supplies,Paper,11.41,2,32.94
CA-2017-108186,27-07-2015,Customer_30,West,Florida,Los Angeles,Office Supplies,Storage,163.5,7,-63.25
CA-2018-108187,28-03-2018,Customer_355,Central,Illinois,Chicago,Furniture,Bookcases,764.72,3,-68.66
CA-2015-108188,01-05-2018,Customer_417,West,Illinois,Houston,Technology,Accessories,224.98,6,31.54
CA-2016-108189,05-04-2017,Customer_404,Central,Texas,Los Angeles,Furniture,Bookcases,478.93,3,-6.19
CA-2017-108190,16-10-2015,Customer_268,West,New York,Houston,Technology,Phones,57.37,2,82.27
CA-2018-108191,10-02-2017,Customer_67,East,Illinois,Los Angeles,Technology,Phones,373.53,2,34.63
CA-2015-108192,06-07-2017,Customer_28,Central,Illinois,Miami,Technology,Accessories,710.77,6,-76.1
CA-2016-108193,14-09-2017,Customer_265,West,Illinois,New York City,Furniture,Bookcases,756.09,6,-99.72
CA-2017-108194,25-10-2016,Customer_254,West,Illinois,Los Angeles,Office Supplies,Storage,699.55,1,44.35
CA-2018-108195,23-07-2017,Customer_411,South,Florida,New York City,Furniture,Tables,576.71,10,261.49
CA-2015-108196,25-03-2016,Customer_273,East,Florida,New York City,Technology,Phones,457.96,9,270.74
CA-2016-108197,06-03-2016,Customer_158,Central,California,Miami,Furniture,Tables,921.69,5,156.56
CA-2017-108198,20-05-2016,Customer_333,Central,Illinois,Chicago,Technology,Accessories,358.86,7,189.67
CA-2018-108199,07-08-2015,Customer_47,Central,Florida,Miami,Technology,Phones,846.96,2,-0.42
CA-2015-108200,22-09-2016,Customer_95,South,California,Los Angeles,Office Supplies,Binders,86.39,7,79.62
CA-2016-108201,02-08-2018,Customer_241,Central,Texas,New York City,Office Supplies,Paper,339.07,2,-71.97
CA-2017-108202,01-01-2019,Customer_165,South,Illinois,Chicago,Technology,Copiers,436.13,4,3.63
CA-2018-108203,24-09-2016,Customer_82,West,Illinois,New York City,Technology,Copiers,710.47,2,147.78
CA-2015-108204,14-09-2015,Customer_52,West,Illinois,Chicago,Office Supplies,Storage,985.56,6,120.08
CA-2016-108205,02-02-2015,Customer_10,South,California,Miami,Furniture,Bookcases,689.22,10,-83.63
CA-2017-108206,14-10-2015,Customer_10,Central,Florida,Chicago,Office Supplies,Binders,690.65,5,269.93
CA-2018-108207,03-07-2017,Customer_468,Central,California,Chicago,Furniture,Chairs,711.47,10,294.72
CA-2015-108208,13-10-2015,Customer_155,South,New York,Los Angeles,Office Supplies,Paper,570.57,10,15.23
CA-2016-108209,10-10-2017,Customer_91,Central,Florida,Miami,Furniture,Tables,604.28,8,117.4
CA-2017-108210,01-01-2018,Customer_203,East,New York,Chicago,Furniture,Tables,103.48,7,8.2
CA-2018-108211,11-08-2016,Customer_460,West,Florida,Houston,Office Supplies,Binders,715.8,6,-85.5
CA-2015-108212,24-02-2016,Customer_434,West,Florida,Houston,Office Supplies,Paper,608.71,7,93.7
CA-2016-108213,08-10-2015,Customer_347,South,Florida,Chicago,Office Supplies,Storage,505.11,6,-44.13
CA-2017-108214,14-09-2017,Customer_475,West,Illinois,Chicago,Furniture,Bookcases,364.85,1,16.89
CA-2018-108215,10-08-2015,Customer_390,East,Florida,Miami,Technology,Phones,845.3,5,209.28
CA-2015-108216,29-12-2017,Customer_148,West,Texas,New York City,Furniture,Bookcases,19.26,7,118.75
CA-2016-108217,29-06-2015,Customer_498,South,California,New York City,Office Supplies,Binders,331.86,8,142.71
CA-2017-108218,23-12-2017,Customer_436,West,Texas,Houston,Office Supplies,Storage,434.3,3,-22.71
CA-2018-108219,06-09-2017,Customer_99,Central,Florida,Los Angeles,Furniture,Bookcases,239.35,9,-82.61
CA-2015-108220,09-08-2018,Customer_124,East,Florida,Miami,Office Supplies,Binders,780.37,2,72.41
CA-2016-108221,20-02-2015,Customer_18,Central,California,Miami,Furniture,Tables,811.81,1,161.41
CA-2017-108222,20-10-2018,Customer_50,South,Texas,New York City,Office Supplies,Storage,593.88,7,276.66
CA-2018-108223,18-01-2018,Customer_241,West,Texas,New York City,Technology,Accessories,662.15,2,153.1
CA-2015-108224,24-02-2016,Customer_394,East,Florida,Houston,Furniture,Chairs,628.77,7,116.99
CA-2016-108225,01-07-2017,Customer_124,Central,Texas,Houston,Furniture,Bookcases,347.52,9,37.24
CA-2017-108226,22-07-2016,Customer_183,West,Texas,Miami,Technology,Phones,130.37,1,251.07
CA-2018-108227,09-11-2017,Customer_307,South,Texas,Chicago,Furniture,Tables,120.01,7,105.94
CA-2015-108228,30-04-2018,Customer_108,Central,New York,Los Angeles,Technology,Copiers,108.26,5,237.27
CA-2016-108229,13-05-2017,Customer_231,Central,Illinois,Chicago,Technology,Phones,220.04,3,285.8
CA-2017-108230,06-12-2016,Customer_292,Central,Illinois,Los Angeles,Office Supplies,Storage,394.48,6,216.73
CA-2018-108231,29-06-2016,Customer_255,South,New York,Los Angeles,Furniture,Bookcases,416.64,7,174.21
CA-2015-108232,15-02-2018,Customer_394,South,Texas,Los Angeles,Office Supplies,Paper,293.99,7,132.57
CA-2016-108233,16-10-2015,Customer_478,South,Texas,New York City,Office Supplies,Storage,142.81,1,290.07
CA-2017-108234,11-05-2015,Customer_230,East,Florida,Miami,Furniture,Chairs,947.57,8,171.37
CA-2018-108235,10-02-2017,Customer_76,Central,Texas,Miami,Technology,Accessories,421.0,3,26.25
CA-2015-108236,19-07-2017,Customer_327,East,Texas,Houston,Office Supplies,Storage,23.87,1,183.93
CA-2016-108237,07-03-2018,Customer_211,West,California,Miami,Technology,Phones,762.43,2,260.16
CA-2017-108238,19-06-2017,Customer_9,Central,Illinois,New York City,Office Supplies,Binders,860.68,6,262.75
CA-2018-108239,24-03-2015,Customer_328,East,Illinois,Chicago,Furniture,Tables,609.6,3,273.08
CA-2015-108240,15-01-2018,Customer_157,East,Texas,Chicago,Technology,Accessories,171.76,1,67.88
CA-2016-108241,20-08-2017,Customer_383,West,California,Los Angeles,Technology,Copiers,300.99,7,-63.71
CA-2017-108242,02-09-2015,Customer_322,Central,Florida,Miami,Office Supplies,Paper,80.46,6,72.75
CA-2018-108243,11-07-2018,Customer_337,East,Illinois,Houston,Furniture,Tables,885.54,6,-33.53
CA-2015-108244,06-03-2016,Customer_444,Central,New York,New York City,Furniture,Chairs,513.44,5,217.11
CA-2016-108245,01-10-2016,Customer_169,South,Texas,New York City,Furniture,Chairs,624.28,6,207.23
CA-2017-108246,24-11-2016,Customer_435,Central,New York,Miami,Office Supplies,Paper,752.15,5,277.82
CA-2018-108247,02-08-2017,Customer_23,Central,Texas,Miami,Furniture,Tables,721.52,2,115.47
CA-2015-108248,25-09-2017,Customer_410,West,New York,Chicago,Technology,Accessories,180.11,4,-24.39
CA-2016-108249,02-12-2016,Customer_472,South,New York,Miami,Office Supplies,Paper,252.62,9,-35.9
CA-2017-108250,08-08-2017,Customer_486,West,Illinois,Houston,Technology,Phones,912.61,10,84.43
CA-2018-108251,02-01-2015,Customer_345,West,Illinois,New York City,Technology,Phones,106.49,5,-88.46
CA-2015-108252,17-11-2018,Customer_397,Central,Florida,Houston,Office Supplies,Paper,809.76,1,244.84
CA-2016-108253,16-02-2017,Customer_246,Central,Florida,Los Angeles,Office Supplies,Paper,764.8,8,90.34
CA-2017-108254,29-04-2016,Customer_84,Central,Texas,Chicago,Furniture,Tables,819.78,10,29.59
CA-2018-108255,31-01-2017,Customer_434,East,California,Los Angeles,Furniture,Chairs,359.1,4,126.03
CA-2015-108256,11-11-2016,Customer_166,Central,Florida,Los Angeles,Furniture,Tables,247.84,10,205.26
CA-2016-108257,29-04-2015,Customer_105,West,New York,Miami,Furniture,Bookcases,799.68,6,286.71
CA-2017-108258,21-12-2017,Customer_89,East,Texas,Los Angeles,Office Supplies,Storage,892.93,1,71.59
CA-2018-108259,04-03-2016,Customer_211,Central,Illinois,Houston,Office Supplies,Paper,666.09,4,166.45
CA-2015-108260,13-09-2016,Customer_283,Central,California,Miami,Technology,Accessories,786.12,3,-29.1
CA-2016-108261,10-06-2018,Customer_65,West,Texas,Chicago,Office Supplies,Binders,983.38,3,-35.75
CA-2017-108262,15-08-2015,Customer_362,West,Florida,Miami,Office Supplies,Paper,29.24,8,175.46
CA-2018-108263,06-04-2015,Customer_166,Central,Texas,Chicago,Technology,Phones,996.56,1,5.55
CA-2015-108264,16-03-2016,Customer_410,West,Illinois,Houston,Technology,Copiers,116.66,6,193.44
CA-2016-108265,07-04-2018,Customer_185,Central,Texas,Los Angeles,Technology,Accessories,868.82,1,233.26
CA-2017-108266,07-04-2015,Customer_486,Central,New York,Chicago,Technology,Accessories,386.56,7,180.19
CA-2018-108267,26-12-2017,Customer_170,East,New York,Houston,Furniture,Chairs,631.61,2,285.85
CA-2015-108268,26-05-2018,Customer_335,Central,New York,Houston,Office Supplies,Paper,20.14,5,-66.63
CA-2016-108269,13-03-2018,Customer_140,Central,Illinois,Houston,Furniture,Tables,574.7,8,100.76
CA-2017-108270,25-06-2015,Customer_24,West,California,Miami,Technology,Phones,33.45,5,110.72
CA-2018-108271,22-10-2018,Customer_383,South,Illinois,New York City,Technology,Phones,85.2,4,3.5
CA-2015-108272,02-02-2015,Customer_326,Central,Texas,Los Angeles,Technology,Accessories,238.79,7,16.51
CA-2016-108273,03-05-2017,Customer_451,South,New York,Miami,Office Supplies,Storage,962.44,10,-55.9
CA-2017-108274,17-02-2016,Customer_305,East,Florida,Houston,Office Supplies,Binders,86.76,4,-13.88
CA-2018-108275,27-10-2015,Customer_387,Central,Texas,Chicago,Office Supplies,Paper,906.26,10,111.13
CA-2015-108276,03-07-2016,Customer_170,East,Texas,Miami,Furniture,Bookcases,782.16,10,99.21
CA-2016-108277,25-01-2015,Customer_150,East,Illinois,Miami,Furniture,Chairs,69.3,8,-45.6
CA-2017-108278,08-04-2017,Customer_106,South,Texas,Los Angeles,Office Supplies,Storage,279.21,5,8.57
CA-2018-108279,02-10-2018,Customer_366,Central,Illinois,Los Angeles,Technology,Copiers,69.68,8,39.64
CA-2015-108280,07-02-2017,Customer_68,Central,California,Los Angeles,Technology,Accessories,847.18,7,41.63
CA-2016-108281,31-12-2016,Customer_419,South,Texas,Miami,Furniture,Bookcases,462.36,6,130.69
CA-2017-108282,13-08-2017,Customer_196,South,Illinois,Miami,Furniture,Bookcases,389.72,5,95.07
CA-2018-108283,06-10-2018,Customer_262,East,Texas,Los Angeles,Technology,Copiers,599.57,9,55.58
CA-2015-108284,21-03-2018,Customer_14,East,New York,New York City,Technology,Phones,455.09,4,144.9
CA-2016-108285,18-09-2017,Customer_164,South,Illinois,New York City,Technology,Phones,447.3,3,224.25
CA-2017-108286,27-09-2015,Customer_191,East,Florida,Houston,Technology,Copiers,608.91,3,243.5
CA-2018-108287,06-04-2017,Customer_421,East,Florida,Los Angeles,Furniture,Bookcases,906.91,1,226.85
CA-2015-108288,13-01-2018,Customer_94,West,Texas,New York City,Technology,Phones,458.45,8,-2.75
CA-2016-108289,17-03-2015,Customer_28,South,Illinois,Los Angeles,Office Supplies,Paper,381.09,9,225.99
CA-2017-108290,12-08-2015,Customer_456,West,Illinois,Houston,Office Supplies,Storage,792.65,8,-84.67
CA-2018-108291,10-01-2018,Customer_169,West,Texas,Houston,Technology,Accessories,980.95,10,-69.84
CA-2015-108292,18-11-2018,Customer_78,South,California,Los Angeles,Furniture,Bookcases,296.02,1,122.34
CA-2016-108293,18-01-2016,Customer_217,East,Florida,Chicago,Office Supplies,Binders,621.78,7,58.17
CA-2017-108294,28-08-2015,Customer_404,East,Florida,New York City,Furniture,Bookcases,555.02,7,118.36
CA-2018-108295,17-07-2017,Customer_231,West,Texas,Miami,Technology,Phones,425.95,1,124.28
CA-2015-108296,19-02-2018,Customer_18,Central,Illinois,Chicago,Technology,Copiers,732.91,7,212.83
CA-2016-108297,23-09-2017,Customer_316,Central,New York,Los Angeles,Furniture,Bookcases,69.77,10,144.18
CA-2017-108298,18-02-2016,Customer_355,Central,Texas,Chicago,Furniture,Bookcases,85.77,8,-25.37
CA-2018-108299,28-10-2018,Customer_308,Central,Texas,Houston,Office Supplies,Paper,791.1,6,-20.78
CA-2015-108300,05-09-2017,Customer_465,Central,New York,Chicago,Office Supplies,Binders,296.29,5,156.89
CA-2016-108301,02-05-2017,Customer_251,East,Florida,New York City,Office Supplies,Paper,96.17,3,202.36
CA-2017-108302,29-01-2019,Customer_398,Central,Illinois,Chicago,Technology,Accessories,182.64,2,115.84
CA-2018-108303,25-10-2018,Customer_15,South,Illinois,New York City,Technology,Phones,130.54,1,-76.75
CA-2015-108304,20-09-2017,Customer_72,South,Florida,Houston,Office Supplies,Paper,325.17,6,72.29
CA-2016-108305,21-03-2018,Customer_490,South,Texas,New York City,Technology,Copiers,144.33,2,124.59
CA-2017-108306,23-10-2017,Customer_248,South,Texas,Miami,Furniture,Tables,641.43,9,65.15
CA-2018-108307,06-02-2017,Customer_147,Central,Florida,Miami,Technology,Phones,763.69,6,58.23
CA-2015-108308,09-09-2018,Customer_285,South,California,Houston,Furniture,Chairs,401.44,6,113.41
CA-2016-108309,20-02-2018,Customer_293,South,Texas,Los Angeles,Furniture,Chairs,113.02,9,178.81
CA-2017-108310,18-07-2018,Customer_285,South,New York,New York City,Office Supplies,Storage,157.48,9,140.28
CA-2018-108311,10-06-2015,Customer_50,South,California,New York City,Technology,Phones,48.44,2,-57.11
CA-2015-108312,27-03-2018,Customer_1,South,California,Miami,Technology,Accessories,731.57,8,270.04
CA-2016-108313,05-01-2015,Customer_435,East,Illinois,Miami,Office Supplies,Paper,484.65,7,-19.29
CA-2017-108314,31-01-2017,Customer_417,Central,New York,Houston,Office Supplies,Storage,107.33,8,154.66
CA-2018-108315,27-08-2016,Customer_383,Central,California,New York City,Technology,Phones,309.31,8,82.24
CA-2015-108316,08-04-2018,Customer_94,South,New York,Miami,Office Supplies,Storage,66.75,5,90.01
CA-2016-108317,30-03-2016,Customer_53,West,Illinois,New York City,Furniture,Tables,46.07,10,112.11
CA-2017-108318,25-06-2016,Customer_6,East,California,New York City,Office Supplies,Paper,866.46,4,202.23
CA-2018-108319,15-12-2015,Customer_266,West,New York,Chicago,Office Supplies,Storage,866.95,5,298.11
CA-2015-108320,17-01-2015,Customer_162,Central,Florida,Chicago,Technology,Accessories,493.54,7,-21.65
CA-2016-108321,07-01-2018,Customer_316,East,California,Houston,Office Supplies,Paper,258.65,7,-10.08
CA-2017-108322,30-09-2016,Customer_462,South,Illinois,Chicago,Office Supplies,Storage,274.9,1,89.31
CA-2018-108323,01-01-2019,Customer_482,South,California,Chicago,Technology,Copiers,27.47,5,-11.59
CA-2015-108324,05-10-2017,Customer_404,Central,Florida,Miami,Technology,Accessories,755.54,10,181.61
CA-2016-108325,16-04-2016,Customer_416,East,New York,New York City,Furniture,Tables,415.69,6,-65.65
CA-2017-108326,18-04-2018,Customer_217,South,California,Chicago,Office Supplies,Paper,326.77,5,181.89
CA-2018-108327,22-02-2018,Customer_413,East,California,Houston,Technology,Copiers,343.95,3,36.24
CA-2015-108328,05-02-2016,Customer_202,Central,Illinois,Chicago,Office Supplies,Paper,611.36,9,290.86
CA-2016-108329,13-09-2017,Customer_218,South,California,Houston,Technology,Accessories,706.31,7,-38.28
CA-2017-108330,31-12-2017,Customer_187,West,New York,Los Angeles,Furniture,Bookcases,423.74,7,-68.43
CA-2018-108331,27-06-2015,Customer_263,West,California,Chicago,Office Supplies,Paper,410.37,4,-5.27
CA-2015-108332,13-02-2016,Customer_482,Central,Texas,Los Angeles,Furniture,Chairs,514.47,9,190.64
CA-2016-108333,30-12-2017,Customer_262,West,Illinois,Los Angeles,Technology,Phones,513.48,1,151.99
CA-2017-108334,07-02-2016,Customer_5,West,California,New York City,Technology,Phones,387.42,2,243.53
CA-2018-108335,29-07-2017,Customer_180,West,Florida,Chicago,Technology,Phones,370.2,1,-20.24
CA-2015-108336,27-02-2015,Customer_492,East,Florida,Chicago,Technology,Accessories,669.31,8,205.25
CA-2016-108337,23-01-2017,Customer_116,Central,Florida,New York City,Furniture,Bookcases,791.63,3,-99.52
CA-2017-108338,06-01-2017,Customer_498,Central,Florida,Houston,Technology,Phones,338.24,1,-37.59
CA-2018-108339,10-12-2017,Customer_362,West,Illinois,Houston,Office Supplies,Storage,670.01,4,-13.27
CA-2015-108340,19-06-2018,Customer_274,West,New York,New York City,Furniture,Tables,301.45,5,39.84
CA-2016-108341,25-03-2017,Customer_158,East,New York,Houston,Technology,Copiers,607.51,8,3.17
CA-2017-108342,24-02-2018,Customer_262,West,California,Chicago,Office Supplies,Binders,411.17,5,-21.82
CA-2018-108343,19-02-2017,Customer_284,West,California,Los Angeles,Office Supplies,Storage,844.0,6,55.91
CA-2015-108344,22-01-2019,Customer_254,Central,Illinois,Los Angeles,Furniture,Chairs,92.26,3,184.89
CA-2016-108345,24-06-2017,Customer_297,Central,Texas,Houston,Office Supplies,Binders,964.85,10,26.62
CA-2017-108346,25-04-2016,Customer_251,South,Illinois,Miami,Furniture,Tables,409.82,7,166.14
CA-2018-108347,09-01-2018,Customer_303,East,Illinois,Houston,Furniture,Chairs,474.66,2,-30.29
CA-2015-108348,03-12-2018,Customer_428,Central,New York,Chicago,Furniture,Chairs,747.79,9,4.62
CA-2016-108349,16-12-2018,Customer_243,East,Illinois,Chicago,Furniture,Bookcases,994.5,7,100.8
CA-2017-108350,08-11-2017,Customer_65,Central,Texas,New York City,Technology,Accessories,902.22,3,145.09
CA-2018-108351,26-05-2016,Customer_266,Central,Texas,Miami,Office Supplies,Binders,809.96,2,79.94
CA-2015-108352,12-05-2018,Customer_482,Central,Florida,Los Angeles,Technology,Phones,347.82,10,103.14
CA-2016-108353,30-01-2016,Customer_234,East,Texas,Chicago,Furniture,Chairs,872.78,10,28.27
CA-2017-108354,12-10-2017,Customer_50,West,California,Houston,Office Supplies,Paper,195.24,5,10.9
CA-2018-108355,06-07-2015,Customer_173,East,Texas,New York City,Technology,Accessories,765.45,7,195.03
CA-2015-108356,01-03-2017,Customer_444,East,Illinois,Miami,Technology,Phones,329.42,3,246.98
CA-2016-108357,14-05-2016,Customer_297,East,Illinois,New York City,Technology,Copiers,53.77,10,-97.77
CA-2017-108358,15-09-2015,Customer_336,West,New York,Los Angeles,Office Supplies,Binders,283.41,2,-74.43
CA-2018-108359,13-03-2015,Customer_151,Central,California,New York City,Office Supplies,Binders,635.23,8,-42.65
CA-2015-108360,10-11-2018,Customer_46,East,New York,Houston,Office Supplies,Storage,434.93,4,23.72
CA-2016-108361,25-06-2015,Customer_248,South,California,Los Angeles,Technology,Copiers,869.63,1,48.08
CA-2017-108362,28-07-2016,Customer_96,South,New York,Houston,Furniture,Chairs,474.05,3,279.1
CA-2018-108363,08-05-2015,Customer_83,East,California,Houston,Technology,Copiers,450.17,9,-86.88
CA-2015-108364,14-07-2016,Customer_461,Central,New York,Miami,Furniture,Chairs,722.78,4,-49.73
CA-2016-108365,28-02-2016,Customer_299,Central,New York,Houston,Office Supplies,Paper,709.1,2,215.67
CA-2017-108366,15-08-2017,Customer_95,West,Illinois,Chicago,Technology,Accessories,221.85,9,-29.07
CA-2018-108367,07-02-2018,Customer_151,Central,California,New York City,Furniture,Bookcases,940.54,7,64.66
CA-2015-108368,12-05-2015,Customer_253,West,New York,Houston,Office Supplies,Storage,620.54,7,254.08
CA-2016-108369,13-12-2018,Customer_156,South,New York,Houston,Technology,Copiers,920.24,1,32.15
CA-2017-108370,13-01-2018,Customer_438,East,California,New York City,Technology,Phones,815.72,5,83.41
CA-2018-108371,27-09-2017,Customer_138,East,New York,Miami,Office Supplies,Storage,424.59,7,81.02
CA-2015-108372,11-09-2017,Customer_463,Central,California,Los Angeles,Technology,Copiers,359.19,8,169.62
CA-2016-108373,21-06-2016,Customer_392,Central,Texas,Chicago,Technology,Copiers,568.25,9,75.34
CA-2017-108374,03-07-2016,Customer_210,East,California,New York City,Technology,Accessories,800.6,5,68.54
CA-2018-108375,13-02-2016,Customer_168,East,Texas,New York City,Furniture,Bookcases,499.62,8,-23.21
CA-2015-108376,21-06-2015,Customer_145,West,Florida,Houston,Office Supplies,Paper,642.08,9,-88.42
CA-2016-108377,14-12-2016,Customer_414,Central,New York,Chicago,Furniture,Bookcases,409.34,6,49.89
CA-2017-108378,17-07-2016,Customer_303,East,New York,Houston,Office Supplies,Paper,105.53,4,116.7
CA-2018-108379,02-08-2016,Customer_60,West,Texas,Chicago,Furniture,Bookcases,791.15,5,179.09
CA-2015-108380,02-10-2018,Customer_8,South,Texas,Chicago,Furniture,Tables,407.0,10,109.41
CA-2016-108381,15-08-2017,Customer_180,East,Texas,Houston,Office Supplies,Paper,754.02,1,9.85
CA-2017-108382,13-09-2017,Customer_180,East,Illinois,Chicago,Technology,Copiers,733.11,1,46.85
CA-2018-108383,25-03-2016,Customer_339,East,Texas,Los Angeles,Office Supplies,Binders,734.64,8,-27.62
CA-2015-108384,02-01-2015,Customer_10,West,New York,Miami,Furniture,Tables,456.25,10,63.59
CA-2016-108385,12-11-2017,Customer_28,Central,Texas,Los Angeles,Technology,Phones,441.28,1,-80.34
CA-2017-108386,19-03-2015,Customer_486,South,Texas,Houston,Office Supplies,Paper,68.83,10,211.26
CA-2018-108387,28-02-2017,Customer_326,Central,Illinois,Houston,Furniture,Tables,49.32,8,295.2
CA-2015-108388,10-02-2018,Customer_216,West,New York,Houston,Technology,Copiers,592.46,1,161.65
CA-2016-108389,25-12-2015,Customer_427,West,Florida,Miami,Furniture,Tables,615.95,5,-31.62
CA-2017-108390,02-11-2018,Customer_206,South,New York,New York City,Technology,Copiers,409.62,9,-46.61
CA-2018-108391,23-06-2018,Customer_178,Central,Illinois,Miami,Technology,Accessories,265.64,5,264.87
CA-2015-108392,09-04-2017,Customer_366,South,Florida,New York City,Office Supplies,Storage,154.68,9,264.04
CA-2016-108393,02-03-2017,Customer_27,East,California,Miami,Office Supplies,Binders,370.35,10,224.85
CA-2017-108394,23-04-2018,Customer_202,West,California,New York City,Technology,Copiers,522.87,6,193.65
CA-2018-108395,23-12-2018,Customer_85,West,New York,Los Angeles,Office Supplies,Storage,195.12,6,273.33
CA-2015-108396,11-07-2018,Customer_164,West,Florida,New York City,Furniture,Tables,593.36,7,179.0
CA-2016-108397,29-06-2015,Customer_128,South,Texas,Miami,Technology,Phones,256.14,1,-72.63
CA-2017-108398,07-03-2015,Customer_228,East,New York,Miami,Furniture,Tables,887.02,7,264.26
CA-2018-108399,02-12-2015,Customer_109,West,California,Chicago,Office Supplies,Storage,718.15,6,181.16
CA-2015-108400,26-08-2018,Customer_212,Central,California,Chicago,Office Supplies,Binders,847.79,2,188.56
CA-2016-108401,14-12-2018,Customer_99,East,Illinois,New York City,Technology,Phones,291.63,7,86.0
CA-2017-108402,02-03-2017,Customer_33,West,Florida,Chicago,Technology,Accessories,71.22,7,196.59
CA-2018-108403,24-05-2018,Customer_74,West,Texas,Houston,Furniture,Tables,562.85,5,222.6
CA-2015-108404,09-06-2015,Customer_247,Central,Florida,Houston,Office Supplies,Binders,98.95,10,209.63
CA-2016-108405,31-08-2015,Customer_357,Central,Texas,New York City,Furniture,Tables,578.08,5,-49.54
CA-2017-108406,03-05-2017,Customer_263,East,Illinois,Houston,Furniture,Bookcases,280.25,3,269.57
CA-2018-108407,11-01-2017,Customer_166,East,California,Miami,Furniture,Tables,126.56,8,201.18
CA-2015-108408,11-05-2017,Customer_439,South,Illinois,New York City,Office Supplies,Paper,691.08,2,212.91
CA-2016-108409,29-07-2018,Customer_342,West,California,New York City,Office Supplies,Binders,609.5,2,-14.61
CA-2017-108410,03-02-2018,Customer_189,West,California,New York City,Furniture,Tables,426.21,2,260.64
CA-2018-108411,19-06-2016,Customer_252,Central,New York,Houston,Furniture,Chairs,97.47,9,-38.61
CA-2015-108412,11-08-2015,Customer_198,East,Florida,Houston,Office Supplies,Storage,530.01,1,-60.79
CA-2016-108413,21-01-2017,Customer_404,East,Florida,Miami,Furniture,Tables,690.08,3,138.72
CA-2017-108414,27-10-2016,Customer_240,East,Texas,New York City,Furniture,Chairs,505.33,5,62.92
CA-2018-108415,07-04-2015,Customer_264,South,California,Houston,Office Supplies,Paper,469.29,2,203.33
CA-2015-108416,20-11-2017,Customer_307,South,Illinois,Houston,Technology,Copiers,555.37,3,-30.28
CA-2016-108417,19-02-2015,Customer_356,West,Illinois,Los Angeles,Furniture,Tables,281.87,4,190.23
CA-2017-108418,01-05-2017,Customer_487,East,Florida,Houston,Technology,Accessories,566.56,7,168.64
CA-2018-108419,15-11-2017,Customer_274,East,Florida,Miami,Furniture,Tables,505.51,4,23.86
CA-2015-108420,01-10-2017,Customer_492,Central,Florida,Houston,Furniture,Tables,919.1,3,247.63
CA-2016-108421,01-04-2018,Customer_104,West,California,Los Angeles,Furniture,Chairs,825.15,6,217.78
CA-2017-108422,08-01-2016,Customer_41,South,California,Miami,Furniture,Bookcases,227.91,8,227.56
CA-2018-108423,17-04-2015,Customer_121,South,Florida,New York City,Technology,Copiers,406.39,5,12.12
CA-2015-108424,19-12-2015,Customer_327,West,Florida,Miami,Technology,Phones,850.61,7,127.68
CA-2016-108425,02-07-2016,Customer_345,Central,Texas,Los Angeles,Technology,Accessories,68.63,8,272.9
CA-2017-108426,28-10-2015,Customer_366,West,Texas,Los Angeles,Technology,Accessories,698.81,5,-54.77
CA-2018-108427,22-02-2018,Customer_204,West,Texas,New York City,Furniture,Chairs,575.12,7,160.53
CA-2015-108428,08-06-2017,Customer_243,Central,Texas,Los Angeles,Office Supplies,Paper,970.35,7,190.91
CA-2016-108429,06-04-2015,Customer_94,Central,Illinois,Chicago,Furniture,Chairs,725.07,2,83.98
CA-2017-108430,27-08-2017,Customer_439,West,Illinois,Miami,Office Supplies,Paper,57.94,7,270.43
CA-2018-108431,24-12-2016,Customer_15,South,Texas,New York City,Office Supplies,Paper,716.53,2,205.66
CA-2015-108432,27-03-2015,Customer_235,South,Illinois,Houston,Technology,Copiers,676.83,2,289.7
CA-2016-108433,03-03-2015,Customer_165,Central,Texas,Miami,Office Supplies,Paper,935.24,5,-48.07
CA-2017-108434,19-05-2016,Customer_500,Central,Florida,Miami,Office Supplies,Binders,523.96,2,89.07
CA-2018-108435,05-06-2015,Customer_471,East,Texas,Houston,Office Supplies,Storage,389.77,5,-85.31
CA-2015-108436,14-01-2018,Customer_493,West,New York,Houston,Furniture,Bookcases,564.32,5,263.23
CA-2016-108437,28-02-2017,Customer_259,East,Illinois,Los Angeles,Furniture,Chairs,198.14,3,286.27
CA-2017-108438,05-01-2018,Customer_35,Central,New York,Houston,Furniture,Bookcases,521.31,5,122.4
CA-2018-108439,26-02-2015,Customer_189,West,Illinois,Chicago,Office Supplies,Binders,799.91,2,142.68
CA-2015-108440,08-08-2016,Customer_186,Central,New York,Chicago,Office Supplies,Binders,793.57,7,42.28
CA-2016-108441,29-03-2017,Customer_299,Central,Illinois,Los Angeles,Office Supplies,Storage,844.55,6,-27.08
CA-2017-108442,01-06-2018,Customer_254,West,Illinois,Chicago,Office Supplies,Paper,759.78,9,27.69
CA-2018-108443,10-08-2015,Customer_141,Central,California,Houston,Office Supplies,Binders,757.59,1,195.06
CA-2015-108444,24-08-2018,Customer_274,East,Illinois,Miami,Technology,Phones,469.26,4,-51.85
CA-2016-108445,09-04-2015,Customer_218,West,Illinois,Houston,Office Supplies,Storage,470.27,4,-28.56
CA-2017-108446,01-02-2017,Customer_35,Central,California,New York City,Office Supplies,Binders,900.82,2,-74.66
CA-2018-108447,13-04-2016,Customer_109,East,Florida,Chicago,Office Supplies,Paper,426.78,7,-4.65
CA-2015-108448,11-01-2018,Customer_331,Central,Florida,Los Angeles,Office Supplies,Binders,539.1,10,242.68
CA-2016-108449,20-03-2015,Customer_131,East,New York,Miami,Technology,Phones,875.37,6,229.44
CA-2017-108450,13-12-2016,Customer_98,Central,New York,Houston,Technology,Phones,376.21,8,167.99
CA-2018-108451,12-05-2018,Customer_496,West,Illinois,Chicago,Office Supplies,Binders,915.14,2,-55.68
CA-2015-108452,14-09-2016,Customer_378,South,Illinois,Miami,Technology,Copiers,713.96,9,-80.76
CA-2016-108453,05-05-2018,Customer_410,South,New York,Los Angeles,Technology,Phones,55.81,6,229.04
CA-2017-108454,27-11-2018,Customer_148,West,New York,New York City,Office Supplies,Paper,696.45,3,124.67
CA-2018-108455,30-04-2015,Customer_197,West,Texas,New York City,Technology,Accessories,313.55,8,21.26
CA-2015-108456,28-01-2015,Customer_88,West,New York,Los Angeles,Technology,Accessories,425.36,3,-13.07
CA-2016-108457,26-02-2018,Customer_99,East,Florida,Miami,Office Supplies,Storage,597.21,7,-80.21
CA-2017-108458,02-08-2015,Customer_147,South,Florida,Los Angeles,Technology,Accessories,209.1,6,-71.34
CA-2018-108459,22-12-2018,Customer_95,South,Illinois,Los Angeles,Technology,Copiers,734.9,1,253.02
CA-2015-108460,05-09-2016,Customer_409,Central,New York,Chicago,Technology,Copiers,899.37,9,93.03
CA-2016-108461,28-12-2018,Customer_15,East,New York,Miami,Office Supplies,Storage,500.4,5,31.43
CA-2017-108462,23-06-2016,Customer_74,South,Illinois,Houston,Office Supplies,Paper,754.59,3,293.29
CA-2018-108463,17-02-2017,Customer_374,West,Illinois,New York City,Technology,Copiers,733.04,4,-84.48
CA-2015-108464,26-03-2016,Customer_374,South,California,Chicago,Technology,Copiers,605.18,8,212.68
CA-2016-108465,22-01-2016,Customer_58,Central,Florida,Los Angeles,Furniture,Chairs,763.74,6,6.16
CA-2017-108466,02-08-2017,Customer_424,South,Florida,Chicago,Office Supplies,Binders,407.62,1,239.92
CA-2018-108467,14-12-2015,Customer_462,East,Florida,Miami,Technology,Accessories,569.26,5,4.62
CA-2015-108468,02-01-2016,Customer_239,West,Illinois,Houston,Furniture,Bookcases,51.47,4,236.79
CA-2016-108469,16-06-2015,Customer_196,Central,Illinois,Miami,Technology,Copiers,200.36,6,272.92
CA-2017-108470,15-09-2015,Customer_248,South,California,Los Angeles,Technology,Copiers,364.27,1,-56.97
CA-2018-108471,15-06-2015,Customer_217,Central,Illinois,Miami,Technology,Copiers,646.84,2,15.94
CA-2015-108472,01-09-2018,Customer_481,West,New York,Houston,Furniture,Tables,243.44,3,196.37
CA-2016-108473,23-12-2016,Customer_370,East,Texas,Houston,Office Supplies,Binders,594.95,1,71.32
CA-2017-108474,17-06-2015,Customer_475,West,Texas,Los Angeles,Office Supplies,Storage,675.03,3,292.66
CA-2018-108475,12-07-2017,Customer_304,Central,California,New York City,Furniture,Chairs,256.75,1,83.65
CA-2015-108476,01-09-2015,Customer_164,West,Illinois,Chicago,Office Supplies,Binders,980.95,3,149.6
CA-2016-108477,04-07-2015,Customer_176,West,Florida,Miami,Office Supplies,Binders,961.08,8,176.7
CA-2017-108478,15-02-2018,Customer_123,East,California,Houston,Technology,Copiers,414.91,10,49.61
CA-2018-108479,02-04-2015,Customer_236,East,California,Los Angeles,Technology,Phones,991.45,5,-54.63
CA-2015-108480,11-10-2016,Customer_321,East,Florida,New York City,Technology,Accessories,53.77,3,-96.42
CA-2016-108481,29-08-2017,Customer_107,East,Florida,New York City,Technology,Phones,741.93,8,19.73
CA-2017-108482,29-10-2016,Customer_376,West,New York,New York City,Office Supplies,Binders,49.74,5,126.79
CA-2018-108483,24-09-2018,Customer_480,South,Illinois,Houston,Furniture,Bookcases,529.03,4,295.49
CA-2015-108484,05-11-2017,Customer_199,Central,New York,Chicago,Technology,Copiers,710.84,1,-54.66
CA-2016-108485,12-07-2015,Customer_247,East,Florida,Houston,Office Supplies,Storage,614.63,3,74.7
CA-2017-108486,26-10-2018,Customer_460,Central,Florida,New York City,Technology,Accessories,576.86,9,134.85
CA-2018-108487,17-12-2018,Customer_126,West,Florida,New York City,Furniture,Bookcases,180.52,1,223.12
CA-2015-108488,05-07-2016,Customer_439,East,New York,New York City,Furniture,Tables,766.99,1,124.24
CA-2016-108489,02-01-2016,Customer_478,East,Illinois,Houston,Office Supplies,Binders,973.35,1,185.23
CA-2017-108490,11-08-2017,Customer_461,East,Florida,Chicago,Technology,Accessories,120.08,2,176.12
CA-2018-108491,13-05-2018,Customer_459,East,Texas,New York City,Furniture,Tables,601.68,1,53.12
CA-2015-108492,11-12-2017,Customer_352,West,Texas,Los Angeles,Office Supplies,Binders,534.95,8,-75.34
CA-2016-108493,23-05-2018,Customer_70,Central,Texas,Houston,Office Supplies,Storage,202.87,5,-33.7
CA-2017-108494,29-08-2017,Customer_467,East,Illinois,New York City,Technology,Accessories,497.96,8,20.67
CA-2018-108495,10-07-2015,Customer_206,Central,Illinois,New York City,Furniture,Tables,631.05,9,181.46
CA-2015-108496,21-01-2018,Customer_464,East,Illinois,New York City,Technology,Copiers,985.19,10,93.19
CA-2016-108497,28-05-2018,Customer_153,South,New York,Miami,Furniture,Tables,586.15,7,61.73
CA-2017-108498,06-11-2016,Customer_22,East,California,Los Angeles,Technology,Accessories,589.99,10,257.58
CA-2018-108499,15-08-2018,Customer_292,East,Illinois,Houston,Office Supplies,Paper,239.49,1,53.13
CA-2015-108500,21-06-2015,Customer_343,West,Florida,New York City,Furniture,Bookcases,354.86,5,260.92
CA-2016-108501,12-05-2015,Customer_129,West,Texas,New York City,Furniture,Chairs,280.28,6,187.0
CA-2017-108502,12-08-2016,Customer_194,South,Illinois,Houston,Technology,Phones,277.82,4,285.82
CA-2018-108503,09-11-2018,Customer_362,West,California,Miami,Furniture,Chairs,585.97,3,292.67
CA-2015-108504,17-06-2016,Customer_166,East,Illinois,Los Angeles,Office Supplies,Binders,592.88,1,130.84
CA-2016-108505,01-04-2017,Customer_286,West,Florida,Los Angeles,Office Supplies,Binders,549.47,5,-3.39
CA-2017-108506,23-01-2017,Customer_220,South,Texas,Miami,Furniture,Chairs,591.79,1,-43.92
CA-2018-108507,14-07-2015,Customer_83,South,New York,Chicago,Furniture,Chairs,526.46,6,139.05
CA-2015-108508,23-07-2015,Customer_396,West,California,Chicago,Furniture,Bookcases,529.72,4,87.26
CA-2016-108509,17-06-2017,Customer_471,West,Illinois,Miami,Furniture,Bookcases,491.02,5,170.2
CA-2017-108510,06-06-2017,Customer_461,South,Florida,New York City,Furniture,Bookcases,285.55,6,219.2
CA-2018-108511,09-01-2018,Customer_371,East,Florida,Los Angeles,Technology,Copiers,937.62,3,101.78
CA-2015-108512,11-11-2017,Customer_99,West,New York,New York City,Technology,Accessories,16.7,3,220.03
CA-2016-108513,09-12-2018,Customer_148,Central,Illinois,Houston,Technology,Accessories,668.39,8,231.9
CA-2017-108514,04-11-2018,Customer_38,West,New York,New York City,Office Supplies,Binders,383.9,3,154.08
CA-2018-108515,24-07-2018,Customer_355,West,Illinois,Houston,Furniture,Tables,843.45,4,143.85
CA-2015-108516,18-01-2015,Customer_342,East,New York,Miami,Technology,Accessories,33.59,3,279.38
CA-2016-108517,25-12-2018,Customer_392,Central,California,Chicago,Technology,Accessories,403.97,7,-6.11
CA-2017-108518,13-07-2016,Customer_203,South,New York,Houston,Office Supplies,Paper,199.17,10,-99.67
CA-2018-108519,18-12-2015,Customer_346,Central,Texas,Houston,Office Supplies,Binders,513.59,3,235.26
CA-2015-108520,11-07-2018,Customer_256,Central,California,Houston,Furniture,Tables,935.5,1,181.58
CA-2016-108521,07-04-2017,Customer_152,Central,Texas,Miami,Technology,Copiers,767.84,6,-17.18
CA-2017-108522,02-05-2017,Customer_134,South,Illinois,Houston,Office Supplies,Binders,450.19,5,-5.66
CA-2018-108523,20-10-2015,Customer_362,South,New York,Los Angeles,Technology,Phones,262.96,4,70.39
CA-2015-108524,03-01-2018,Customer_215,West,New York,New York City,Office Supplies,Storage,353.48,2,-5.47
CA-2016-108525,01-12-2016,Customer_341,South,California,Chicago,Furniture,Chairs,736.21,3,-50.37
CA-2017-108526,01-02-2015,Customer_219,West,Florida,Los Angeles,Office Supplies,Paper,995.4,6,7.62
CA-2018-108527,28-06-2016,Customer_378,East,Texas,New York City,Office Supplies,Paper,439.85,5,263.25
CA-2015-108528,01-04-2017,Customer_423,East,Texas,Chicago,Office Supplies,Binders,252.06,8,208.93
CA-2016-108529,16-04-2018,Customer_226,South,California,Chicago,Technology,Copiers,614.88,6,-27.93
CA-2017-108530,06-07-2018,Customer_63,West,Florida,Chicago,Furniture,Chairs,670.28,7,123.88
CA-2018-108531,11-03-2018,Customer_178,East,Texas,Houston,Office Supplies,Binders,942.34,9,257.17
CA-2015-108532,21-12-2016,Customer_302,South,New York,Houston,Office Supplies,Paper,386.36,6,134.49
CA-2016-108533,06-12-2015,Customer_288,East,Illinois,Houston,Office Supplies,Storage,885.92,7,-90.38
CA-2017-108534,22-04-2016,Customer_389,East,California,New York City,Office Supplies,Paper,888.07,8,-21.5
CA-2018-108535,06-12-2016,Customer_333,Central,California,New York City,Technology,Copiers,273.87,3,-39.4
CA-2015-108536,25-08-2017,Customer_379,East,Illinois,Miami,Technology,Phones,885.16,9,-97.59
CA-2016-108537,25-04-2017,Customer_369,East,Illinois,Los Angeles,Technology,Phones,250.24,10,89.63
CA-2017-108538,16-04-2018,Customer_366,Central,California,Chicago,Technology,Copiers,788.34,10,97.29
CA-2018-108539,11-12-2018,Customer_420,East,Florida,Chicago,Technology,Phones,448.15,1,28.35
CA-2015-108540,30-12-2015,Customer_146,East,Illinois,Miami,Furniture,Tables,548.36,7,-59.98
CA-2016-108541,31-05-2016,Customer_472,South,Florida,Houston,Technology,Phones,472.94,9,176.89
CA-2017-108542,10-05-2015,Customer_402,South,California,Los Angeles,Office Supplies,Storage,303.9,1,-85.85
CA-2018-108543,04-11-2016,Customer_92,South,Illinois,Miami,Technology,Copiers,372.93,8,74.26
CA-2015-108544,30-05-2016,Customer_286,East,Florida,Miami,Technology,Copiers,740.73,1,-29.77
CA-2016-108545,15-03-2018,Customer_495,West,New York,Chicago,Furniture,Bookcases,979.71,1,250.21
CA-2017-108546,09-07-2017,Customer_224,East,New York,Houston,Office Supplies,Paper,134.37,7,99.89
CA-2018-108547,28-05-2016,Customer_372,South,Florida,New York City,Technology,Copiers,143.04,10,264.25
CA-2015-108548,21-08-2016,Customer_225,West,California,Chicago,Furniture,Bookcases,837.68,2,87.43
CA-2016-108549,08-08-2016,Customer_469,East,Illinois,Los Angeles,Furniture,Tables,845.35,2,253.48
CA-2017-108550,12-03-2017,Customer_112,East,California,Miami,Technology,Phones,88.13,7,210.41
CA-2018-108551,07-07-2018,Customer_475,West,California,New York City,Furniture,Chairs,767.16,8,94.56
CA-2015-108552,27-05-2018,Customer_405,South,California,Houston,Office Supplies,Binders,52.13,10,129.69
CA-2016-108553,18-01-2015,Customer_54,Central,Florida,Miami,Furniture,Bookcases,92.72,2,27.18
CA-2017-108554,16-09-2017,Customer_87,Central,Illinois,New York City,Technology,Phones,650.07,5,240.53
CA-2018-108555,20-07-2017,Customer_171,Central,Texas,Houston,Technology,Phones,823.21,9,292.32
CA-2015-108556,16-07-2018,Customer_247,South,California,New York City,Office Supplies,Binders,669.19,9,93.11
CA-2016-108557,07-03-2018,Customer_259,East,New York,New York City,Furniture,Tables,633.47,4,91.56
CA-2017-108558,19-03-2015,Customer_274,South,New York,Chicago,Technology,Phones,638.06,4,193.13
CA-2018-108559,14-11-2017,Customer_299,West,California,New York City,Technology,Copiers,920.3,4,138.58
CA-2015-108560,08-10-2016,Customer_472,South,Texas,Miami,Technology,Phones,444.16,1,176.45
CA-2016-108561,09-11-2015,Customer_113,West,California,Chicago,Office Supplies,Storage,248.2,4,-25.5
CA-2017-108562,28-09-2018,Customer_147,South,Illinois,Miami,Furniture,Bookcases,647.13,8,-99.83
CA-2018-108563,24-01-2017,Customer_366,South,California,New York City,Furniture,Chairs,57.55,3,-67.76
CA-2015-108564,29-04-2015,Customer_265,South,New York,Houston,Furniture,Chairs,913.94,9,289.35
CA-2016-108565,11-06-2016,Customer_346,West,Florida,Chicago,Office Supplies,Storage,65.76,10,299.92
CA-2017-108566,12-01-2018,Customer_46,Central,Illinois,Chicago,Technology,Copiers,933.22,7,38.41
CA-2018-108567,18-11-2017,Customer_268,South,New York,Los Angeles,Technology,Copiers,341.2,1,201.42
CA-2015-108568,12-11-2016,Customer_86,Central,Florida,Chicago,Office Supplies,Paper,95.39,2,195.02
CA-2016-108569,16-05-2016,Customer_439,Central,Texas,Chicago,Furniture,Chairs,906.85,3,97.15
CA-2017-108570,03-07-2018,Customer_227,East,California,Chicago,Furniture,Tables,474.13,10,182.09
CA-2018-108571,12-11-2017,Customer_220,East,California,Miami,Furniture,Chairs,992.65,2,22.63
CA-2015-108572,26-12-2018,Customer_372,West,Florida,Houston,Furniture,Chairs,531.1,10,-86.17
CA-2016-108573,28-04-2017,Customer_98,West,Illinois,Los Angeles,Office Supplies,Storage,916.96,7,-82.57
CA-2017-108574,24-02-2017,Customer_226,West,California,New York City,Furniture,Bookcases,967.55,4,114.61
CA-2018-108575,02-04-2018,Customer_249,Central,Texas,New York City,Furniture,Chairs,164.5,4,-66.03
CA-2015-108576,12-08-2016,Customer_477,West,Illinois,Miami,Furniture,Chairs,755.42,4,264.46
CA-2016-108577,04-04-2018,Customer_304,West,Florida,New York City,Technology,Copiers,728.64,1,32.94
CA-2017-108578,02-10-2016,Customer_300,West,New York,Miami,Furniture,Tables,668.5,1,60.05
CA-2018-108579,27-06-2017,Customer_119,South,New York,Chicago,Technology,Accessories,401.57,7,-28.06
CA-2015-108580,24-06-2018,Customer_221,West,Illinois,New York City,Office Supplies,Paper,720.19,1,108.95
CA-2016-108581,23-04-2015,Customer_464,Central,California,New York City,Technology,Copiers,717.54,3,-38.85
CA-2017-108582,30-01-2019,Customer_418,West,Florida,Chicago,Office Supplies,Storage,606.89,10,-91.22
CA-2018-108583,07-12-2016,Customer_10,Central,California,Los Angeles,Technology,Copiers,41.86,4,107.38
CA-2015-108584,10-02-2017,Customer_97,East,California,New York City,Office Supplies,Paper,16.48,2,170.87
CA-2016-108585,11-09-2015,Customer_281,West,Florida,Chicago,Furniture,Bookcases,99.33,8,-94.66
CA-2017-108586,10-10-2016,Customer_405,Central,New York,Los Angeles,Office Supplies,Storage,481.21,2,94.37
CA-2018-108587,09-10-2017,Customer_196,East,California,Houston,Furniture,Chairs,364.62,9,55.34
CA-2015-108588,25-04-2016,Customer_193,South,Illinois,New York City,Technology,Phones,767.13,8,5.9
CA-2016-108589,04-12-2015,Customer_76,Central,New York,New York City,Office Supplies,Paper,812.79,5,-75.72
CA-2017-108590,24-04-2018,Customer_412,West,New York,Chicago,Technology,Copiers,979.0,2,-77.58
CA-2018-108591,22-06-2016,Customer_210,West,Florida,Miami,Furniture,Chairs,252.26,8,168.04
CA-2015-108592,23-07-2016,Customer_323,West,Texas,New York City,Furniture,Tables,155.17,2,72.78
CA-2016-108593,23-06-2015,Customer_392,West,New York,New York City,Office Supplies,Paper,491.71,7,-74.58
CA-2017-108594,28-08-2015,Customer_425,South,New York,Miami,Furniture,Chairs,320.61,3,139.92
CA-2018-108595,18-04-2018,Customer_244,Central,New York,Chicago,Office Supplies,Paper,155.53,4,216.23
CA-2015-108596,10-08-2017,Customer_210,West,Illinois,Chicago,Office Supplies,Paper,583.28,4,235.7
CA-2016-108597,22-08-2016,Customer_401,West,Illinois,Chicago,Technology,Phones,503.81,5,297.57
CA-2017-108598,22-01-2016,Customer_201,West,Florida,New York City,Furniture,Tables,800.31,1,76.77
CA-2018-108599,19-07-2017,Customer_97,West,New York,Miami,Technology,Accessories,776.54,9,124.97
CA-2015-108600,27-08-2018,Customer_16,South,New York,Miami,Technology,Phones,862.37,7,246.73
CA-2016-108601,30-12-2016,Customer_309,South,Illinois,New York City,Office Supplies,Storage,244.0,1,-56.82
CA-2017-108602,21-01-2019,Customer_433,South,Florida,Los Angeles,Furniture,Tables,928.86,10,-22.28
CA-2018-108603,14-11-2018,Customer_448,South,New York,New York City,Furniture,Bookcases,124.83,6,40.23
CA-2015-108604,04-02-2015,Customer_488,West,Florida,Houston,Office Supplies,Storage,899.07,4,19.08
CA-2016-108605,09-03-2016,Customer_465,West,California,Houston,Technology,Phones,135.49,3,150.65
CA-2017-108606,29-04-2015,Customer_262,Central,New York,Miami,Office Supplies,Paper,639.61,1,209.11
CA-2018-108607,20-01-2017,Customer_36,Central,Illinois,New York City,Office Supplies,Storage,694.9,3,228.71
CA-2015-108608,17-01-2019,Customer_202,West,Illinois,Chicago,Office Supplies,Paper,32.08,5,214.14
CA-2016-108609,20-04-2017,Customer_195,West,Florida,New York City,Furniture,Bookcases,826.83,10,271.28
CA-2017-108610,26-07-2018,Customer_204,West,Florida,Chicago,Technology,Copiers,158.25,3,271.43
CA-2018-108611,18-03-2016,Customer_8,Central,Texas,Chicago,Furniture,Chairs,785.11,3,-95.1
CA-2015-108612,29-02-2016,Customer_370,West,Illinois,Miami,Office Supplies,Binders,17.65,1,279.79
CA-2016-108613,04-01-2017,Customer_120,South,New York,Miami,Office Supplies,Binders,896.91,3,45.87
CA-2017-108614,18-10-2015,Customer_298,South,New York,Chicago,Furniture,Bookcases,248.05,3,99.01
CA-2018-108615,13-12-2018,Customer_336,West,California,New York City,Technology,Accessories,800.95,6,-26.86
CA-2015-108616,08-10-2015,Customer_3,East,Florida,Miami,Office Supplies,Paper,294.62,6,-36.09
CA-2016-108617,18-05-2015,Customer_474,West,Texas,Houston,Technology,Accessories,479.39,2,42.47
CA-2017-108618,22-06-2015,Customer_321,East,New York,New York City,Technology,Phones,554.75,5,233.69
CA-2018-108619,20-01-2015,Customer_316,Central,Texas,Houston,Office Supplies,Storage,149.46,2,-76.29
CA-2015-108620,11-02-2018,Customer_396,South,California,New York City,Office Supplies,Binders,357.63,2,58.14
CA-2016-108621,08-02-2016,Customer_452,West,Texas,Chicago,Office Supplies,Paper,606.92,9,151.44
CA-2017-108622,16-10-2018,Customer_94,South,Florida,Los Angeles,Office Supplies,Storage,792.92,10,-50.1
CA-2018-108623,04-02-2018,Customer_66,West,California,Houston,Furniture,Bookcases,539.08,9,286.09
CA-2015-108624,26-04-2017,Customer_71,South,New York,New York City,Technology,Accessories,238.63,3,293.28
CA-2016-108625,23-01-2015,Customer_402,West,Florida,New York City,Office Supplies,Storage,921.18,8,63.65
CA-2017-108626,17-02-2017,Customer_140,South,California,Chicago,Office Supplies,Storage,321.08,8,82.43
CA-2018-108627,13-01-2018,Customer_131,East,Florida,Los Angeles,Furniture,Bookcases,773.94,7,84.21
CA-2015-108628,05-12-2017,Customer_163,East,Florida,Miami,Technology,Phones,201.32,8,168.09
CA-2016-108629,12-03-2018,Customer_442,Central,Florida,Houston,Office Supplies,Binders,320.55,6,227.97
CA-2017-108630,06-03-2015,Customer_381,West,Texas,Los Angeles,Technology,Phones,390.84,6,-60.91
CA-2018-108631,20-05-2018,Customer_479,East,California,Houston,Office Supplies,Storage,792.87,9,120.57
CA-2015-108632,29-07-2016,Customer_294,East,Texas,Los Angeles,Furniture,Tables,965.97,7,257.49
CA-2016-108633,12-05-2016,Customer_222,West,California,Houston,Office Supplies,Paper,580.09,1,115.08
CA-2017-108634,16-01-2016,Customer_259,West,Illinois,Chicago,Office Supplies,Paper,599.95,9,169.46
CA-2018-108635,13-04-2017,Customer_469,East,Florida,Chicago,Furniture,Chairs,75.2,4,53.86
CA-2015-108636,19-09-2017,Customer_20,South,Texas,Chicago,Furniture,Bookcases,445.44,8,241.3
CA-2016-108637,29-10-2016,Customer_441,East,California,Miami,Office Supplies,Paper,614.77,10,-31.98
CA-2017-108638,22-10-2017,Customer_65,East,Florida,Miami,Office Supplies,Paper,830.34,4,74.38
CA-2018-108639,20-12-2016,Customer_138,South,Illinois,Los Angeles,Furniture,Chairs,835.83,8,284.55
CA-2015-108640,22-06-2017,Customer_191,West,Florida,New York City,Furniture,Chairs,840.31,3,42.99
CA-2016-108641,23-07-2017,Customer_138,West,Texas,Chicago,Technology,Copiers,667.59,1,149.94
CA-2017-108642,14-11-2017,Customer_381,Central,Florida,Los Angeles,Office Supplies,Storage,453.28,9,126.88
CA-2018-108643,11-08-2017,Customer_165,East,Illinois,Houston,Furniture,Chairs,252.17,9,62.1
CA-2015-108644,21-02-2016,Customer_430,East,New York,Chicago,Technology,Accessories,61.86,2,25.07
CA-2016-108645,25-02-2015,Customer_67,West,Florida,Miami,Technology,Accessories,244.09,7,51.95
CA-2017-108646,08-12-2018,Customer_262,Central,Illinois,New York City,Office Supplies,Paper,549.47,2,138.83
CA-2018-108647,19-08-2017,Customer_61,South,Illinois,New York City,Office Supplies,Binders,465.64,3,25.45
CA-2015-108648,20-04-2017,Customer_421,Central,New York,Los Angeles,Office Supplies,Storage,364.21,3,279.6
CA-2016-108649,02-05-2018,Customer_427,South,New York,Chicago,Office Supplies,Paper,549.45,10,168.25
CA-2017-108650,07-08-2015,Customer_268,West,California,Chicago,Technology,Accessories,62.96,2,197.15
CA-2018-108651,04-02-2016,Customer_328,South,Illinois,New York City,Furniture,Chairs,361.23,9,189.54
CA-2015-108652,05-02-2018,Customer_130,West,Illinois,New York City,Technology,Accessories,560.21,3,195.46
CA-2016-108653,29-03-2018,Customer_125,East,Florida,Miami,Technology,Accessories,331.7,2,19.31
CA-2017-108654,12-01-2015,Customer_210,East,California,Chicago,Office Supplies,Binders,88.9,7,201.05
CA-2018-108655,17-07-2018,Customer_69,Central,Illinois,Miami,Office Supplies,Binders,903.33,6,-32.03
CA-2015-108656,27-06-2018,Customer_226,West,Florida,New York City,Office Supplies,Paper,415.49,4,176.67
CA-2016-108657,26-05-2018,Customer_263,South,Texas,Miami,Furniture,Bookcases,327.72,9,-80.97
CA-2017-108658,27-09-2017,Customer_496,Central,Florida,Chicago,Technology,Copiers,802.75,8,49.59
CA-2018-108659,12-07-2016,Customer_18,East,California,Miami,Furniture,Bookcases,581.16,3,24.01
CA-2015-108660,30-11-2018,Customer_130,West,Florida,Chicago,Technology,Phones,561.36,3,197.84
CA-2016-108661,27-04-2018,Customer_480,South,Texas,Chicago,Office Supplies,Paper,808.51,6,-26.58
CA-2017-108662,03-11-2016,Customer_495,West,New York,Chicago,Technology,Accessories,361.38,5,16.59
CA-2018-108663,28-11-2015,Customer_143,East,Florida,Chicago,Technology,Phones,883.98,7,204.73
CA-2015-108664,16-05-2015,Customer_279,South,Florida,Los Angeles,Office Supplies,Paper,738.34,3,161.26
CA-2016-108665,24-09-2018,Customer_258,West,New York,Houston,Office Supplies,Binders,62.84,4,84.18
CA-2017-108666,28-07-2015,Customer_337,East,California,Miami,Furniture,Chairs,300.0,4,46.84
CA-2018-108667,09-03-2018,Customer_336,South,Illinois,Los Angeles,Technology,Copiers,141.21,6,177.24
CA-2015-108668,28-03-2015,Customer_202,West,Texas,Los Angeles,Technology,Phones,840.41,8,214.0
CA-2016-108669,16-10-2018,Customer_400,East,Illinois,New York City,Office Supplies,Binders,179.22,9,126.63
CA-2017-108670,26-12-2018,Customer_197,West,Texas,Houston,Technology,Accessories,278.66,8,195.61
CA-2018-108671,12-06-2017,Customer_67,West,Florida,Houston,Furniture,Chairs,21.72,2,88.57
CA-2015-108672,30-07-2016,Customer_160,South,Texas,Los Angeles,Technology,Accessories,440.71,8,207.27
CA-2016-108673,20-07-2015,Customer_45,West,Texas,Houston,Office Supplies,Paper,155.69,5,246.61
CA-2017-108674,09-01-2016,Customer_104,South,Illinois,Houston,Office Supplies,Paper,87.72,3,294.94
CA-2018-108675,29-11-2017,Customer_191,West,Texas,Los Angeles,Technology,Phones,254.38,1,31.14
CA-2015-108676,09-08-2016,Customer_239,East,New York,Miami,Technology,Phones,666.26,8,253.02
CA-2016-108677,28-01-2016,Customer_392,Central,California,Los Angeles,Furniture,Bookcases,452.57,1,45.1
CA-2017-108678,25-09-2016,Customer_475,West,California,Chicago,Furniture,Tables,367.83,4,-98.48
CA-2018-108679,23-11-2016,Customer_23,West,Illinois,Houston,Office Supplies,Binders,984.77,1,47.18
CA-2015-108680,21-04-2015,Customer_78,South,Florida,New York City,Furniture,Chairs,467.51,3,219.68
CA-2016-108681,21-05-2016,Customer_83,Central,Illinois,Chicago,Technology,Phones,477.08,1,173.03
CA-2017-108682,25-01-2015,Customer_302,Central,Texas,Miami,Technology,Accessories,142.73,6,188.58
CA-2018-108683,01-07-2017,Customer_8,South,California,New York City,Office Supplies,Paper,603.41,1,26.59
CA-2015-108684,08-04-2018,Customer_295,East,New York,Miami,Furniture,Tables,302.76,6,-25.62
CA-2016-108685,08-08-2018,Customer_180,East,Texas,Los Angeles,Furniture,Chairs,388.16,3,42.71
CA-2017-108686,20-02-2018,Customer_459,West,California,Houston,Furniture,Bookcases,407.96,3,157.91
CA-2018-108687,16-06-2016,Customer_277,Central,Texas,New York City,Furniture,Bookcases,868.87,3,258.17
CA-2015-108688,21-07-2015,Customer_98,West,Florida,Los Angeles,Office Supplies,Binders,785.81,3,-94.17
CA-2016-108689,14-04-2015,Customer_86,West,New York,Miami,Office Supplies,Storage,357.51,6,51.23
CA-2017-108690,22-04-2015,Customer_351,South,New York,New York City,Office Supplies,Binders,422.01,10,-66.36
CA-2018-108691,23-12-2016,Customer_358,South,Illinois,Houston,Office Supplies,Binders,722.93,2,-6.25
CA-2015-108692,18-03-2017,Customer_371,Central,Illinois,New York City,Office Supplies,Storage,868.18,6,-5.98
CA-2016-108693,10-08-2015,Customer_95,South,New York,New York City,Furniture,Chairs,876.0,1,188.49
CA-2017-108694,09-08-2016,Customer_78,West,Florida,Miami,Office Supplies,Binders,870.2,5,-49.03
CA-2018-108695,09-08-2016,Customer_224,South,New York,Los Angeles,Furniture,Bookcases,919.05,2,171.56
CA-2015-108696,04-08-2015,Customer_488,South,Florida,Miami,Office Supplies,Storage,942.67,8,-78.76
CA-2016-108697,21-04-2018,Customer_484,East,Texas,Houston,Technology,Accessories,184.48,8,255.49
CA-2017-108698,02-09-2015,Customer_200,East,Illinois,Miami,Furniture,Bookcases,529.48,5,295.62
CA-2018-108699,28-12-2016,Customer_253,West,New York,Houston,Technology,Accessories,864.67,4,158.93
CA-2015-108700,27-10-2015,Customer_52,South,Texas,Chicago,Furniture,Tables,948.01,5,277.45
CA-2016-108701,11-03-2018,Customer_358,South,New York,Los Angeles,Office Supplies,Storage,755.04,6,201.63
CA-2017-108702,11-12-2016,Customer_165,Central,Texas,Miami,Furniture,Tables,770.04,4,252.93
CA-2018-108703,09-04-2016,Customer_280,West,Texas,New York City,Furniture,Tables,172.68,10,252.59
CA-2015-108704,18-09-2017,Customer_219,East,New York,Chicago,Technology,Copiers,190.65,7,-86.58
CA-2016-108705,18-07-2015,Customer_130,East,New York,Miami,Technology,Copiers,313.18,5,224.02
CA-2017-108706,02-08-2017,Customer_414,East,Texas,Los Angeles,Office Supplies,Paper,93.84,5,58.56
CA-2018-108707,25-10-2015,Customer_495,South,New York,Miami,Furniture,Chairs,244.8,8,77.23
CA-2015-108708,11-02-2017,Customer_357,South,Texas,Houston,Furniture,Tables,315.48,6,-61.05
CA-2016-108709,24-11-2018,Customer_344,Central,Texas,New York City,Technology,Copiers,780.15,5,111.68
CA-2017-108710,13-01-2018,Customer_116,South,Illinois,Los Angeles,Office Supplies,Paper,808.7,4,268.86
CA-2018-108711,29-03-2015,Customer_324,South,California,Chicago,Furniture,Bookcases,872.74,2,-77.72
CA-2015-108712,05-05-2016,Customer_203,East,Texas,Chicago,Furniture,Chairs,222.32,5,193.85
CA-2016-108713,19-03-2017,Customer_28,West,Texas,Houston,Technology,Copiers,862.45,5,94.86
CA-2017-108714,07-04-2018,Customer_71,East,California,New York City,Technology,Accessories,266.14,10,114.63
CA-2018-108715,03-01-2015,Customer_129,West,New York,Chicago,Technology,Copiers,469.4,1,-66.82
CA-2015-108716,19-06-2016,Customer_298,East,New York,Los Angeles,Technology,Accessories,459.9,1,200.74
CA-2016-108717,08-06-2018,Customer_239,West,New York,Los Angeles,Furniture,Bookcases,773.49,8,-67.92
CA-2017-108718,02-04-2016,Customer_332,East,Illinois,Houston,Office Supplies,Storage,602.3,3,71.9
CA-2018-108719,20-01-2016,Customer_89,South,Illinois,New York City,Office Supplies,Paper,515.08,8,-33.46
CA-2015-108720,06-01-2019,Customer_198,West,Texas,Chicago,Furniture,Bookcases,760.71,3,28.58
CA-2016-108721,07-10-2016,Customer_357,Central,New York,New York City,Office Supplies,Storage,509.0,8,-68.74
CA-2017-108722,20-03-2017,Customer_282,Central,Florida,Houston,Office Supplies,Storage,436.68,1,120.97
CA-2018-108723,25-10-2017,Customer_300,East,Florida,Miami,Technology,Phones,712.54,4,-94.1
CA-2015-108724,15-07-2018,Customer_359,South,Texas,Houston,Office Supplies,Binders,140.97,4,-24.82
CA-2016-108725,19-10-2015,Customer_321,Central,New York,New York City,Technology,Accessories,126.96,8,0.53
CA-2017-108726,05-08-2018,Customer_143,Central,Florida,New York City,Office Supplies,Storage,440.84,4,140.52
CA-2018-108727,22-09-2015,Customer_145,Central,Texas,New York City,Technology,Phones,764.1,1,0.86
CA-2015-108728,27-07-2018,Customer_357,East,California,Los Angeles,Office Supplies,Storage,930.17,10,274.99
CA-2016-108729,02-08-2018,Customer_101,Central,Texas,New York City,Furniture,Bookcases,363.99,3,-1.26
CA-2017-108730,17-04-2017,Customer_320,Central,California,Miami,Office Supplies,Paper,183.45,8,288.34
CA-2018-108731,22-10-2017,Customer_38,South,New York,New York City,Technology,Accessories,855.91,3,-57.84
CA-2015-108732,14-07-2015,Customer_355,Central,Texas,Houston,Office Supplies,Paper,729.38,8,173.01
CA-2016-108733,24-11-2018,Customer_104,Central,Texas,Miami,Furniture,Tables,330.81,2,12.33
CA-2017-108734,05-12-2016,Customer_357,Central,Florida,Chicago,Office Supplies,Binders,819.9,3,170.36
CA-2018-108735,06-04-2018,Customer_332,West,Texas,Chicago,Furniture,Tables,740.27,1,126.34
CA-2015-108736,13-04-2018,Customer_256,Central,California,Miami,Technology,Phones,343.27,2,-71.17
CA-2016-108737,03-05-2016,Customer_107,Central,California,Chicago,Office Supplies,Storage,25.37,10,42.96
CA-2017-108738,23-11-2017,Customer_364,South,Illinois,Houston,Technology,Phones,131.61,3,136.07
CA-2018-108739,17-02-2017,Customer_395,Central,Texas,Chicago,Office Supplies,Binders,748.55,10,-39.98
CA-2015-108740,09-10-2017,Customer_188,West,New York,Houston,Technology,Copiers,403.04,7,255.68
CA-2016-108741,31-05-2015,Customer_301,West,Florida,Los Angeles,Office Supplies,Storage,770.33,7,101.04
CA-2017-108742,02-08-2015,Customer_90,South,New York,Los Angeles,Furniture,Chairs,546.07,10,-68.08
CA-2018-108743,22-01-2016,Customer_179,East,California,Los Angeles,Office Supplies,Binders,447.85,7,17.27
CA-2015-108744,11-11-2016,Customer_478,South,New York,New York City,Office Supplies,Storage,901.74,3,266.59
CA-2016-108745,07-12-2017,Customer_268,West,New York,Houston,Technology,Accessories,886.32,8,221.52
CA-2017-108746,03-10-2018,Customer_467,West,Florida,Chicago,Technology,Copiers,825.83,9,-78.94
CA-2018-108747,19-01-2015,Customer_170,West,Texas,Houston,Technology,Copiers,366.88,6,119.3
CA-2015-108748,15-09-2015,Customer_254,Central,Texas,Los Angeles,Office Supplies,Paper,717.63,10,-68.71
CA-2016-108749,24-09-2016,Customer_41,South,California,Chicago,Office Supplies,Paper,22.14,1,52.76
CA-2017-108750,24-05-2018,Customer_317,South,Illinois,New York City,Technology,Phones,328.22,9,-69.71
CA-2018-108751,02-09-2015,Customer_85,South,Texas,Chicago,Technology,Phones,253.91,9,52.76
CA-2015-108752,10-07-2016,Customer_303,Central,Florida,Los Angeles,Furniture,Tables,926.61,5,268.9
CA-2016-108753,02-08-2018,Customer_200,South,Florida,New York City,Furniture,Tables,327.28,9,145.38
CA-2017-108754,02-12-2015,Customer_49,East,Illinois,Houston,Office Supplies,Binders,453.15,8,113.6
CA-2018-108755,19-02-2018,Customer_231,East,Texas,Houston,Furniture,Chairs,136.86,9,84.04
CA-2015-108756,29-01-2016,Customer_485,West,New York,Miami,Furniture,Tables,444.03,3,-91.17
CA-2016-108757,24-03-2017,Customer_52,West,California,Los Angeles,Office Supplies,Storage,421.71,4,176.71
CA-2017-108758,18-11-2018,Customer_497,West,Illinois,Los Angeles,Office Supplies,Binders,90.57,1,-98.86
CA-2018-108759,04-01-2017,Customer_447,East,Florida,Chicago,Office Supplies,Binders,24.11,6,40.85
CA-2015-108760,07-12-2016,Customer_489,West,New York,Miami,Office Supplies,Paper,857.86,8,27.01
CA-2016-108761,05-01-2019,Customer_497,East,Texas,Chicago,Office Supplies,Binders,906.41,9,141.64
CA-2017-108762,20-01-2016,Customer_417,East,California,Chicago,Technology,Accessories,601.58,5,17.14
CA-2018-108763,21-06-2015,Customer_351,West,New York,Los Angeles,Furniture,Tables,523.62,2,292.7
CA-2015-108764,08-05-2015,Customer_381,East,Texas,Houston,Office Supplies,Storage,145.72,4,93.79
CA-2016-108765,02-07-2017,Customer_275,Central,California,Houston,Office Supplies,Paper,444.5,7,52.08
CA-2017-108766,20-03-2016,Customer_318,South,Texas,Chicago,Furniture,Bookcases,420.51,1,129.1
CA-2018-108767,06-09-2016,Customer_490,South,Texas,Chicago,Technology,Accessories,407.43,10,170.04
CA-2015-108768,24-10-2015,Customer_316,Central,Illinois,Miami,Furniture,Tables,254.43,8,247.37
CA-2016-108769,27-04-2017,Customer_222,South,Florida,New York City,Furniture,Chairs,861.7,5,76.3
CA-2017-108770,25-11-2016,Customer_16,West,Florida,Miami,Technology,Accessories,797.95,1,295.32
CA-2018-108771,08-05-2017,Customer_234,West,California,New York City,Technology,Copiers,404.16,7,140.14
CA-2015-108772,08-12-2017,Customer_434,East,Florida,New York City,Office Supplies,Storage,31.07,1,8.17
CA-2016-108773,24-11-2017,Customer_207,South,California,Chicago,Office Supplies,Binders,125.94,10,275.86
CA-2017-108774,15-11-2016,Customer_458,Central,New York,Los Angeles,Office Supplies,Storage,764.66,10,-21.26
CA-2018-108775,15-11-2016,Customer_52,South,Illinois,Los Angeles,Furniture,Bookcases,274.74,4,297.91
CA-2015-108776,25-12-2018,Customer_98,Central,Florida,New York City,Technology,Copiers,137.93,8,-98.58
CA-2016-108777,18-07-2017,Customer_214,South,New York,New York City,Furniture,Chairs,982.5,7,-6.19
CA-2017-108778,25-08-2017,Customer_166,South,Florida,Miami,Furniture,Bookcases,535.14,7,198.24
CA-2018-108779,12-10-2017,Customer_445,West,Illinois,Los Angeles,Office Supplies,Paper,31.43,8,-34.89
CA-2015-108780,04-05-2015,Customer_55,South,Texas,Los Angeles,Furniture,Chairs,572.24,2,91.11
CA-2016-108781,30-12-2016,Customer_66,West,Texas,Los Angeles,Office Supplies,Binders,186.38,7,-35.08
CA-2017-108782,05-01-2018,Customer_465,South,Texas,Los Angeles,Office Supplies,Paper,287.27,8,-93.2
CA-2018-108783,29-07-2018,Customer_197,South,California,Los Angeles,Technology,Phones,398.01,8,72.5
CA-2015-108784,23-06-2015,Customer_313,Central,New York,Houston,Office Supplies,Storage,689.42,4,282.31
CA-2016-108785,23-08-2018,Customer_320,South,Texas,Chicago,Technology,Accessories,728.77,5,94.11
CA-2017-108786,11-07-2015,Customer_104,South,Florida,Chicago,Furniture,Bookcases,537.15,3,-32.55
CA-2018-108787,15-11-2018,Customer_31,South,New York,New York City,Furniture,Bookcases,737.81,1,269.25
CA-2015-108788,28-05-2017,Customer_422,South,Illinois,New York City,Furniture,Chairs,313.53,10,-42.0
CA-2016-108789,27-11-2017,Customer_103,South,New York,Houston,Office Supplies,Paper,924.13,4,299.48
CA-2017-108790,12-02-2017,Customer_40,South,California,Houston,Furniture,Chairs,218.3,9,259.13
CA-2018-108791,19-02-2017,Customer_94,West,California,Miami,Office Supplies,Storage,390.63,6,0.64
CA-2015-108792,15-08-2017,Customer_235,East,New York,Chicago,Technology,Accessories,591.35,6,-39.48
CA-2016-108793,17-01-2015,Customer_85,Central,Illinois,Los Angeles,Technology,Phones,290.41,1,215.13
CA-2017-108794,26-01-2016,Customer_53,East,California,Miami,Office Supplies,Paper,935.01,8,27.03
CA-2018-108795,20-01-2015,Customer_357,East,Florida,Miami,Office Supplies,Binders,995.3,6,-46.49
CA-2015-108796,15-09-2018,Customer_153,East,Illinois,Miami,Office Supplies,Storage,685.32,5,39.4
CA-2016-108797,01-01-2018,Customer_120,East,New York,New York City,Furniture,Bookcases,98.32,1,79.67
CA-2017-108798,25-11-2017,Customer_415,East,Illinois,Chicago,Technology,Accessories,638.67,5,294.88
CA-2018-108799,29-09-2016,Customer_221,South,New York,Miami,Furniture,Chairs,656.34,10,150.95
CA-2015-108800,20-04-2018,Customer_483,East,Texas,Miami,Technology,Copiers,627.79,5,237.84
CA-2016-108801,26-06-2015,Customer_184,South,New York,Houston,Technology,Accessories,837.17,9,275.01
CA-2017-108802,07-09-2015,Customer_237,South,Florida,Miami,Office Supplies,Paper,629.38,10,17.86
CA-2018-108803,02-06-2016,Customer_339,South,Florida,Houston,Furniture,Tables,437.78,7,-80.26
CA-2015-108804,03-03-2018,Customer_366,West,California,Chicago,Office Supplies,Binders,958.53,10,188.29
CA-2016-108805,12-09-2015,Customer_65,East,California,Chicago,Furniture,Tables,97.64,8,185.0
CA-2017-108806,25-01-2017,Customer_71,West,Illinois,Houston,Office Supplies,Storage,218.54,1,225.33
CA-2018-108807,23-05-2016,Customer_92,West,Illinois,Miami,Office Supplies,Storage,348.32,2,271.61
CA-2015-108808,07-11-2017,Customer_406,Central,Texas,Houston,Office Supplies,Storage,489.08,3,6.37
CA-2016-108809,18-10-2018,Customer_194,West,California,Houston,Technology,Copiers,293.12,1,-86.86
CA-2017-108810,23-10-2016,Customer_364,Central,Florida,Chicago,Technology,Accessories,136.77,2,255.34
CA-2018-108811,15-11-2016,Customer_350,East,Illinois,Miami,Office Supplies,Storage,301.33,4,64.21
CA-2015-108812,12-11-2018,Customer_279,East,New York,New York City,Office Supplies,Paper,307.84,4,75.78
CA-2016-108813,05-10-2018,Customer_206,Central,Florida,Los Angeles,Technology,Accessories,470.71,8,168.69
CA-2017-108814,05-12-2016,Customer_169,East,New York,Miami,Technology,Accessories,341.24,2,-1.86
CA-2018-108815,09-03-2018,Customer_134,East,California,Chicago,Technology,Copiers,591.19,1,267.18
CA-2015-108816,13-04-2015,Customer_308,South,New York,Los Angeles,Furniture,Tables,912.47,1,57.2
CA-2016-108817,08-11-2017,Customer_429,West,Illinois,Los Angeles,Office Supplies,Binders,710.65,7,60.36
CA-2017-108818,27-10-2017,Customer_137,East,Illinois,Houston,Technology,Accessories,694.29,10,184.59
CA-2018-108819,11-08-2018,Customer_216,South,Illinois,Los Angeles,Office Supplies,Paper,603.85,5,270.68
CA-2015-108820,08-01-2016,Customer_392,Central,New York,Chicago,Technology,Copiers,552.2,6,226.82
CA-2016-108821,30-10-2018,Customer_233,Central,New York,Chicago,Office Supplies,Paper,238.45,7,-2.27
CA-2017-108822,15-01-2016,Customer_442,Central,Florida,New York City,Office Supplies,Storage,356.07,8,238.16
CA-2018-108823,15-08-2018,Customer_229,South,Illinois,Miami,Technology,Phones,330.18,6,221.81
CA-2015-108824,08-04-2015,Customer_345,Central,Illinois,Houston,Furniture,Bookcases,488.39,5,101.28
CA-2016-108825,20-10-2016,Customer_76,Central,Texas,Los Angeles,Technology,Accessories,649.53,9,65.54
CA-2017-108826,20-07-2017,Customer_251,West,New York,Los Angeles,Office Supplies,Binders,164.53,9,-69.58
CA-2018-108827,08-10-2017,Customer_172,South,Texas,New York City,Furniture,Bookcases,385.88,7,-47.58
CA-2015-108828,18-11-2016,Customer_307,East,Florida,Miami,Technology,Copiers,969.8,6,209.87
CA-2016-108829,18-03-2016,Customer_62,South,Illinois,Chicago,Office Supplies,Paper,494.02,2,170.26
CA-2017-108830,06-01-2017,Customer_450,Central,New York,New York City,Technology,Accessories,844.03,8,-36.8
CA-2018-108831,24-11-2016,Customer_446,Central,Illinois,Los Angeles,Technology,Phones,284.75,9,187.73
CA-2015-108832,10-05-2017,Customer_17,West,New York,Miami,Furniture,Tables,654.36,4,51.47
CA-2016-108833,07-06-2018,Customer_203,Central,California,Los Angeles,Office Supplies,Binders,574.63,3,109.17
CA-2017-108834,25-03-2016,Customer_304,South,New York,Miami,Office Supplies,Paper,722.0,8,51.58
CA-2018-108835,26-12-2015,Customer_254,West,Florida,New York City,Technology,Phones,690.84,8,123.51
CA-2015-108836,28-02-2016,Customer_365,Central,Florida,Los Angeles,Office Supplies,Storage,531.15,4,37.71
CA-2016-108837,22-05-2018,Customer_174,Central,New York,Los Angeles,Furniture,Tables,684.89,2,257.92
CA-2017-108838,29-12-2017,Customer_393,Central,Florida,Chicago,Furniture,Bookcases,984.87,1,57.34
CA-2018-108839,14-12-2015,Customer_263,Central,Texas,New York City,Furniture,Tables,462.65,1,127.9
CA-2015-108840,23-10-2016,Customer_411,South,Texas,Chicago,Furniture,Bookcases,217.57,3,184.88
CA-2016-108841,09-02-2016,Customer_296,East,Florida,Los Angeles,Technology,Copiers,119.09,3,113.07
CA-2017-108842,12-02-2015,Customer_379,Central,Florida,New York City,Technology,Accessories,100.75,8,270.89
CA-2018-108843,13-10-2017,Customer_317,East,Florida,Chicago,Technology,Phones,94.5,8,256.53
CA-2015-108844,11-05-2018,Customer_311,Central,Florida,Chicago,Office Supplies,Storage,591.37,8,139.73
CA-2016-108845,17-05-2015,Customer_293,Central,New York,Los Angeles,Furniture,Chairs,854.13,7,69.31
CA-2017-108846,22-01-2017,Customer_283,West,California,Chicago,Office Supplies,Binders,776.28,10,104.78
CA-2018-108847,23-03-2017,Customer_391,West,Texas,New York City,Furniture,Chairs,874.72,9,81.67
CA-2015-108848,25-11-2015,Customer_497,Central,Texas,New York City,Office Supplies,Storage,691.58,4,157.2
CA-2016-108849,08-04-2015,Customer_278,Central,New York,Miami,Office Supplies,Binders,564.03,4,35.46
CA-2017-108850,12-06-2015,Customer_107,South,Texas,New York City,Furniture,Chairs,751.4,5,75.22
CA-2018-108851,23-06-2016,Customer_452,West,Texas,Los Angeles,Office Supplies,Binders,667.69,2,208.5
CA-2015-108852,15-09-2018,Customer_485,East,Texas,Miami,Technology,Phones,352.9,10,156.65
CA-2016-108853,01-08-2017,Customer_402,Central,New York,New York City,Technology,Accessories,389.48,1,-60.15
CA-2017-108854,05-09-2016,Customer_391,East,Florida,Miami,Technology,Copiers,238.24,3,-83.0
CA-2018-108855,01-09-2015,Customer_67,East,New York,Houston,Technology,Accessories,116.59,5,153.2
CA-2015-108856,17-12-2018,Customer_441,South,California,Houston,Technology,Copiers,818.38,8,228.74
CA-2016-108857,25-02-2015,Customer_178,East,Florida,Los Angeles,Office Supplies,Paper,504.0,8,275.85
CA-2017-108858,05-01-2015,Customer_341,West,California,Chicago,Office Supplies,Storage,312.43,5,196.36
CA-2018-108859,03-11-2015,Customer_85,South,California,Miami,Technology,Accessories,444.06,5,-41.17
CA-2015-108860,27-05-2015,Customer_199,East,California,Miami,Technology,Phones,392.45,9,-98.43
CA-2016-108861,17-02-2016,Customer_300,South,California,Houston,Office Supplies,Paper,573.08,1,-16.3
CA-2017-108862,26-04-2018,Customer_385,Central,New York,Los Angeles,Office Supplies,Paper,745.37,7,36.05
CA-2018-108863,04-06-2016,Customer_6,West,Illinois,New York City,Furniture,Tables,477.44,9,99.11
CA-2015-108864,09-01-2015,Customer_239,East,Florida,Los Angeles,Furniture,Bookcases,641.14,2,276.37
CA-2016-108865,06-04-2016,Customer_203,East,New York,Los Angeles,Furniture,Bookcases,230.29,6,133.9
CA-2017-108866,04-08-2015,Customer_323,Central,Illinois,Chicago,Technology,Accessories,67.52,8,40.71
CA-2018-108867,26-06-2015,Customer_245,West,Florida,Miami,Technology,Accessories,993.8,6,3.14
CA-2015-108868,06-02-2016,Customer_384,West,Florida,Los Angeles,Office Supplies,Paper,341.64,1,290.53
CA-2016-108869,07-05-2018,Customer_440,South,California,Chicago,Technology,Phones,797.82,6,121.89
CA-2017-108870,04-03-2017,Customer_418,West,New York,Miami,Technology,Phones,902.14,6,229.6
CA-2018-108871,23-03-2015,Customer_166,West,California,Miami,Office Supplies,Storage,906.72,6,-20.58
CA-2015-108872,27-12-2017,Customer_457,West,New York,New York City,Office Supplies,Storage,221.39,9,-28.66
CA-2016-108873,31-05-2018,Customer_325,Central,California,Los Angeles,Office Supplies,Paper,573.61,6,295.21
CA-2017-108874,04-07-2015,Customer_154,West,Texas,Chicago,Office Supplies,Storage,416.95,8,5.54
CA-2018-108875,26-10-2018,Customer_220,West,Florida,Houston,Furniture,Tables,691.09,10,-61.9
CA-2015-108876,19-02-2018,Customer_38,East,Texas,Los Angeles,Furniture,Bookcases,409.4,6,106.59
CA-2016-108877,18-07-2016,Customer_496,Central,New York,New York City,Technology,Phones,380.98,2,33.92
CA-2017-108878,19-02-2017,Customer_170,Central,New York,Houston,Furniture,Bookcases,753.09,8,-97.29
CA-2018-108879,09-08-2017,Customer_332,East,Illinois,Houston,Technology,Copiers,679.48,1,99.83
CA-2015-108880,02-07-2018,Customer_182,Central,California,Houston,Office Supplies,Binders,389.27,10,202.11
CA-2016-108881,12-02-2016,Customer_304,East,Illinois,Miami,Technology,Copiers,93.07,3,152.69
CA-2017-108882,14-10-2015,Customer_77,East,California,Houston,Technology,Accessories,644.5,3,244.63
CA-2018-108883,04-12-2016,Customer_123,Central,Florida,Miami,Furniture,Tables,794.39,4,217.36
CA-2015-108884,15-04-2017,Customer_426,Central,California,Chicago,Technology,Accessories,34.79,9,82.85
CA-2016-108885,19-11-2017,Customer_468,South,Florida,New York City,Technology,Copiers,736.69,1,-60.73
CA-2017-108886,10-01-2016,Customer_378,West,Illinois,Chicago,Technology,Copiers,494.06,9,260.81
CA-2018-108887,16-07-2017,Customer_148,West,Illinois,Los Angeles,Technology,Phones,224.17,6,256.98
CA-2015-108888,09-05-2018,Customer_482,West,Texas,New York City,Office Supplies,Paper,688.56,2,105.13
CA-2016-108889,14-01-2015,Customer_324,West,Illinois,Miami,Furniture,Bookcases,385.33,4,-4.42
CA-2017-108890,06-07-2015,Customer_161,East,Illinois,Miami,Technology,Copiers,772.37,2,290.54
CA-2018-108891,05-01-2017,Customer_305,West,Florida,Houston,Furniture,Tables,723.03,10,45.16
CA-2015-108892,21-02-2018,Customer_132,South,New York,New York City,Office Supplies,Binders,383.92,6,127.0
CA-2016-108893,19-01-2018,Customer_377,South,Florida,Chicago,Office Supplies,Storage,426.41,6,235.16
CA-2017-108894,25-03-2016,Customer_151,Central,Texas,Los Angeles,Technology,Accessories,269.72,2,88.28
CA-2018-108895,22-09-2015,Customer_324,West,California,Houston,Office Supplies,Paper,670.24,2,188.46
CA-2015-108896,30-10-2018,Customer_59,Central,Illinois,Miami,Technology,Phones,168.39,3,9.86
CA-2016-108897,19-04-2018,Customer_30,West,California,Miami,Furniture,Tables,661.82,5,6.81
CA-2017-108898,11-09-2017,Customer_474,East,Illinois,Miami,Furniture,Chairs,772.75,2,-86.25
CA-2018-108899,01-06-2015,Customer_209,West,Texas,Miami,Technology,Copiers,839.64,7,165.81
CA-2015-108900,15-09-2016,Customer_283,South,Florida,Chicago,Office Supplies,Storage,458.83,8,28.86
CA-2016-108901,05-02-2019,Customer_121,Central,Illinois,Chicago,Technology,Copiers,594.44,9,118.78
CA-2017-108902,18-04-2017,Customer_364,West,Illinois,Chicago,Office Supplies,Paper,63.31,1,39.01
CA-2018-108903,17-05-2015,Customer_25,West,Illinois,Houston,Office Supplies,Paper,847.62,7,51.68
CA-2015-108904,02-03-2016,Customer_488,East,California,Chicago,Office Supplies,Binders,118.03,6,174.88
CA-2016-108905,16-02-2017,Customer_444,Central,California,Houston,Office Supplies,Storage,531.64,7,95.89
CA-2017-108906,02-04-2016,Customer_39,South,Texas,Chicago,Furniture,Chairs,584.45,4,137.36
CA-2018-108907,19-12-2016,Customer_59,East,Illinois,Miami,Technology,Phones,488.45,10,-80.4
CA-2015-108908,15-11-2018,Customer_148,Central,Illinois,New York City,Office Supplies,Binders,975.52,5,-91.64
CA-2016-108909,11-12-2015,Customer_269,West,New York,Los Angeles,Furniture,Bookcases,351.4,9,21.57
CA-2017-108910,08-02-2016,Customer_160,South,Texas,Miami,Technology,Accessories,85.29,9,100.28
CA-2018-108911,28-04-2016,Customer_218,Central,California,Houston,Office Supplies,Paper,61.09,5,-75.57
CA-2015-108912,25-11-2017,Customer_448,Central,New York,New York City,Technology,Accessories,36.28,4,53.18
CA-2016-108913,08-10-2015,Customer_166,West,Illinois,New York City,Technology,Accessories,790.22,10,29.92
CA-2017-108914,14-12-2017,Customer_40,East,Illinois,Los Angeles,Technology,Accessories,54.22,5,98.6
CA-2018-108915,31-05-2016,Customer_369,East,Texas,Los Angeles,Furniture,Bookcases,465.37,7,137.61
CA-2015-108916,25-11-2015,Customer_287,Central,Texas,Los Angeles,Technology,Phones,203.0,4,237.9
CA-2016-108917,10-08-2016,Customer_212,East,Florida,Miami,Technology,Phones,530.74,10,294.23
CA-2017-108918,17-09-2018,Customer_168,South,Florida,Houston,Furniture,Bookcases,274.44,3,69.21
CA-2018-108919,25-04-2017,Customer_252,Central,California,Los Angeles,Office Supplies,Paper,441.37,2,288.84
CA-2015-108920,23-07-2017,Customer_394,East,Florida,Houston,Office Supplies,Binders,992.02,8,19.77
CA-2016-108921,18-08-2018,Customer_456,Central,Illinois,New York City,Technology,Accessories,846.61,3,275.63
CA-2017-108922,20-10-2017,Customer_150,Central,California,Houston,Office Supplies,Storage,277.55,9,295.33
CA-2018-108923,14-06-2017,Customer_305,South,New York,Houston,Technology,Accessories,858.96,3,136.69
CA-2015-108924,12-01-2015,Customer_343,East,California,Chicago,Furniture,Tables,695.81,7,101.08
CA-2016-108925,11-10-2016,Customer_497,East,Texas,Chicago,Office Supplies,Storage,811.97,7,254.64
CA-2017-108926,28-05-2018,Customer_39,West,California,New York City,Office Supplies,Paper,445.03,8,68.66
CA-2018-108927,22-09-2017,Customer_3,South,Texas,Houston,Technology,Accessories,904.19,7,23.09
CA-2015-108928,25-12-2018,Customer_88,Central,Texas,Miami,Technology,Phones,118.84,3,-82.81
CA-2016-108929,12-11-2017,Customer_354,South,New York,Chicago,Technology,Copiers,772.14,6,-68.21
CA-2017-108930,01-04-2016,Customer_479,East,Texas,Miami,Office Supplies,Binders,610.02,6,-32.5
CA-2018-108931,25-07-2017,Customer_52,Central,Florida,Chicago,Furniture,Tables,273.14,5,248.86
CA-2015-108932,12-06-2017,Customer_326,South,Illinois,Miami,Technology,Phones,265.08,1,234.49
CA-2016-108933,08-03-2016,Customer_37,Central,Florida,Houston,Technology,Copiers,238.2,7,287.14
CA-2017-108934,11-05-2015,Customer_104,Central,Illinois,Houston,Office Supplies,Binders,544.77,1,7.04
CA-2018-108935,28-12-2015,Customer_152,Central,Illinois,New York City,Furniture,Tables,155.34,2,-10.3
CA-2015-108936,03-01-2019,Customer_347,East,California,Chicago,Furniture,Chairs,851.57,5,195.82
CA-2016-108937,30-05-2016,Customer_277,Central,Illinois,Chicago,Technology,Phones,334.83,5,249.81
CA-2017-108938,01-07-2018,Customer_59,Central,California,New York City,Furniture,Chairs,689.81,9,275.13
CA-2018-108939,24-07-2015,Customer_100,East,New York,Los Angeles,Office Supplies,Paper,992.95,10,107.7
CA-2015-108940,19-01-2016,Customer_261,South,California,Chicago,Office Supplies,Binders,853.65,1,217.14
CA-2016-108941,14-10-2016,Customer_213,East,New York,Chicago,Furniture,Bookcases,251.04,2,207.27
CA-2017-108942,23-08-2015,Customer_463,Central,California,Houston,Office Supplies,Storage,563.99,1,168.73
CA-2018-108943,29-10-2018,Customer_326,Central,Florida,Los Angeles,Technology,Copiers,959.46,5,176.54
CA-2015-108944,22-12-2015,Customer_157,Central,California,Los Angeles,Furniture,Bookcases,457.0,10,12.88
CA-2016-108945,22-01-2019,Customer_200,South,Texas,Houston,Furniture,Chairs,99.85,9,99.65
CA-2017-108946,27-11-2015,Customer_213,West,Florida,Chicago,Furniture,Tables,371.42,2,181.92
CA-2018-108947,07-08-2017,Customer_158,West,New York,Chicago,Furniture,Chairs,130.66,1,-87.03
CA-2015-108948,15-08-2017,Customer_403,East,Florida,Chicago,Office Supplies,Binders,456.79,7,-32.84
CA-2016-108949,31-05-2015,Customer_485,Central,Florida,Chicago,Technology,Accessories,984.37,6,273.32
CA-2017-108950,07-02-2016,Customer_261,West,Texas,Miami,Office Supplies,Paper,802.63,6,57.86
CA-2018-108951,05-01-2018,Customer_207,West,Texas,Miami,Office Supplies,Storage,762.21,4,116.33
CA-2015-108952,25-07-2016,Customer_445,West,Illinois,Miami,Technology,Phones,983.85,8,-9.81
CA-2016-108953,10-05-2017,Customer_424,Central,Texas,Chicago,Furniture,Tables,155.24,6,226.92
CA-2017-108954,12-06-2018,Customer_274,Central,Florida,Chicago,Furniture,Chairs,206.78,6,-83.55
CA-2018-108955,26-06-2016,Customer_121,Central,Florida,Los Angeles,Furniture,Tables,386.97,7,120.04
CA-2015-108956,05-07-2016,Customer_10,South,Illinois,Los Angeles,Office Supplies,Paper,212.66,8,-57.98
CA-2016-108957,18-04-2015,Customer_96,East,New York,New York City,Office Supplies,Binders,40.89,9,206.15
CA-2017-108958,28-09-2018,Customer_12,South,New York,Houston,Furniture,Bookcases,53.6,2,-20.01
CA-2018-108959,13-07-2017,Customer_90,East,Florida,Miami,Office Supplies,Binders,897.47,10,274.68
CA-2015-108960,24-05-2016,Customer_150,East,Illinois,Miami,Office Supplies,Binders,359.65,9,97.42
CA-2016-108961,30-09-2017,Customer_270,West,California,Houston,Furniture,Chairs,353.76,2,-82.06
CA-2017-108962,25-11-2017,Customer_287,West,California,Miami,Furniture,Bookcases,936.01,10,33.28
CA-2018-108963,23-09-2017,Customer_172,East,Florida,New York City,Technology,Accessories,218.66,8,117.86
CA-2015-108964,09-08-2018,Customer_267,South,New York,Los Angeles,Furniture,Bookcases,775.25,8,250.21
CA-2016-108965,14-11-2018,Customer_29,West,Florida,Los Angeles,Office Supplies,Storage,250.64,1,187.05
CA-2017-108966,07-02-2018,Customer_257,Central,Florida,Houston,Furniture,Chairs,718.24,7,234.05
CA-2018-108967,01-08-2016,Customer_253,South,New York,Los Angeles,Furniture,Chairs,164.42,9,-82.53
CA-2015-108968,30-11-2015,Customer_254,Central,California,Miami,Office Supplies,Paper,495.92,7,-94.47
CA-2016-108969,18-11-2018,Customer_218,West,Texas,Chicago,Furniture,Tables,553.69,10,13.27
CA-2017-108970,14-12-2017,Customer_140,South,California,Chicago,Office Supplies,Binders,429.07,3,19.31
CA-2018-108971,11-07-2018,Customer_322,West,Illinois,Houston,Technology,Phones,863.62,4,55.04
CA-2015-108972,17-12-2018,Customer_108,West,Illinois,Miami,Office Supplies,Storage,195.36,10,33.54
CA-2016-108973,22-04-2016,Customer_427,Central,Florida,Houston,Office Supplies,Storage,712.03,3,53.23
CA-2017-108974,20-12-2015,Customer_387,West,Texas,Miami,Technology,Accessories,396.96,4,7.37
CA-2018-108975,12-01-2019,Customer_65,East,California,Miami,Office Supplies,Paper,296.01,4,-59.82
CA-2015-108976,20-05-2015,Customer_303,East,California,Miami,Technology,Phones,403.11,9,84.88
CA-2016-108977,04-07-2018,Customer_288,West,Texas,New York City,Technology,Copiers,679.08,10,90.54
CA-2017-108978,30-04-2018,Customer_500,East,California,New York City,Technology,Accessories,448.94,6,-82.76
CA-2018-108979,23-10-2015,Customer_256,South,Illinois,Chicago,Technology,Copiers,300.01,10,-15.04
CA-2015-108980,11-09-2018,Customer_445,South,Illinois,Chicago,Technology,Phones,672.8,5,65.47
CA-2016-108981,02-08-2018,Customer_435,South,Illinois,Los Angeles,Office Supplies,Storage,698.65,4,105.88
CA-2017-108982,11-07-2017,Customer_224,West,Illinois,Los Angeles,Furniture,Bookcases,770.1,10,-96.94
CA-2018-108983,26-05-2016,Customer_115,West,Florida,New York City,Furniture,Tables,460.4,4,280.64
CA-2015-108984,24-08-2015,Customer_233,Central,California,Miami,Furniture,Tables,248.94,1,-7.72
CA-2016-108985,22-06-2016,Customer_379,West,California,Houston,Office Supplies,Storage,460.57,1,51.17
CA-2017-108986,10-02-2015,Customer_279,East,California,Houston,Furniture,Tables,999.64,3,150.61
CA-2018-108987,30-08-2016,Customer_294,South,New York,Miami,Office Supplies,Paper,56.78,7,136.08
CA-2015-108988,01-10-2018,Customer_480,South,Florida,New York City,Furniture,Chairs,78.04,3,20.31
CA-2016-108989,06-11-2017,Customer_485,West,Illinois,Houston,Office Supplies,Binders,669.54,1,114.79
CA-2017-108990,17-09-2017,Customer_12,East,Texas,Chicago,Office Supplies,Paper,878.2,5,225.81
CA-2018-108991,16-01-2016,Customer_52,West,California,Chicago,Furniture,Tables,201.71,2,-56.28
CA-2015-108992,04-05-2015,Customer_64,Central,California,Chicago,Furniture,Bookcases,24.25,7,-1.88
CA-2016-108993,10-11-2018,Customer_223,South,New York,Houston,Furniture,Tables,540.63,9,265.14
CA-2017-108994,07-10-2015,Customer_296,Central,Illinois,Los Angeles,Office Supplies,Binders,904.33,1,201.59
CA-2018-108995,16-02-2016,Customer_443,East,Florida,New York City,Office Supplies,Storage,721.11,3,180.57
CA-2015-108996,23-02-2018,Customer_144,West,Texas,Los Angeles,Office Supplies,Paper,27.48,8,-30.83
CA-2016-108997,08-01-2017,Customer_289,South,Illinois,Chicago,Technology,Phones,165.46,8,108.78
CA-2017-108998,06-04-2018,Customer_108,Central,Texas,Los Angeles,Office Supplies,Binders,647.33,1,291.43
CA-2018-108999,05-05-2016,Customer_338,South,Illinois,New York City,Furniture,Chairs,337.16,8,-25.49
CA-2015-109000,27-11-2015,Customer_460,West,California,Los Angeles,Office Supplies,Binders,81.77,8,-53.37
CA-2016-109001,16-01-2018,Customer_153,South,New York,Miami,Office Supplies,Binders,946.94,6,197.76
CA-2017-109002,29-04-2017,Customer_50,West,Florida,Los Angeles,Technology,Copiers,551.46,2,230.62
CA-2018-109003,30-05-2016,Customer_17,West,Illinois,Houston,Office Supplies,Binders,90.11,9,216.17
CA-2015-109004,30-08-2015,Customer_70,Central,Florida,Chicago,Furniture,Chairs,848.79,1,7.22
CA-2016-109005,10-01-2015,Customer_205,Central,Texas,New York City,Furniture,Bookcases,285.85,10,-15.2
CA-2017-109006,18-03-2017,Customer_367,East,California,Miami,Office Supplies,Paper,878.74,3,290.61
CA-2018-109007,31-01-2015,Customer_262,West,Illinois,Houston,Furniture,Bookcases,997.43,5,190.87
CA-2015-109008,09-01-2015,Customer_352,South,New York,Houston,Technology,Accessories,221.14,9,260.86
CA-2016-109009,28-09-2016,Customer_229,East,New York,New York City,Office Supplies,Paper,491.83,2,261.41
CA-2017-109010,21-08-2018,Customer_296,West,Texas,Chicago,Office Supplies,Binders,892.75,10,163.26
CA-2018-109011,07-07-2015,Customer_294,South,Illinois,Chicago,Furniture,Chairs,527.17,4,48.43
CA-2015-109012,27-02-2017,Customer_217,West,California,Houston,Office Supplies,Storage,373.53,9,263.25
CA-2016-109013,19-08-2017,Customer_385,South,California,Chicago,Furniture,Bookcases,347.22,2,-26.64
CA-2017-109014,02-02-2016,Customer_404,East,Illinois,Miami,Office Supplies,Paper,853.73,2,81.42
CA-2018-109015,18-02-2016,Customer_142,South,Texas,Chicago,Technology,Accessories,826.33,6,-40.25
CA-2015-109016,16-01-2018,Customer_100,East,Illinois,Chicago,Furniture,Tables,299.37,2,204.93
CA-2016-109017,29-10-2015,Customer_170,West,Texas,New York City,Technology,Accessories,225.09,1,199.57
CA-2017-109018,02-02-2015,Customer_152,East,California,Houston,Furniture,Tables,328.82,2,170.54
CA-2018-109019,28-05-2016,Customer_76,South,Illinois,Chicago,Office Supplies,Paper,840.95,2,-25.93
CA-2015-109020,24-04-2017,Customer_357,Central,Illinois,New York City,Technology,Accessories,527.08,6,238.14
CA-2016-109021,22-08-2016,Customer_210,South,Illinois,Chicago,Furniture,Bookcases,249.4,6,290.66
CA-2017-109022,13-01-2017,Customer_241,Central,Illinois,Chicago,Furniture,Chairs,389.0,1,226.3
CA-2018-109023,17-06-2015,Customer_268,Central,Illinois,Los Angeles,Office Supplies,Paper,950.99,3,65.76
CA-2015-109024,25-07-2016,Customer_287,Central,Illinois,Miami,Office Supplies,Storage,524.16,8,-94.51
CA-2016-109025,26-11-2018,Customer_464,East,Illinois,Houston,Office Supplies,Binders,621.65,8,124.24
CA-2017-109026,23-12-2018,Customer_54,West,Illinois,New York City,Furniture,Bookcases,523.37,7,279.07
CA-2018-109027,02-01-2019,Customer_289,Central,New York,Miami,Office Supplies,Paper,762.12,5,-31.57
CA-2015-109028,04-04-2015,Customer_488,East,Illinois,New York City,Furniture,Bookcases,962.26,6,-53.87
CA-2016-109029,30-04-2015,Customer_489,East,New York,Los Angeles,Furniture,Chairs,925.76,2,108.43
CA-2017-109030,15-01-2018,Customer_462,East,Texas,New York City,Technology,Copiers,571.06,7,-6.05
CA-2018-109031,17-05-2017,Customer_136,West,Texas,Houston,Technology,Accessories,223.7,10,198.14
CA-2015-109032,18-04-2017,Customer_319,South,Florida,New York City,Technology,Phones,285.31,9,171.88
CA-2016-109033,22-03-2017,Customer_318,Central,Illinois,Miami,Office Supplies,Binders,478.55,10,27.07
CA-2017-109034,06-04-2015,Customer_12,South,Texas,New York City,Furniture,Bookcases,567.19,3,124.2
CA-2018-109035,24-08-2016,Customer_158,Central,New York,Miami,Furniture,Bookcases,879.19,7,229.35
CA-2015-109036,04-09-2016,Customer_176,South,Texas,Miami,Office Supplies,Paper,431.43,1,-82.64
CA-2016-109037,08-10-2018,Customer_359,East,California,New York City,Office Supplies,Paper,816.93,8,79.89
CA-2017-109038,04-05-2016,Customer_452,Central,Texas,Chicago,Technology,Accessories,347.71,6,299.32
CA-2018-109039,21-03-2015,Customer_423,Central,Florida,Houston,Furniture,Tables,512.2,10,76.41
CA-2015-109040,13-07-2015,Customer_338,Central,New York,Los Angeles,Furniture,Tables,27.73,7,95.43
CA-2016-109041,10-10-2015,Customer_333,West,California,Los Angeles,Furniture,Tables,125.29,3,209.65
CA-2017-109042,01-09-2017,Customer_329,Central,Texas,Los Angeles,Office Supplies,Binders,582.85,1,240.64
CA-2018-109043,30-03-2017,Customer_176,East,Texas,Chicago,Furniture,Chairs,313.35,4,180.03
CA-2015-109044,17-11-2016,Customer_357,West,Illinois,Houston,Technology,Copiers,603.22,1,-34.51
CA-2016-109045,31-07-2017,Customer_237,West,Texas,Los Angeles,Office Supplies,Binders,955.93,7,160.33
CA-2017-109046,22-02-2015,Customer_255,East,California,New York City,Office Supplies,Binders,278.95,3,114.08
CA-2018-109047,11-04-2018,Customer_4,Central,New York,Houston,Technology,Accessories,848.95,10,146.1
CA-2015-109048,10-04-2015,Customer_420,East,New York,Houston,Furniture,Tables,386.43,7,247.22
CA-2016-109049,08-01-2018,Customer_478,South,Illinois,Chicago,Office Supplies,Binders,455.41,2,41.25
CA-2017-109050,25-02-2017,Customer_238,West,Illinois,Chicago,Office Supplies,Binders,52.25,2,237.48
CA-2018-109051,02-09-2018,Customer_152,West,Illinois,Los Angeles,Office Supplies,Paper,335.19,2,163.02
CA-2015-109052,13-06-2017,Customer_37,South,Florida,Miami,Furniture,Tables,788.84,7,-46.52
CA-2016-109053,11-10-2018,Customer_494,West,California,Miami,Technology,Phones,703.39,3,293.96
CA-2017-109054,06-04-2017,Customer_455,East,Florida,Houston,Furniture,Tables,934.38,5,289.17
CA-2018-109055,27-09-2015,Customer_172,Central,California,Chicago,Furniture,Chairs,144.34,6,136.51
CA-2015-109056,03-05-2016,Customer_370,East,Illinois,Chicago,Office Supplies,Storage,412.9,6,210.62
CA-2016-109057,06-06-2018,Customer_126,West,Florida,Chicago,Office Supplies,Binders,191.26,4,8.5
CA-2017-109058,20-05-2018,Customer_471,East,New York,Houston,Furniture,Tables,177.86,2,246.53
CA-2018-109059,11-03-2018,Customer_350,Central,Texas,Miami,Furniture,Bookcases,520.3,3,226.32
CA-2015-109060,14-08-2018,Customer_332,Central,Illinois,Miami,Technology,Copiers,488.08,6,29.73
CA-2016-109061,28-06-2017,Customer_496,South,Florida,New York City,Furniture,Tables,779.06,10,84.6
CA-2017-109062,14-09-2018,Customer_436,Central,Florida,Houston,Furniture,Chairs,560.04,2,221.49
CA-2018-109063,10-01-2018,Customer_140,West,Florida,Los Angeles,Office Supplies,Storage,784.86,5,46.56
CA-2015-109064,17-04-2015,Customer_208,West,Florida,Los Angeles,Technology,Accessories,346.51,1,-10.68
CA-2016-109065,04-09-2018,Customer_383,South,New York,Miami,Technology,Copiers,218.89,5,63.28
CA-2017-109066,26-01-2016,Customer_65,East,New York,New York City,Furniture,Chairs,524.45,10,104.02
CA-2018-109067,11-11-2015,Customer_425,West,Florida,Los Angeles,Furniture,Tables,559.95,7,222.46
CA-2015-109068,02-06-2015,Customer_152,South,New York,Miami,Office Supplies,Storage,750.25,10,205.41
CA-2016-109069,06-10-2018,Customer_184,East,Illinois,Chicago,Technology,Phones,929.23,3,253.0
CA-2017-109070,25-05-2015,Customer_325,South,Florida,Houston,Furniture,Bookcases,745.8,2,-92.98
CA-2018-109071,31-07-2018,Customer_8,South,Florida,New York City,Office Supplies,Storage,594.42,7,282.19
CA-2015-109072,16-04-2015,Customer_342,East,Texas,New York City,Furniture,Tables,519.91,4,-59.63
CA-2016-109073,19-10-2016,Customer_438,South,New York,Chicago,Technology,Phones,224.22,4,202.92
CA-2017-109074,27-12-2016,Customer_289,East,New York,Miami,Furniture,Chairs,798.39,6,192.16
CA-2018-109075,17-06-2018,Customer_269,Central,Texas,Miami,Technology,Copiers,559.64,10,287.55
CA-2015-109076,18-02-2018,Customer_464,South,Florida,Los Angeles,Technology,Accessories,158.7,2,-65.55
CA-2016-109077,22-02-2018,Customer_211,West,California,New York City,Office Supplies,Binders,495.71,3,203.45
CA-2017-109078,24-11-2016,Customer_336,West,California,Houston,Technology,Accessories,46.26,10,227.7
CA-2018-109079,04-09-2017,Customer_276,East,Florida,Chicago,Furniture,Chairs,354.87,8,13.15
CA-2015-109080,20-06-2017,Customer_144,East,Illinois,Houston,Technology,Phones,424.95,2,135.84
CA-2016-109081,06-02-2018,Customer_407,East,California,Houston,Technology,Copiers,470.8,7,216.03
CA-2017-109082,02-06-2017,Customer_344,South,Illinois,New York City,Office Supplies,Paper,937.53,8,172.15
CA-2018-109083,30-05-2015,Customer_88,Central,Illinois,Chicago,Office Supplies,Binders,557.71,9,42.87
CA-2015-109084,11-11-2018,Customer_307,West,Texas,Los Angeles,Office Supplies,Paper,764.65,3,214.62
CA-2016-109085,01-09-2016,Customer_258,Central,Florida,Houston,Furniture,Chairs,660.13,1,-38.15
CA-2017-109086,19-02-2016,Customer_157,East,California,Chicago,Office Supplies,Storage,905.76,5,12.55
CA-2018-109087,24-02-2018,Customer_362,South,California,Houston,Furniture,Chairs,966.91,2,130.63
CA-2015-109088,06-06-2017,Customer_444,West,Texas,Miami,Office Supplies,Storage,524.09,4,-73.11
CA-2016-109089,29-08-2017,Customer_323,Central,Florida,Chicago,Technology,Phones,996.48,4,-28.09
CA-2017-109090,13-04-2016,Customer_60,South,Florida,Miami,Technology,Copiers,723.91,10,-71.36
CA-2018-109091,02-09-2016,Customer_283,Central,Texas,New York City,Technology,Accessories,885.11,2,169.52
CA-2015-109092,10-06-2017,Customer_158,South,New York,Miami,Technology,Accessories,356.04,7,41.12
CA-2016-109093,06-08-2017,Customer_49,Central,Texas,Houston,Furniture,Chairs,254.13,9,201.47
CA-2017-109094,23-04-2017,Customer_435,East,Florida,Los Angeles,Furniture,Tables,147.34,1,297.63
CA-2018-109095,20-05-2018,Customer_393,East,Texas,Houston,Office Supplies,Paper,439.8,5,297.24
CA-2015-109096,08-02-2017,Customer_119,Central,New York,Los Angeles,Office Supplies,Binders,179.5,1,185.73
CA-2016-109097,13-08-2015,Customer_461,East,Florida,New York City,Furniture,Tables,452.05,4,69.57
CA-2017-109098,21-07-2015,Customer_140,East,New York,Los Angeles,Furniture,Chairs,34.02,10,43.59
CA-2018-109099,17-04-2018,Customer_365,Central,Florida,New York City,Furniture,Chairs,764.23,9,34.18
CA-2015-109100,24-12-2016,Customer_76,South,Illinois,Houston,Office Supplies,Storage,317.25,6,268.64
CA-2016-109101,24-01-2016,Customer_235,South,California,Chicago,Furniture,Bookcases,951.07,7,-81.46
CA-2017-109102,22-09-2017,Customer_300,Central,Illinois,Miami,Technology,Accessories,393.78,8,150.52
CA-2018-109103,16-09-2017,Customer_435,South,New York,Miami,Furniture,Chairs,979.08,6,102.6
CA-2015-109104,04-02-2015,Customer_428,South,Florida,Miami,Technology,Copiers,38.87,6,232.2
CA-2016-109105,14-11-2018,Customer_290,West,Texas,Chicago,Furniture,Tables,396.86,6,-54.8
CA-2017-109106,09-12-2016,Customer_26,South,New York,Chicago,Furniture,Bookcases,737.56,8,268.98
CA-2018-109107,01-05-2016,Customer_166,West,Illinois,Los Angeles,Technology,Phones,798.08,9,193.36
CA-2015-109108,18-03-2017,Customer_462,West,Illinois,Chicago,Technology,Accessories,378.35,3,36.64
CA-2016-109109,30-10-2016,Customer_211,West,New York,New York City,Technology,Copiers,999.63,5,293.91
CA-2017-109110,09-01-2017,Customer_33,West,California,Los Angeles,Furniture,Chairs,857.26,2,-16.04
CA-2018-109111,17-07-2015,Customer_109,West,Texas,Houston,Furniture,Bookcases,153.44,4,107.0
CA-2015-109112,04-07-2017,Customer_345,East,New York,Los Angeles,Technology,Phones,652.16,3,21.93
CA-2016-109113,12-10-2018,Customer_101,Central,Florida,Los Angeles,Furniture,Chairs,451.26,10,-11.95
CA-2017-109114,26-03-2018,Customer_22,South,Illinois,Houston,Office Supplies,Binders,991.44,6,197.27
CA-2018-109115,27-12-2018,Customer_240,West,New York,Miami,Furniture,Tables,160.89,10,212.47
CA-2015-109116,16-05-2017,Customer_480,East,New York,Miami,Furniture,Tables,468.23,7,150.18
CA-2016-109117,31-07-2017,Customer_99,East,Florida,Miami,Technology,Copiers,974.69,3,156.35
CA-2017-109118,08-12-2016,Customer_478,West,California,New York City,Furniture,Bookcases,306.62,5,115.7
CA-2018-109119,21-02-2018,Customer_51,West,Illinois,New York City,Technology,Copiers,954.94,10,299.1
CA-2015-109120,02-01-2015,Customer_312,West,Texas,New York City,Furniture,Bookcases,343.01,8,-11.89
CA-2016-109121,17-06-2015,Customer_488,South,California,Los Angeles,Office Supplies,Storage,868.25,2,133.52
CA-2017-109122,16-03-2015,Customer_16,East,Texas,Los Angeles,Furniture,Tables,475.33,6,2.36
CA-2018-109123,13-11-2016,Customer_440,Central,Illinois,Chicago,Furniture,Chairs,344.91,2,83.45
CA-2015-109124,24-11-2017,Customer_7,East,Illinois,New York City,Furniture,Bookcases,536.16,5,222.8
CA-2016-109125,12-03-2018,Customer_155,East,New York,Los Angeles,Furniture,Chairs,464.39,10,263.68
CA-2017-109126,14-07-2016,Customer_27,East,New York,Miami,Technology,Accessories,480.88,7,65.78
CA-2018-109127,10-07-2018,Customer_208,South,California,New York City,Furniture,Chairs,658.21,9,212.84
CA-2015-109128,07-10-2017,Customer_182,West,New York,New York City,Technology,Copiers,29.98,10,151.38
CA-2016-109129,19-10-2016,Customer_253,South,California,New York City,Office Supplies,Paper,357.8,8,21.88
CA-2017-109130,28-10-2016,Customer_160,East,Texas,New York City,Office Supplies,Storage,507.42,1,64.63
CA-2018-109131,20-05-2017,Customer_107,South,Texas,Los Angeles,Furniture,Tables,939.38,1,127.64
CA-2015-109132,20-11-2018,Customer_352,South,New York,New York City,Office Supplies,Storage,732.98,1,73.68
CA-2016-109133,21-02-2016,Customer_216,Central,Texas,Houston,Office Supplies,Paper,690.26,4,186.99
CA-2017-109134,18-09-2015,Customer_290,West,California,Chicago,Office Supplies,Storage,538.65,1,215.5
CA-2018-109135,08-09-2016,Customer_287,East,Illinois,Chicago,Technology,Accessories,374.56,2,269.34
CA-2015-109136,20-07-2018,Customer_89,South,Florida,Miami,Technology,Accessories,729.02,10,166.55
CA-2016-109137,08-05-2016,Customer_363,West,Illinois,Chicago,Technology,Accessories,242.78,9,215.74
CA-2017-109138,13-07-2016,Customer_183,South,California,Chicago,Technology,Copiers,31.09,4,119.54
CA-2018-109139,19-09-2018,Customer_208,East,Florida,New York City,Office Supplies,Storage,508.26,9,279.45
CA-2015-109140,01-07-2017,Customer_495,West,Texas,New York City,Furniture,Chairs,646.6,4,-59.28
CA-2016-109141,12-06-2016,Customer_331,South,New York,Los Angeles,Office Supplies,Paper,681.38,1,56.09
CA-2017-109142,28-05-2016,Customer_58,Central,Florida,Los Angeles,Technology,Copiers,560.62,4,272.55
CA-2018-109143,07-07-2018,Customer_26,West,New York,Chicago,Technology,Copiers,181.58,6,272.2
CA-2015-109144,19-08-2017,Customer_169,Central,Florida,Chicago,Office Supplies,Storage,198.82,3,241.59
CA-2016-109145,28-09-2017,Customer_29,West,Illinois,New York City,Furniture,Bookcases,667.12,2,198.18
CA-2017-109146,26-10-2016,Customer_17,West,Illinois,Los Angeles,Technology,Accessories,893.15,7,81.87
CA-2018-109147,27-08-2016,Customer_165,South,Florida,Los Angeles,Technology,Copiers,532.58,7,-27.22
CA-2015-109148,17-02-2017,Customer_79,East,California,Miami,Technology,Accessories,640.27,9,221.01
CA-2016-109149,16-12-2016,Customer_386,West,California,Los Angeles,Furniture,Tables,811.93,3,201.37
CA-2017-109150,20-09-2017,Customer_285,West,Texas,New York City,Technology,Accessories,680.18,10,220.39
CA-2018-109151,14-06-2016,Customer_68,West,Illinois,Chicago,Furniture,Tables,27.45,2,-77.16
CA-2015-109152,26-01-2018,Customer_495,South,New York,Los Angeles,Technology,Copiers,894.53,3,166.11
CA-2016-109153,22-02-2018,Customer_21,Central,Florida,New York City,Furniture,Bookcases,927.08,4,206.01
CA-2017-109154,02-11-2017,Customer_94,East,Texas,Chicago,Technology,Accessories,17.04,6,228.34
CA-2018-109155,17-04-2016,Customer_55,East,California,Houston,Furniture,Chairs,714.71,2,-88.61
CA-2015-109156,08-01-2016,Customer_35,Central,Illinois,Los Angeles,Furniture,Tables,204.62,5,-73.3
CA-2016-109157,16-11-2016,Customer_303,West,California,Chicago,Office Supplies,Binders,779.08,6,193.05
CA-2017-109158,23-05-2018,Customer_34,South,Florida,New York City,Furniture,Bookcases,156.19,10,156.4
CA-2018-109159,08-10-2015,Customer_115,South,Illinois,Houston,Furniture,Tables,943.04,9,49.92
CA-2015-109160,22-02-2015,Customer_239,East,New York,Miami,Office Supplies,Storage,323.46,6,-33.06
CA-2016-109161,31-07-2018,Customer_352,South,Florida,Chicago,Office Supplies,Storage,670.79,6,201.42
CA-2017-109162,07-09-2017,Customer_175,Central,Illinois,Houston,Furniture,Chairs,95.58,4,93.72
CA-2018-109163,13-07-2015,Customer_125,South,New York,Miami,Furniture,Tables,208.21,7,1.19
CA-2015-109164,05-02-2015,Customer_95,Central,Florida,Chicago,Office Supplies,Paper,349.54,4,70.99
CA-2016-109165,08-11-2015,Customer_451,East,California,Chicago,Furniture,Bookcases,328.33,4,-2.81
CA-2017-109166,24-07-2018,Customer_477,East,California,Houston,Technology,Accessories,144.42,9,26.54
CA-2018-109167,02-05-2015,Customer_121,Central,Texas,New York City,Furniture,Bookcases,542.87,3,246.98
CA-2015-109168,12-03-2015,Customer_23,Central,Texas,New York City,Office Supplies,Binders,989.3,2,187.31
CA-2016-109169,27-10-2017,Customer_147,West,New York,Miami,Furniture,Bookcases,147.89,4,164.43
CA-2017-109170,03-09-2015,Customer_408,Central,California,New York City,Office Supplies,Storage,862.28,2,-45.28
CA-2018-109171,30-05-2016,Customer_67,Central,Illinois,Houston,Office Supplies,Paper,499.54,7,102.09
CA-2015-109172,04-09-2016,Customer_468,East,Florida,Chicago,Office Supplies,Storage,357.59,6,-49.28
CA-2016-109173,16-01-2016,Customer_221,East,Florida,New York City,Office Supplies,Storage,929.27,9,-35.72
CA-2017-109174,12-03-2018,Customer_91,South,California,Los Angeles,Furniture,Bookcases,41.88,4,-60.86
CA-2018-109175,23-03-2017,Customer_54,Central,Illinois,Houston,Office Supplies,Paper,439.69,9,-82.26
CA-2015-109176,14-02-2016,Customer_17,South,California,New York City,Furniture,Tables,493.15,4,277.22
CA-2016-109177,09-05-2016,Customer_216,Central,California,Los Angeles,Technology,Accessories,689.06,3,229.62
CA-2017-109178,21-01-2018,Customer_423,West,California,Houston,Technology,Copiers,361.01,10,-44.09
CA-2018-109179,22-02-2017,Customer_250,West,Florida,Miami,Office Supplies,Storage,763.64,8,83.13
CA-2015-109180,22-03-2015,Customer_124,West,California,New York City,Office Supplies,Storage,379.49,1,-93.25
CA-2016-109181,12-12-2017,Customer_148,Central,Florida,Chicago,Technology,Accessories,836.93,6,-45.28
CA-2017-109182,05-06-2016,Customer_403,Central,California,Los Angeles,Office Supplies,Binders,914.81,6,-22.08
CA-2018-109183,07-11-2017,Customer_218,East,Illinois,Houston,Office Supplies,Binders,559.34,4,90.37
CA-2015-109184,23-07-2017,Customer_391,West,Florida,New York City,Technology,Copiers,366.08,4,198.9
CA-2016-109185,16-02-2016,Customer_100,West,Texas,Houston,Technology,Accessories,677.31,5,125.05
CA-2017-109186,11-01-2019,Customer_450,Central,New York,Miami,Office Supplies,Binders,504.8,7,-5.5
CA-2018-109187,27-10-2016,Customer_402,East,New York,Miami,Office Supplies,Paper,996.49,4,-87.31
CA-2015-109188,05-05-2018,Customer_121,Central,Texas,Chicago,Office Supplies,Storage,184.0,5,164.3
CA-2016-109189,21-02-2015,Customer_251,Central,Florida,Los Angeles,Technology,Phones,68.45,2,233.73
CA-2017-109190,28-01-2016,Customer_422,Central,Illinois,Houston,Furniture,Chairs,626.19,5,176.98
CA-2018-109191,04-01-2019,Customer_39,Central,California,Miami,Office Supplies,Storage,174.7,9,84.39
CA-2015-109192,10-11-2018,Customer_79,Central,California,Miami,Furniture,Bookcases,435.9,7,113.98
CA-2016-109193,04-01-2019,Customer_387,South,Texas,Chicago,Technology,Copiers,716.38,4,95.5
CA-2017-109194,25-05-2016,Customer_332,Central,New York,Miami,Technology,Phones,246.86,5,-0.27
CA-2018-109195,11-05-2016,Customer_200,East,New York,Houston,Office Supplies,Storage,832.67,8,23.12
CA-2015-109196,19-03-2018,Customer_195,East,New York,New York City,Furniture,Tables,467.52,1,-36.57
CA-2016-109197,14-07-2015,Customer_424,South,California,Chicago,Office Supplies,Paper,567.69,10,194.89
CA-2017-109198,12-01-2017,Customer_483,Central,California,Houston,Furniture,Chairs,677.76,2,117.2
CA-2018-109199,09-05-2016,Customer_257,West,Texas,New York City,Furniture,Tables,986.83,5,7.09
CA-2015-109200,27-06-2016,Customer_472,South,California,New York City,Furniture,Chairs,762.04,5,147.19
CA-2016-109201,16-05-2018,Customer_150,Central,Illinois,Miami,Technology,Accessories,633.44,4,68.6
CA-2017-109202,15-01-2015,Customer_176,Central,Florida,Miami,Office Supplies,Storage,833.72,5,-60.25
CA-2018-109203,11-03-2017,Customer_229,East,Texas,Miami,Office Supplies,Paper,145.87,3,-19.37
CA-2015-109204,29-06-2018,Customer_181,East,Texas,Chicago,Furniture,Tables,331.26,6,106.19
CA-2016-109205,06-08-2017,Customer_330,West,Florida,Chicago,Furniture,Chairs,816.39,7,172.47
CA-2017-109206,26-12-2016,Customer_156,Central,Florida,New York City,Technology,Copiers,119.21,10,238.26
CA-2018-109207,05-08-2017,Customer_383,West,New York,Houston,Furniture,Tables,174.7,7,126.75
CA-2015-109208,28-03-2016,Customer_444,West,California,Houston,Office Supplies,Paper,776.78,7,86.07
CA-2016-109209,01-08-2016,Customer_80,South,Illinois,New York City,Office Supplies,Binders,603.36,4,-79.93
CA-2017-109210,17-07-2016,Customer_215,West,Texas,Los Angeles,Furniture,Bookcases,641.57,9,55.66
CA-2018-109211,06-11-2017,Customer_324,West,California,New York City,Furniture,Tables,790.61,4,100.8
CA-2015-109212,06-04-2016,Customer_477,Central,New York,New York City,Technology,Accessories,163.79,7,22.33
CA-2016-109213,04-03-2018,Customer_246,East,California,Chicago,Technology,Copiers,230.46,4,29.39
CA-2017-109214,18-06-2017,Customer_192,South,Texas,New York City,Technology,Phones,703.07,4,171.87
CA-2018-109215,29-05-2016,Customer_364,East,Florida,Miami,Technology,Accessories,718.44,9,234.06
CA-2015-109216,20-06-2017,Customer_243,Central,Texas,Houston,Technology,Accessories,574.02,1,188.14
CA-2016-109217,17-09-2018,Customer_86,East,Illinois,Chicago,Office Supplies,Paper,266.99,4,268.12
CA-2017-109218,31-10-2017,Customer_71,West,Texas,Los Angeles,Technology,Phones,461.22,2,141.62
CA-2018-109219,20-12-2015,Customer_63,East,Texas,New York City,Office Supplies,Paper,942.24,3,163.6
CA-2015-109220,31-08-2015,Customer_348,East,Texas,Chicago,Technology,Phones,87.07,6,8.49
CA-2016-109221,02-07-2017,Customer_189,Central,New York,Houston,Furniture,Tables,721.63,5,157.37
CA-2017-109222,12-10-2017,Customer_442,East,Florida,Miami,Furniture,Chairs,244.82,8,103.2
CA-2018-109223,09-07-2018,Customer_295,West,New York,Houston,Furniture,Tables,135.43,8,123.41
CA-2015-109224,12-12-2015,Customer_143,South,New York,Houston,Technology,Phones,636.93,5,211.87
CA-2016-109225,06-11-2017,Customer_485,South,California,Houston,Office Supplies,Storage,446.78,9,217.36
CA-2017-109226,08-04-2018,Customer_309,South,Illinois,Los Angeles,Office Supplies,Storage,343.03,4,-64.08
CA-2018-109227,20-05-2018,Customer_254,East,Illinois,Houston,Technology,Phones,59.19,8,82.46
CA-2015-109228,25-03-2016,Customer_140,East,New York,Chicago,Office Supplies,Paper,331.12,8,-47.0
CA-2016-109229,23-03-2015,Customer_237,South,New York,Los Angeles,Office Supplies,Paper,542.68,7,-48.61
CA-2017-109230,10-06-2017,Customer_258,East,Illinois,Chicago,Office Supplies,Binders,361.88,10,-18.87
CA-2018-109231,15-08-2016,Customer_400,East,Florida,Houston,Technology,Accessories,26.45,9,233.75
CA-2015-109232,06-03-2015,Customer_88,South,Illinois,Houston,Furniture,Tables,550.91,4,246.1
CA-2016-109233,19-02-2016,Customer_11,Central,Texas,Chicago,Technology,Phones,152.88,10,-54.18
CA-2017-109234,22-05-2016,Customer_178,South,Texas,Los Angeles,Furniture,Bookcases,391.06,6,82.85
CA-2018-109235,09-12-2017,Customer_166,South,Florida,Houston,Office Supplies,Storage,667.15,1,-35.66
CA-2015-109236,01-01-2019,Customer_437,South,Texas,Miami,Technology,Copiers,553.91,1,104.66
CA-2016-109237,29-04-2016,Customer_168,Central,New York,Houston,Office Supplies,Binders,565.04,7,225.12
CA-2017-109238,30-06-2018,Customer_185,West,New York,New York City,Office Supplies,Storage,920.42,6,272.77
CA-2018-109239,02-01-2016,Customer_461,West,Texas,Houston,Office Supplies,Storage,401.2,1,-92.74
CA-2015-109240,24-08-2016,Customer_242,East,Illinois,New York City,Furniture,Bookcases,452.31,8,213.08
CA-2016-109241,17-04-2016,Customer_320,South,Florida,Los Angeles,Furniture,Tables,59.52,4,56.19
CA-2017-109242,12-10-2015,Customer_422,South,Illinois,Chicago,Furniture,Tables,719.93,6,-86.21
CA-2018-109243,19-08-2017,Customer_109,West,Illinois,New York City,Furniture,Tables,530.68,2,7.17
CA-2015-109244,21-04-2015,Customer_365,East,Illinois,New York City,Technology,Accessories,649.87,5,-97.59
CA-2016-109245,20-11-2018,Customer_33,West,Florida,New York City,Furniture,Bookcases,326.85,10,21.47
CA-2017-109246,30-05-2016,Customer_130,South,New York,Miami,Office Supplies,Binders,803.44,8,267.17
CA-2018-109247,27-11-2015,Customer_354,South,Florida,Houston,Furniture,Chairs,881.0,2,-35.67
CA-2015-109248,13-08-2016,Customer_494,Central,California,Los Angeles,Office Supplies,Paper,959.73,8,200.94
CA-2016-109249,14-10-2017,Customer_421,West,California,Los Angeles,Office Supplies,Binders,364.53,3,63.59
CA-2017-109250,16-07-2016,Customer_18,South,Texas,Los Angeles,Office Supplies,Paper,587.12,4,-47.43
CA-2018-109251,23-04-2018,Customer_372,West,Florida,Los Angeles,Office Supplies,Binders,332.72,6,-31.86
CA-2015-109252,19-03-2015,Customer_4,Central,Texas,Los Angeles,Furniture,Bookcases,730.79,8,-41.98
CA-2016-109253,20-10-2017,Customer_417,East,Texas,Miami,Technology,Phones,324.53,2,159.17
CA-2017-109254,11-08-2016,Customer_293,South,California,Chicago,Office Supplies,Storage,794.65,2,-84.27
CA-2018-109255,22-06-2015,Customer_197,Central,Texas,Miami,Technology,Phones,699.67,1,276.65
CA-2015-109256,31-08-2018,Customer_383,South,New York,Miami,Furniture,Chairs,109.75,3,233.34
CA-2016-109257,09-09-2017,Customer_189,Central,Illinois,Chicago,Office Supplies,Paper,794.5,3,105.58
CA-2017-109258,22-09-2015,Customer_291,West,New York,New York City,Technology,Phones,112.29,9,160.06
CA-2018-109259,05-03-2018,Customer_207,Central,New York,Miami,Office Supplies,Storage,227.86,5,86.45
CA-2015-109260,13-11-2017,Customer_12,South,Texas,New York City,Office Supplies,Paper,684.72,7,5.9
CA-2016-109261,20-05-2018,Customer_233,West,California,Miami,Technology,Accessories,462.38,8,107.0
CA-2017-109262,08-02-2016,Customer_301,East,Illinois,Houston,Furniture,Bookcases,316.48,2,-81.01
CA-2018-109263,21-07-2018,Customer_99,East,Florida,Chicago,Furniture,Chairs,221.9,9,-31.72
CA-2015-109264,06-11-2018,Customer_383,Central,California,New York City,Technology,Phones,676.54,8,-39.67
CA-2016-109265,12-03-2018,Customer_337,South,Florida,Los Angeles,Furniture,Bookcases,490.28,5,111.79
CA-2017-109266,10-08-2015,Customer_249,Central,Texas,Miami,Technology,Accessories,113.53,9,89.68
CA-2018-109267,16-12-2015,Customer_319,West,Texas,Houston,Furniture,Bookcases,525.06,6,129.09
CA-2015-109268,25-01-2015,Customer_345,West,California,Miami,Furniture,Chairs,696.35,3,127.26
CA-2016-109269,30-04-2015,Customer_352,Central,New York,Chicago,Furniture,Bookcases,684.71,9,180.94
CA-2017-109270,21-09-2017,Customer_234,Central,Texas,New York City,Technology,Phones,794.38,7,150.68
CA-2018-109271,07-06-2017,Customer_373,East,Illinois,Los Angeles,Technology,Copiers,579.11,6,179.04
CA-2015-109272,27-07-2017,Customer_133,West,New York,Chicago,Furniture,Bookcases,979.28,9,24.12
CA-2016-109273,18-03-2015,Customer_430,West,Florida,New York City,Office Supplies,Binders,475.75,3,-20.13
CA-2017-109274,12-11-2016,Customer_212,West,California,Houston,Technology,Copiers,176.21,6,166.87
CA-2018-109275,01-11-2017,Customer_210,South,New York,Miami,Technology,Accessories,138.62,2,200.28
CA-2015-109276,06-08-2016,Customer_171,West,Florida,Miami,Furniture,Tables,10.96,2,197.23
CA-2016-109277,25-01-2019,Customer_229,Central,New York,Miami,Technology,Phones,606.52,4,53.87
CA-2017-109278,09-05-2018,Customer_298,South,Texas,New York City,Technology,Copiers,401.39,9,212.44
CA-2018-109279,21-12-2017,Customer_408,South,Texas,Houston,Furniture,Bookcases,989.15,2,267.2
CA-2015-109280,04-11-2015,Customer_20,East,New York,Miami,Office Supplies,Binders,736.07,7,26.64
CA-2016-109281,14-11-2018,Customer_339,West,California,Houston,Technology,Copiers,520.46,3,54.78
CA-2017-109282,27-05-2017,Customer_213,South,Illinois,Houston,Technology,Phones,76.5,5,-34.81
CA-2018-109283,19-11-2018,Customer_254,East,Florida,New York City,Office Supplies,Storage,288.03,1,-31.47
CA-2015-109284,17-11-2015,Customer_201,South,Texas,Los Angeles,Technology,Accessories,130.13,2,119.34
CA-2016-109285,06-09-2017,Customer_457,South,Illinois,Chicago,Office Supplies,Paper,761.75,9,-35.0
CA-2017-109286,10-09-2016,Customer_105,South,New York,Chicago,Office Supplies,Paper,598.0,6,-94.82
CA-2018-109287,05-06-2017,Customer_464,South,Florida,Los Angeles,Furniture,Bookcases,753.47,1,211.05
CA-2015-109288,02-03-2016,Customer_354,West,Illinois,Chicago,Furniture,Bookcases,888.7,1,107.53
CA-2016-109289,02-10-2016,Customer_331,East,New York,Los Angeles,Technology,Phones,149.0,3,263.25
CA-2017-109290,22-03-2016,Customer_22,West,Illinois,Chicago,Office Supplies,Storage,875.88,4,26.95
CA-2018-109291,29-11-2015,Customer_217,East,New York,Houston,Office Supplies,Paper,145.81,8,-90.51
CA-2015-109292,10-12-2017,Customer_67,Central,California,Los Angeles,Furniture,Tables,608.69,1,256.77
CA-2016-109293,16-01-2019,Customer_399,Central,Texas,Miami,Office Supplies,Binders,556.25,3,46.37
CA-2017-109294,17-05-2016,Customer_112,East,New York,Chicago,Furniture,Chairs,659.81,4,294.26
CA-2018-109295,12-04-2017,Customer_353,East,Illinois,New York City,Office Supplies,Binders,305.34,4,-36.45
CA-2015-109296,07-07-2018,Customer_201,Central,Illinois,Miami,Furniture,Tables,605.83,9,297.37
CA-2016-109297,04-01-2019,Customer_73,East,California,Miami,Furniture,Chairs,208.82,7,266.37
CA-2017-109298,12-09-2017,Customer_445,East,Illinois,New York City,Furniture,Bookcases,370.79,6,132.14
CA-2018-109299,18-10-2016,Customer_74,East,Illinois,Miami,Office Supplies,Binders,286.85,7,83.52
CA-2015-109300,16-12-2015,Customer_70,East,Florida,New York City,Furniture,Chairs,965.47,1,146.76
CA-2016-109301,20-01-2018,Customer_327,West,California,New York City,Furniture,Bookcases,394.6,2,-62.75
CA-2017-109302,08-12-2018,Customer_129,East,New York,Los Angeles,Technology,Phones,377.29,4,-43.71
CA-2018-109303,16-08-2017,Customer_28,West,Florida,Chicago,Technology,Phones,570.51,1,-13.7
CA-2015-109304,03-04-2018,Customer_377,West,Illinois,Houston,Office Supplies,Binders,503.34,3,-58.59
CA-2016-109305,09-02-2016,Customer_210,Central,Texas,New York City,Office Supplies,Binders,828.89,2,211.08
CA-2017-109306,10-07-2016,Customer_285,East,California,Chicago,Office Supplies,Storage,932.97,7,174.25
CA-2018-109307,26-04-2016,Customer_234,West,California,Miami,Office Supplies,Paper,553.3,1,120.26
CA-2015-109308,27-06-2016,Customer_409,Central,Texas,New York City,Office Supplies,Binders,628.54,9,128.77
CA-2016-109309,06-02-2015,Customer_499,East,Texas,Chicago,Office Supplies,Storage,332.02,2,61.11
CA-2017-109310,15-08-2018,Customer_137,Central,Texas,Houston,Office Supplies,Binders,815.31,4,16.13
CA-2018-109311,26-10-2018,Customer_421,West,New York,Chicago,Furniture,Tables,589.46,4,176.67
CA-2015-109312,10-08-2017,Customer_407,East,Florida,New York City,Office Supplies,Paper,929.13,7,8.56
CA-2016-109313,09-10-2017,Customer_286,West,New York,Los Angeles,Office Supplies,Storage,296.64,7,22.03
CA-2017-109314,14-12-2016,Customer_392,West,New York,Chicago,Furniture,Bookcases,316.68,5,298.72
CA-2018-109315,09-08-2016,Customer_260,Central,Illinois,Los Angeles,Furniture,Bookcases,59.11,5,-6.72
CA-2015-109316,03-04-2015,Customer_56,West,Texas,Chicago,Office Supplies,Binders,720.3,2,89.36
CA-2016-109317,28-12-2018,Customer_76,South,Illinois,New York City,Furniture,Tables,305.39,1,-45.06
CA-2017-109318,03-10-2015,Customer_364,West,Florida,Chicago,Technology,Accessories,713.5,8,-10.62
CA-2018-109319,01-08-2015,Customer_287,West,New York,Miami,Office Supplies,Paper,189.45,2,184.52
CA-2015-109320,28-03-2018,Customer_328,West,Florida,New York City,Furniture,Bookcases,726.63,6,281.76
CA-2016-109321,17-10-2015,Customer_258,South,New York,Miami,Furniture,Tables,966.13,3,12.83
CA-2017-109322,13-01-2015,Customer_253,South,Illinois,Los Angeles,Technology,Copiers,607.38,2,29.2
CA-2018-109323,11-02-2016,Customer_462,Central,California,Houston,Office Supplies,Paper,887.07,2,227.13
CA-2015-109324,22-10-2018,Customer_48,West,California,Los Angeles,Technology,Accessories,228.46,9,53.14
CA-2016-109325,26-04-2018,Customer_96,East,New York,New York City,Technology,Accessories,911.68,4,-97.29
CA-2017-109326,31-07-2015,Customer_390,Central,Texas,New York City,Office Supplies,Paper,506.76,7,123.67
CA-2018-109327,15-03-2015,Customer_211,East,Florida,Miami,Technology,Copiers,713.32,2,61.22
CA-2015-109328,30-05-2016,Customer_402,South,California,Houston,Furniture,Bookcases,805.31,9,256.21
CA-2016-109329,30-05-2016,Customer_26,Central,California,Los Angeles,Technology,Phones,263.48,5,90.65
CA-2017-109330,04-04-2018,Customer_94,Central,New York,New York City,Furniture,Tables,496.82,2,33.3
CA-2018-109331,22-10-2017,Customer_486,East,Texas,Miami,Office Supplies,Paper,492.07,10,80.49
CA-2015-109332,15-04-2017,Customer_320,Central,Florida,Miami,Technology,Copiers,573.01,3,264.53
CA-2016-109333,29-11-2017,Customer_352,South,California,New York City,Furniture,Chairs,679.96,6,-86.67
CA-2017-109334,24-09-2016,Customer_161,Central,Florida,Los Angeles,Office Supplies,Paper,796.42,10,60.25
CA-2018-109335,08-10-2017,Customer_149,West,New York,Houston,Furniture,Tables,648.85,10,8.52
CA-2015-109336,20-04-2016,Customer_9,East,Texas,Houston,Office Supplies,Binders,273.09,6,116.29
CA-2016-109337,06-12-2018,Customer_297,West,New York,Houston,Technology,Phones,69.7,7,-4.64
CA-2017-109338,14-04-2017,Customer_487,East,New York,Chicago,Furniture,Bookcases,357.65,8,283.48
CA-2018-109339,01-05-2015,Customer_166,South,Illinois,Los Angeles,Furniture,Tables,256.97,10,105.44
CA-2015-109340,10-06-2018,Customer_241,South,California,Miami,Technology,Phones,650.88,9,288.68
CA-2016-109341,18-03-2018,Customer_384,Central,New York,Chicago,Office Supplies,Storage,543.52,5,217.24
CA-2017-109342,29-01-2019,Customer_276,East,Florida,Miami,Office Supplies,Paper,628.37,5,-42.66
CA-2018-109343,23-11-2018,Customer_123,West,California,Miami,Furniture,Tables,722.31,6,228.56
CA-2015-109344,07-07-2018,Customer_361,Central,Illinois,Chicago,Office Supplies,Storage,954.03,8,93.19
CA-2016-109345,20-12-2017,Customer_401,Central,Illinois,Chicago,Technology,Copiers,717.82,7,283.83
CA-2017-109346,04-08-2017,Customer_240,Central,New York,Houston,Furniture,Bookcases,226.33,10,124.47
CA-2018-109347,12-02-2016,Customer_348,South,New York,Los Angeles,Technology,Accessories,168.21,5,-52.3
CA-2015-109348,11-09-2017,Customer_169,Central,New York,Houston,Office Supplies,Binders,845.92,6,214.95
CA-2016-109349,03-07-2016,Customer_276,Central,California,Miami,Furniture,Chairs,555.96,1,-65.61
CA-2017-109350,07-08-2016,Customer_406,South,Florida,Los Angeles,Furniture,Tables,79.53,4,6.5
CA-2018-109351,25-02-2017,Customer_304,Central,Texas,Miami,Technology,Copiers,250.72,5,205.62
CA-2015-109352,09-04-2015,Customer_46,West,New York,Miami,Technology,Copiers,551.9,1,213.11
CA-2016-109353,03-03-2017,Customer_77,East,Texas,Miami,Office Supplies,Binders,91.24,4,-60.1
CA-2017-109354,19-09-2015,Customer_226,East,Texas,Chicago,Office Supplies,Paper,818.1,5,41.12
CA-2018-109355,23-12-2017,Customer_385,South,California,New York City,Office Supplies,Storage,331.89,7,180.98
CA-2015-109356,19-11-2017,Customer_342,East,New York,Chicago,Technology,Phones,342.09,7,41.22
CA-2016-109357,02-02-2016,Customer_95,Central,Florida,Los Angeles,Furniture,Tables,623.03,4,-6.11
CA-2017-109358,05-01-2018,Customer_16,East,California,New York City,Office Supplies,Storage,746.68,5,27.31
CA-2018-109359,19-04-2015,Customer_83,South,Illinois,Houston,Technology,Accessories,559.99,2,189.57
CA-2015-109360,03-03-2018,Customer_451,Central,California,Miami,Technology,Copiers,141.6,1,-69.18
CA-2016-109361,14-10-2017,Customer_254,East,Florida,New York City,Office Supplies,Paper,501.83,5,264.44
CA-2017-109362,02-07-2018,Customer_295,Central,Illinois,Los Angeles,Furniture,Tables,430.12,1,81.38
CA-2018-109363,10-12-2016,Customer_271,West,California,Chicago,Office Supplies,Binders,682.31,3,221.5
CA-2015-109364,01-09-2018,Customer_49,South,California,Los Angeles,Technology,Phones,351.58,7,93.22
CA-2016-109365,18-02-2018,Customer_412,West,New York,Houston,Technology,Copiers,856.74,3,237.1
CA-2017-109366,11-12-2018,Customer_337,East,New York,New York City,Furniture,Bookcases,369.18,1,-28.73
CA-2018-109367,19-05-2018,Customer_28,Central,Illinois,Los Angeles,Furniture,Bookcases,105.95,5,40.49
CA-2015-109368,31-05-2018,Customer_45,East,Florida,Miami,Office Supplies,Binders,35.02,5,238.07
CA-2016-109369,23-11-2016,Customer_42,East,New York,Los Angeles,Office Supplies,Paper,174.21,10,-79.21
CA-2017-109370,30-08-2015,Customer_365,West,Texas,Chicago,Office Supplies,Storage,140.69,10,145.04
CA-2018-109371,25-11-2015,Customer_243,West,Texas,Houston,Technology,Phones,362.52,9,1.59
CA-2015-109372,07-12-2015,Customer_258,East,Texas,Houston,Technology,Copiers,23.17,2,298.47
CA-2016-109373,01-09-2018,Customer_33,West,Illinois,Houston,Furniture,Bookcases,999.31,10,0.39
CA-2017-109374,07-04-2015,Customer_476,Central,New York,Chicago,Furniture,Chairs,559.61,9,-36.47
CA-2018-109375,17-01-2016,Customer_340,Central,Illinois,Miami,Office Supplies,Binders,731.88,3,166.64
CA-2015-109376,16-08-2016,Customer_209,South,Texas,Chicago,Technology,Phones,347.08,6,187.37
CA-2016-109377,09-06-2017,Customer_457,West,New York,New York City,Technology,Accessories,940.76,9,56.09
CA-2017-109378,24-01-2016,Customer_167,Central,Illinois,New York City,Furniture,Chairs,990.46,9,190.97
CA-2018-109379,05-07-2017,Customer_441,West,New York,Houston,Office Supplies,Storage,71.83,4,162.99
CA-2015-109380,19-04-2015,Customer_214,South,Florida,Houston,Furniture,Tables,278.38,5,91.62
CA-2016-109381,20-02-2015,Customer_109,Central,Florida,New York City,Office Supplies,Binders,609.74,8,-65.63
CA-2017-109382,03-08-2017,Customer_412,South,California,New York City,Technology,Accessories,303.17,4,-57.88
CA-2018-109383,07-07-2018,Customer_145,East,Texas,New York City,Technology,Accessories,416.26,9,14.61
CA-2015-109384,17-06-2018,Customer_485,West,Illinois,Houston,Furniture,Bookcases,188.96,1,-51.93
CA-2016-109385,19-01-2018,Customer_372,South,Florida,Houston,Furniture,Tables,512.83,9,118.15
CA-2017-109386,09-06-2017,Customer_437,East,California,Miami,Office Supplies,Binders,454.72,5,-36.71
CA-2018-109387,04-11-2017,Customer_15,East,New York,New York City,Technology,Accessories,995.41,4,-33.26
CA-2015-109388,25-09-2016,Customer_267,South,New York,Los Angeles,Furniture,Tables,852.98,10,205.74
CA-2016-109389,13-09-2015,Customer_417,West,New York,New York City,Office Supplies,Binders,503.82,1,288.38
CA-2017-109390,16-11-2017,Customer_450,East,New York,Houston,Furniture,Chairs,445.62,8,-20.35
CA-2018-109391,27-04-2016,Customer_154,South,Texas,Chicago,Technology,Accessories,217.7,1,174.47
CA-2015-109392,03-01-2017,Customer_163,West,California,Chicago,Office Supplies,Storage,800.92,2,171.96
CA-2016-109393,02-05-2017,Customer_196,West,Florida,Houston,Office Supplies,Binders,679.15,3,8.47
CA-2017-109394,30-05-2016,Customer_146,South,Texas,New York City,Technology,Phones,142.95,8,-9.2
CA-2018-109395,28-09-2016,Customer_42,South,Illinois,Houston,Furniture,Chairs,177.01,6,-47.72
CA-2015-109396,04-08-2017,Customer_267,Central,Texas,Miami,Technology,Phones,992.27,9,145.45
CA-2016-109397,20-05-2017,Customer_476,East,Illinois,Los Angeles,Furniture,Chairs,172.06,10,-64.69
CA-2017-109398,05-05-2018,Customer_78,Central,Florida,Chicago,Office Supplies,Binders,48.41,6,73.05
CA-2018-109399,04-03-2018,Customer_137,West,Florida,Los Angeles,Office Supplies,Binders,37.1,9,148.77
CA-2015-109400,24-06-2016,Customer_49,South,New York,Los Angeles,Furniture,Chairs,399.8,7,106.11
CA-2016-109401,24-04-2018,Customer_76,East,Florida,New York City,Technology,Phones,82.24,3,30.94
CA-2017-109402,10-11-2018,Customer_315,South,Florida,New York City,Furniture,Bookcases,577.64,7,153.42
CA-2018-109403,20-01-2018,Customer_182,East,California,Miami,Furniture,Chairs,112.46,8,96.52
CA-2015-109404,04-12-2016,Customer_60,Central,Illinois,Chicago,Office Supplies,Paper,457.73,3,-59.93
CA-2016-109405,08-02-2019,Customer_344,West,California,Chicago,Office Supplies,Paper,571.66,3,143.87
CA-2017-109406,07-11-2018,Customer_265,East,Texas,Houston,Office Supplies,Binders,569.07,1,216.0
CA-2018-109407,25-09-2015,Customer_448,South,Texas,Los Angeles,Furniture,Bookcases,637.24,5,246.13
CA-2015-109408,15-07-2015,Customer_17,Central,Florida,Houston,Technology,Copiers,145.82,7,-77.55
CA-2016-109409,02-11-2018,Customer_196,West,Florida,Chicago,Technology,Copiers,469.61,4,259.4
CA-2017-109410,21-04-2016,Customer_481,West,California,Chicago,Furniture,Bookcases,68.19,1,-22.31
CA-2018-109411,06-02-2018,Customer_340,East,Florida,Houston,Office Supplies,Binders,691.0,4,27.19
CA-2015-109412,21-08-2016,Customer_14,East,Texas,Miami,Technology,Copiers,861.03,10,-29.38
CA-2016-109413,18-01-2019,Customer_351,South,Texas,New York City,Office Supplies,Paper,269.75,9,210.4
CA-2017-109414,16-11-2015,Customer_492,Central,Florida,Los Angeles,Office Supplies,Paper,547.26,2,-37.98
CA-2018-109415,15-04-2016,Customer_83,Central,Illinois,Los Angeles,Furniture,Tables,150.06,3,66.58
CA-2015-109416,23-06-2018,Customer_251,Central,Florida,New York City,Furniture,Bookcases,306.43,4,123.37
CA-2016-109417,28-05-2015,Customer_46,West,Texas,Houston,Furniture,Chairs,141.66,3,296.0
CA-2017-109418,28-12-2016,Customer_101,West,Florida,Los Angeles,Technology,Copiers,256.51,4,-67.24
CA-2018-109419,22-09-2017,Customer_46,Central,California,Los Angeles,Office Supplies,Paper,852.6,7,189.07
CA-2015-109420,08-11-2016,Customer_105,Central,New York,New York City,Technology,Phones,785.97,3,-22.41
CA-2016-109421,18-01-2019,Customer_278,East,New York,Chicago,Technology,Accessories,357.83,4,-57.47
CA-2017-109422,25-07-2017,Customer_31,West,New York,Houston,Office Supplies,Storage,548.08,4,178.46
CA-2018-109423,21-12-2016,Customer_145,South,Illinois,Houston,Furniture,Tables,214.88,2,13.75
CA-2015-109424,27-07-2017,Customer_317,East,Illinois,New York City,Office Supplies,Binders,156.41,2,194.08
CA-2016-109425,04-03-2018,Customer_455,Central,Texas,Chicago,Furniture,Bookcases,452.96,8,14.87
CA-2017-109426,18-08-2016,Customer_28,East,Texas,New York City,Furniture,Tables,820.17,3,18.74
CA-2018-109427,15-06-2015,Customer_394,West,Illinois,Miami,Furniture,Bookcases,339.5,9,-24.18
CA-2015-109428,17-10-2016,Customer_192,South,Florida,Los Angeles,Furniture,Bookcases,281.91,4,33.09
CA-2016-109429,08-01-2019,Customer_362,West,Illinois,Chicago,Technology,Copiers,158.94,2,-41.47
CA-2017-109430,13-12-2018,Customer_40,East,Florida,Houston,Furniture,Bookcases,588.87,8,-49.55
CA-2018-109431,01-04-2018,Customer_161,South,Florida,Miami,Office Supplies,Binders,513.57,5,4.4
CA-2015-109432,14-12-2017,Customer_122,West,Texas,Los Angeles,Technology,Phones,289.44,2,58.74
CA-2016-109433,23-10-2016,Customer_20,South,New York,Chicago,Furniture,Tables,357.41,9,-72.09
CA-2017-109434,11-07-2015,Customer_406,West,Illinois,New York City,Technology,Accessories,775.41,4,189.89
CA-2018-109435,25-11-2018,Customer_176,Central,California,Los Angeles,Furniture,Tables,13.23,10,165.13
CA-2015-109436,02-01-2018,Customer_174,South,Texas,Houston,Furniture,Tables,843.09,6,166.32
CA-2016-109437,28-11-2016,Customer_246,Central,California,New York City,Technology,Accessories,213.78,8,17.77
CA-2017-109438,22-08-2015,Customer_288,East,Illinois,Chicago,Furniture,Tables,563.58,2,246.51
CA-2018-109439,31-07-2018,Customer_490,West,New York,New York City,Office Supplies,Storage,505.59,3,-97.35
CA-2015-109440,21-01-2018,Customer_426,West,New York,Miami,Technology,Accessories,682.12,1,-60.23
CA-2016-109441,24-08-2017,Customer_208,South,Texas,New York City,Furniture,Tables,204.94,1,158.05
CA-2017-109442,12-04-2018,Customer_151,West,Texas,Miami,Office Supplies,Storage,887.04,3,26.47
CA-2018-109443,08-01-2015,Customer_298,East,New York,Miami,Furniture,Chairs,179.31,6,72.39
CA-2015-109444,28-04-2018,Customer_363,West,Florida,Houston,Office Supplies,Paper,995.96,8,-51.99
CA-2016-109445,18-11-2018,Customer_496,South,Texas,Los Angeles,Office Supplies,Storage,153.34,7,27.45
CA-2017-109446,09-05-2018,Customer_274,Central,Florida,Chicago,Furniture,Bookcases,323.34,6,-4.9
CA-2018-109447,21-11-2016,Customer_182,West,Florida,Chicago,Office Supplies,Storage,157.6,10,289.19
CA-2015-109448,06-12-2015,Customer_89,East,Texas,New York City,Technology,Accessories,515.91,3,77.42
CA-2016-109449,25-11-2015,Customer_370,Central,Florida,Houston,Office Supplies,Storage,387.53,3,51.03
CA-2017-109450,20-06-2016,Customer_318,West,Texas,Miami,Furniture,Bookcases,534.92,3,15.92
CA-2018-109451,27-08-2018,Customer_73,West,California,Miami,Technology,Phones,647.23,1,102.87
CA-2015-109452,31-05-2017,Customer_198,Central,California,New York City,Furniture,Chairs,432.74,2,-5.94
CA-2016-109453,22-03-2015,Customer_162,South,New York,New York City,Furniture,Tables,865.94,2,82.33
CA-2017-109454,22-06-2018,Customer_14,South,New York,Miami,Office Supplies,Storage,390.6,2,65.16
CA-2018-109455,15-09-2017,Customer_440,Central,Illinois,Miami,Technology,Copiers,176.79,3,7.23
CA-2015-109456,08-07-2015,Customer_482,East,New York,Chicago,Technology,Phones,458.24,2,251.0
CA-2016-109457,01-04-2015,Customer_434,South,Illinois,Chicago,Furniture,Tables,807.22,1,123.37
CA-2017-109458,06-03-2017,Customer_127,Central,California,Houston,Office Supplies,Storage,25.81,7,-45.54
CA-2018-109459,22-11-2017,Customer_5,East,Texas,Chicago,Office Supplies,Storage,858.24,2,177.39
CA-2015-109460,06-10-2016,Customer_73,East,Texas,Houston,Furniture,Chairs,641.03,9,163.48
CA-2016-109461,10-08-2018,Customer_240,Central,Texas,Miami,Office Supplies,Binders,551.23,8,62.46
CA-2017-109462,27-11-2015,Customer_498,East,Texas,Miami,Technology,Copiers,444.6,8,34.44
CA-2018-109463,29-10-2017,Customer_211,Central,Texas,New York City,Furniture,Bookcases,52.12,10,230.34
CA-2015-109464,22-02-2015,Customer_461,Central,Florida,Chicago,Office Supplies,Binders,655.89,6,174.68
CA-2016-109465,11-02-2015,Customer_337,East,Florida,Chicago,Furniture,Bookcases,107.4,3,274.53
CA-2017-109466,14-12-2017,Customer_346,East,Florida,Los Angeles,Furniture,Chairs,306.99,8,266.22
CA-2018-109467,12-05-2015,Customer_2,Central,Illinois,Chicago,Office Supplies,Binders,547.66,4,224.74
CA-2015-109468,09-10-2015,Customer_13,South,New York,Miami,Technology,Phones,459.82,10,-24.31
CA-2016-109469,05-05-2018,Customer_294,South,Texas,Miami,Furniture,Tables,355.59,10,185.87
CA-2017-109470,20-04-2015,Customer_46,South,Texas,Houston,Furniture,Tables,209.23,2,122.06
CA-2018-109471,28-04-2016,Customer_427,Central,Florida,Chicago,Office Supplies,Storage,196.99,4,-1.14
CA-2015-109472,31-07-2015,Customer_196,West,Texas,Los Angeles,Office Supplies,Storage,762.06,5,-35.33
CA-2016-109473,14-09-2018,Customer_303,Central,California,Chicago,Furniture,Bookcases,339.34,10,40.34
CA-2017-109474,23-06-2017,Customer_156,East,Illinois,New York City,Furniture,Bookcases,746.32,6,-41.01
CA-2018-109475,04-04-2017,Customer_8,Central,California,Los Angeles,Furniture,Tables,922.91,9,279.04
CA-2015-109476,16-12-2016,Customer_237,Central,Illinois,Miami,Furniture,Chairs,817.16,3,247.41
CA-2016-109477,12-02-2017,Customer_433,West,Illinois,Chicago,Furniture,Chairs,136.33,4,267.06
CA-2017-109478,17-10-2017,Customer_422,West,California,Houston,Technology,Phones,686.65,10,123.02
CA-2018-109479,10-07-2018,Customer_144,South,California,New York City,Technology,Accessories,233.07,3,247.72
CA-2015-109480,19-06-2016,Customer_175,West,California,Los Angeles,Office Supplies,Binders,118.02,6,98.25
CA-2016-109481,21-10-2017,Customer_329,West,Illinois,New York City,Office Supplies,Paper,761.64,5,88.31
CA-2017-109482,10-12-2018,Customer_162,East,New York,Houston,Furniture,Bookcases,593.13,6,211.39
CA-2018-109483,15-10-2017,Customer_57,West,Texas,Los Angeles,Office Supplies,Paper,291.86,9,-94.56
CA-2015-109484,01-01-2019,Customer_56,West,New York,Miami,Furniture,Tables,290.11,5,233.66
CA-2016-109485,21-07-2018,Customer_382,East,New York,Miami,Office Supplies,Binders,551.7,6,-32.92
CA-2017-109486,06-02-2017,Customer_137,West,Texas,Houston,Technology,Phones,718.07,3,191.32
CA-2018-109487,01-09-2016,Customer_269,Central,Texas,Houston,Technology,Accessories,802.96,2,140.65
CA-2015-109488,26-07-2018,Customer_480,East,Illinois,Houston,Office Supplies,Binders,997.23,8,60.73
CA-2016-109489,15-05-2017,Customer_168,West,Florida,Los Angeles,Office Supplies,Storage,817.73,7,-30.48
CA-2017-109490,05-08-2015,Customer_342,East,Florida,Miami,Office Supplies,Storage,288.89,2,-50.73
CA-2018-109491,29-06-2018,Customer_115,East,Florida,Miami,Furniture,Chairs,171.76,10,-51.72
CA-2015-109492,25-01-2019,Customer_103,Central,Florida,Houston,Furniture,Tables,965.06,8,24.13
CA-2016-109493,19-11-2016,Customer_468,Central,New York,New York City,Furniture,Chairs,343.66,1,146.92
CA-2017-109494,21-02-2015,Customer_133,Central,New York,Chicago,Technology,Copiers,359.35,8,-65.81
CA-2018-109495,29-11-2018,Customer_274,East,California,Miami,Furniture,Tables,950.18,4,276.76
CA-2015-109496,10-06-2017,Customer_122,South,Illinois,Chicago,Technology,Accessories,672.32,7,-1.81
CA-2016-109497,06-07-2018,Customer_448,West,Illinois,Houston,Furniture,Bookcases,963.34,1,-57.64
CA-2017-109498,04-03-2018,Customer_67,South,Texas,Houston,Office Supplies,Binders,364.65,10,212.65
CA-2018-109499,16-04-2017,Customer_67,West,California,New York City,Office Supplies,Binders,831.02,3,241.83
CA-2015-109500,24-10-2016,Customer_184,West,California,Miami,Furniture,Chairs,763.79,4,280.87
CA-2016-109501,16-03-2018,Customer_269,Central,Florida,New York City,Office Supplies,Storage,921.54,3,-49.73
CA-2017-109502,22-07-2015,Customer_465,East,Illinois,Miami,Office Supplies,Binders,862.14,9,83.93
CA-2018-109503,22-11-2015,Customer_237,Central,Florida,Miami,Technology,Copiers,218.12,8,-20.8
CA-2015-109504,07-07-2015,Customer_117,Central,California,Miami,Technology,Phones,345.73,3,142.49
CA-2016-109505,28-01-2018,Customer_475,South,Illinois,Los Angeles,Office Supplies,Paper,191.52,5,-37.44
CA-2017-109506,17-01-2019,Customer_458,East,Florida,Los Angeles,Technology,Accessories,236.25,2,184.62
CA-2018-109507,10-06-2016,Customer_199,East,Illinois,New York City,Office Supplies,Storage,408.43,10,158.72
CA-2015-109508,04-01-2016,Customer_454,Central,Texas,New York City,Furniture,Bookcases,563.33,5,-36.77
CA-2016-109509,04-05-2016,Customer_449,West,Illinois,New York City,Technology,Accessories,752.46,3,-46.22
CA-2017-109510,04-05-2015,Customer_399,West,Illinois,New York City,Office Supplies,Binders,905.73,9,198.76
CA-2018-109511,24-11-2017,Customer_170,Central,New York,Miami,Furniture,Tables,446.2,1,-46.76
CA-2015-109512,08-01-2015,Customer_281,South,Illinois,Houston,Technology,Copiers,313.87,7,-1.52
CA-2016-109513,16-03-2015,Customer_22,West,New York,Miami,Technology,Accessories,497.43,2,129.04
CA-2017-109514,14-08-2018,Customer_237,East,Florida,Los Angeles,Furniture,Chairs,876.43,1,184.93
CA-2018-109515,09-12-2015,Customer_53,West,Texas,Miami,Technology,Copiers,986.12,3,-25.6
CA-2015-109516,26-08-2016,Customer_13,West,Illinois,Miami,Technology,Accessories,717.95,6,170.93
CA-2016-109517,29-08-2015,Customer_469,South,California,Los Angeles,Technology,Copiers,283.77,3,16.31
CA-2017-109518,15-03-2015,Customer_264,East,Florida,Los Angeles,Technology,Accessories,218.51,7,60.28
CA-2018-109519,15-02-2018,Customer_134,East,New York,New York City,Technology,Phones,653.96,1,57.24
CA-2015-109520,17-04-2017,Customer_223,South,Illinois,Houston,Furniture,Tables,312.35,1,-58.18
CA-2016-109521,25-06-2016,Customer_318,South,New York,Los Angeles,Technology,Copiers,158.72,3,213.1
CA-2017-109522,10-10-2018,Customer_405,West,California,Chicago,Furniture,Bookcases,861.66,7,46.71
CA-2018-109523,26-11-2017,Customer_280,South,New York,New York City,Office Supplies,Paper,200.85,4,85.01
CA-2015-109524,07-05-2016,Customer_21,Central,Florida,Chicago,Technology,Accessories,605.9,5,-60.03
CA-2016-109525,29-10-2017,Customer_73,East,Texas,New York City,Office Supplies,Binders,101.02,1,-84.15
CA-2017-109526,16-08-2015,Customer_295,East,Illinois,Chicago,Technology,Copiers,600.35,4,292.74
CA-2018-109527,04-05-2015,Customer_366,East,Illinois,New York City,Furniture,Bookcases,673.8,10,-19.29
CA-2015-109528,02-10-2018,Customer_212,East,Texas,Los Angeles,Furniture,Chairs,488.83,5,207.88
CA-2016-109529,22-05-2017,Customer_164,West,New York,Houston,Furniture,Tables,777.96,7,83.29
CA-2017-109530,16-04-2017,Customer_264,Central,California,New York City,Furniture,Chairs,146.1,10,214.24
CA-2018-109531,24-02-2016,Customer_405,West,Florida,Houston,Furniture,Bookcases,928.78,2,278.92
CA-2015-109532,03-12-2016,Customer_158,East,Florida,New York City,Furniture,Tables,409.54,2,243.85
CA-2016-109533,15-09-2018,Customer_99,South,Florida,Los Angeles,Furniture,Chairs,870.91,7,117.12
CA-2017-109534,18-06-2015,Customer_38,West,Texas,Houston,Technology,Copiers,368.97,2,-38.32
CA-2018-109535,08-12-2017,Customer_118,East,Florida,Miami,Technology,Phones,181.03,6,58.06
CA-2015-109536,09-11-2018,Customer_459,Central,Florida,Los Angeles,Furniture,Tables,58.87,4,85.04
CA-2016-109537,12-09-2017,Customer_25,Central,Illinois,Los Angeles,Furniture,Tables,508.6,8,186.02
CA-2017-109538,05-03-2015,Customer_126,East,Florida,Los Angeles,Furniture,Bookcases,963.48,9,140.35
CA-2018-109539,06-01-2019,Customer_485,Central,California,Chicago,Furniture,Bookcases,352.0,9,181.88
CA-2015-109540,19-06-2016,Customer_405,Central,New York,Miami,Furniture,Chairs,407.67,5,139.89
CA-2016-109541,25-02-2016,Customer_440,Central,Florida,Chicago,Office Supplies,Binders,888.92,10,-58.51
CA-2017-109542,23-05-2016,Customer_74,East,California,Houston,Office Supplies,Storage,996.16,5,146.22
CA-2018-109543,16-05-2015,Customer_102,East,Florida,Houston,Office Supplies,Binders,803.55,8,84.36
CA-2015-109544,15-07-2017,Customer_404,South,California,Houston,Office Supplies,Paper,686.66,5,229.65
CA-2016-109545,02-07-2015,Customer_63,Central,Florida,Miami,Office Supplies,Paper,717.78,6,47.06
CA-2017-109546,07-10-2015,Customer_360,Central,Texas,New York City,Technology,Copiers,925.41,9,192.34
CA-2018-109547,19-10-2015,Customer_469,West,Texas,New York City,Furniture,Bookcases,902.97,1,39.38
CA-2015-109548,18-09-2015,Customer_370,East,Texas,Los Angeles,Technology,Accessories,90.62,3,1.05
CA-2016-109549,02-02-2017,Customer_96,West,California,Miami,Office Supplies,Storage,73.54,8,176.03
CA-2017-109550,24-01-2018,Customer_214,Central,Florida,Chicago,Technology,Copiers,996.76,3,-17.29
CA-2018-109551,20-05-2018,Customer_43,West,Florida,Chicago,Furniture,Chairs,906.21,5,188.22
CA-2015-109552,26-12-2016,Customer_482,West,Texas,Miami,Office Supplies,Paper,240.33,7,293.95
CA-2016-109553,28-07-2018,Customer_43,East,New York,Chicago,Technology,Copiers,330.23,4,75.27
CA-2017-109554,08-03-2017,Customer_6,West,Texas,New York City,Technology,Phones,718.96,3,249.06
CA-2018-109555,31-05-2017,Customer_355,West,New York,Los Angeles,Office Supplies,Binders,130.06,7,120.75
CA-2015-109556,05-01-2018,Customer_145,East,Illinois,Houston,Technology,Accessories,659.58,3,257.01
CA-2016-109557,29-01-2019,Customer_347,Central,California,New York City,Office Supplies,Binders,35.25,4,-80.23
CA-2017-109558,12-01-2015,Customer_488,West,New York,Miami,Technology,Phones,773.0,5,233.91
CA-2018-109559,11-02-2016,Customer_105,South,Florida,Houston,Office Supplies,Storage,779.32,4,-37.22
CA-2015-109560,29-09-2017,Customer_33,South,Illinois,Chicago,Technology,Accessories,584.03,9,83.65
CA-2016-109561,22-10-2016,Customer_340,East,Illinois,New York City,Technology,Accessories,905.63,4,150.19
CA-2017-109562,10-10-2018,Customer_130,West,Illinois,Chicago,Office Supplies,Storage,891.29,8,0.74
CA-2018-109563,18-11-2017,Customer_222,Central,Illinois,Houston,Technology,Copiers,835.32,7,221.41
CA-2015-109564,10-08-2016,Customer_414,South,New York,New York City,Office Supplies,Paper,168.98,10,-44.55
CA-2016-109565,29-01-2017,Customer_99,East,Illinois,Chicago,Furniture,Chairs,884.08,4,91.09
CA-2017-109566,06-12-2017,Customer_367,South,Illinois,Miami,Technology,Accessories,739.04,4,93.8
CA-2018-109567,18-10-2015,Customer_352,Central,California,Chicago,Office Supplies,Paper,80.12,7,-68.85
CA-2015-109568,23-10-2015,Customer_376,South,Illinois,Los Angeles,Office Supplies,Storage,139.8,6,40.25
CA-2016-109569,28-07-2018,Customer_366,West,Texas,Los Angeles,Furniture,Chairs,123.98,6,254.55
CA-2017-109570,13-07-2016,Customer_146,Central,California,New York City,Furniture,Bookcases,697.03,5,294.24
CA-2018-109571,15-09-2018,Customer_327,West,New York,New York City,Office Supplies,Binders,783.73,10,-38.63
CA-2015-109572,30-10-2018,Customer_184,West,Florida,Miami,Furniture,Bookcases,531.34,3,-9.72
CA-2016-109573,08-09-2017,Customer_44,West,New York,Miami,Furniture,Bookcases,71.26,8,35.81
CA-2017-109574,08-11-2016,Customer_429,West,New York,Chicago,Furniture,Tables,284.61,5,291.28
CA-2018-109575,14-06-2015,Customer_260,South,Texas,Miami,Furniture,Chairs,683.99,4,-33.07
CA-2015-109576,16-11-2017,Customer_222,West,Florida,Los Angeles,Office Supplies,Storage,33.22,7,51.38
CA-2016-109577,11-11-2018,Customer_424,West,Texas,Miami,Technology,Copiers,563.49,8,267.41
CA-2017-109578,12-12-2015,Customer_429,West,Illinois,Chicago,Furniture,Tables,397.27,2,-11.71
CA-2018-109579,16-10-2016,Customer_33,Central,Illinois,Miami,Office Supplies,Binders,780.72,1,136.09
CA-2015-109580,12-03-2016,Customer_141,South,Texas,Chicago,Furniture,Chairs,231.07,1,51.77
CA-2016-109581,14-02-2016,Customer_254,East,Florida,Miami,Technology,Copiers,134.71,1,-84.54
CA-2017-109582,29-01-2015,Customer_217,West,Florida,New York City,Technology,Copiers,898.61,4,-12.59
CA-2018-109583,17-08-2016,Customer_118,East,California,Los Angeles,Office Supplies,Binders,444.64,4,-41.26
CA-2015-109584,06-04-2016,Customer_291,West,New York,Houston,Technology,Accessories,56.41,5,29.73
CA-2016-109585,14-01-2016,Customer_195,East,California,Houston,Furniture,Tables,246.69,5,278.43
CA-2017-109586,31-07-2016,Customer_246,South,New York,Los Angeles,Technology,Phones,75.86,7,134.38
CA-2018-109587,08-10-2016,Customer_72,West,Florida,Houston,Furniture,Tables,977.65,7,-2.96
CA-2015-109588,06-06-2018,Customer_120,Central,New York,Chicago,Furniture,Chairs,945.44,4,162.24
CA-2016-109589,03-10-2016,Customer_261,Central,Florida,New York City,Technology,Phones,814.19,1,-69.98
CA-2017-109590,26-02-2016,Customer_47,Central,Texas,Chicago,Office Supplies,Storage,381.82,10,267.47
CA-2018-109591,25-06-2015,Customer_438,East,Texas,New York City,Furniture,Chairs,224.1,3,46.71
CA-2015-109592,18-03-2018,Customer_436,South,New York,New York City,Office Supplies,Storage,504.24,10,160.13
CA-2016-109593,12-01-2015,Customer_32,Central,California,Chicago,Office Supplies,Paper,840.45,9,40.59
CA-2017-109594,19-01-2017,Customer_490,South,Illinois,Chicago,Technology,Accessories,545.21,7,178.4
CA-2018-109595,08-03-2015,Customer_207,West,Florida,Houston,Office Supplies,Binders,902.68,1,203.83
CA-2015-109596,27-10-2015,Customer_345,West,New York,Miami,Technology,Phones,649.64,3,109.32
CA-2016-109597,21-11-2017,Customer_195,South,Florida,Miami,Office Supplies,Storage,406.12,3,23.57
CA-2017-109598,03-03-2015,Customer_290,Central,Florida,New York City,Office Supplies,Binders,828.51,1,45.84
CA-2018-109599,04-06-2016,Customer_100,West,Florida,Los Angeles,Office Supplies,Binders,793.01,6,156.29
CA-2015-109600,04-04-2017,Customer_239,East,Illinois,New York City,Furniture,Bookcases,232.39,9,-99.14
CA-2016-109601,25-04-2015,Customer_307,East,Texas,Miami,Office Supplies,Binders,990.04,5,-99.32
CA-2017-109602,04-07-2018,Customer_4,South,Florida,Chicago,Office Supplies,Binders,107.85,3,196.1
CA-2018-109603,08-11-2016,Customer_431,South,New York,Los Angeles,Technology,Phones,281.6,2,47.69
CA-2015-109604,30-05-2017,Customer_98,Central,Texas,Chicago,Technology,Phones,763.95,2,189.28
CA-2016-109605,18-03-2015,Customer_65,South,California,Houston,Office Supplies,Binders,782.04,5,127.48
CA-2017-109606,25-08-2017,Customer_163,South,Texas,Miami,Office Supplies,Storage,469.74,3,-55.09
CA-2018-109607,16-08-2016,Customer_489,Central,New York,Los Angeles,Office Supplies,Paper,456.38,9,-96.72
CA-2015-109608,09-03-2016,Customer_79,West,Illinois,Houston,Technology,Accessories,871.79,4,214.26
CA-2016-109609,08-11-2018,Customer_433,Central,Texas,Chicago,Furniture,Bookcases,311.29,6,-91.4
CA-2017-109610,21-04-2015,Customer_402,East,Illinois,Los Angeles,Furniture,Bookcases,345.62,2,187.85
CA-2018-109611,26-05-2017,Customer_233,South,California,Houston,Furniture,Tables,37.25,2,254.62
CA-2015-109612,11-12-2017,Customer_181,Central,California,New York City,Furniture,Tables,23.01,8,248.36
CA-2016-109613,18-11-2018,Customer_141,West,New York,Chicago,Furniture,Chairs,70.97,1,-71.98
CA-2017-109614,09-07-2017,Customer_150,South,Texas,Miami,Technology,Copiers,58.35,9,71.24
CA-2018-109615,20-03-2018,Customer_351,South,Florida,Los Angeles,Office Supplies,Storage,179.99,10,233.7
CA-2015-109616,18-07-2018,Customer_92,East,New York,Chicago,Office Supplies,Storage,246.06,10,151.94
CA-2016-109617,12-06-2018,Customer_211,Central,Florida,Miami,Office Supplies,Binders,947.81,1,31.72
CA-2017-109618,18-05-2018,Customer_171,East,New York,New York City,Office Supplies,Storage,905.63,4,-62.95
CA-2018-109619,04-05-2018,Customer_128,Central,Texas,Los Angeles,Technology,Copiers,295.03,3,222.09
CA-2015-109620,17-04-2016,Customer_366,Central,Florida,New York City,Office Supplies,Paper,171.03,5,66.03
CA-2016-109621,25-05-2018,Customer_449,Central,New York,Chicago,Technology,Accessories,966.87,10,19.25
CA-2017-109622,06-09-2018,Customer_242,East,Texas,Houston,Furniture,Chairs,662.88,3,-79.29
CA-2018-109623,26-05-2018,Customer_491,South,California,Houston,Furniture,Chairs,610.89,7,67.96
CA-2015-109624,29-01-2017,Customer_146,South,New York,Los Angeles,Technology,Phones,615.45,10,290.38
CA-2016-109625,09-05-2015,Customer_425,South,California,Chicago,Office Supplies,Paper,653.45,2,-8.61
CA-2017-109626,19-03-2018,Customer_68,East,Florida,Houston,Office Supplies,Storage,864.61,7,144.38
CA-2018-109627,14-06-2016,Customer_487,South,Texas,Los Angeles,Furniture,Tables,571.01,9,6.87
CA-2015-109628,29-01-2016,Customer_168,East,Illinois,Chicago,Furniture,Tables,343.87,3,177.83
CA-2016-109629,05-10-2018,Customer_380,Central,California,Chicago,Office Supplies,Binders,222.97,7,-58.01
CA-2017-109630,23-05-2017,Customer_24,West,Illinois,Houston,Technology,Accessories,994.33,7,-26.19
CA-2018-109631,01-03-2018,Customer_109,Central,Florida,Los Angeles,Furniture,Tables,890.87,5,289.04
CA-2015-109632,10-03-2015,Customer_316,East,Illinois,Chicago,Furniture,Tables,544.65,3,228.68
CA-2016-109633,12-05-2017,Customer_486,East,California,Los Angeles,Technology,Accessories,451.24,2,282.95
CA-2017-109634,10-11-2016,Customer_357,East,Texas,Los Angeles,Furniture,Chairs,88.68,10,-50.57
CA-2018-109635,12-12-2015,Customer_208,South,California,Miami,Office Supplies,Paper,636.18,2,299.91
CA-2015-109636,12-11-2018,Customer_217,Central,Illinois,Chicago,Furniture,Chairs,355.2,10,298.81
CA-2016-109637,19-08-2015,Customer_229,South,Texas,Houston,Technology,Copiers,288.8,6,153.61
CA-2017-109638,20-02-2018,Customer_68,South,Texas,Los Angeles,Technology,Accessories,32.7,10,62.94
CA-2018-109639,11-03-2016,Customer_486,East,California,Los Angeles,Technology,Phones,731.96,1,47.21
CA-2015-109640,18-04-2018,Customer_395,West,California,Los Angeles,Technology,Accessories,154.2,6,120.88
CA-2016-109641,11-01-2018,Customer_273,South,Illinois,New York City,Technology,Phones,440.86,5,11.06
CA-2017-109642,20-10-2015,Customer_435,Central,Florida,Houston,Furniture,Bookcases,465.18,7,252.99
CA-2018-109643,11-03-2016,Customer_496,Central,Florida,Miami,Furniture,Bookcases,654.88,5,173.14
CA-2015-109644,06-09-2015,Customer_195,East,Florida,Los Angeles,Furniture,Chairs,202.29,6,-62.7
CA-2016-109645,12-05-2016,Customer_233,South,Florida,New York City,Furniture,Chairs,799.63,3,181.91
CA-2017-109646,17-02-2016,Customer_248,South,Illinois,New York City,Office Supplies,Storage,961.02,1,255.78
CA-2018-109647,16-08-2018,Customer_81,South,Illinois,Houston,Furniture,Tables,406.56,6,97.8
CA-2015-109648,10-02-2015,Customer_418,East,Texas,Miami,Technology,Copiers,799.23,1,90.04
CA-2016-109649,22-04-2017,Customer_435,West,Florida,Chicago,Furniture,Tables,690.4,2,181.28
CA-2017-109650,18-07-2015,Customer_273,West,Illinois,Chicago,Office Supplies,Binders,438.32,3,175.24
CA-2018-109651,21-02-2017,Customer_221,East,Illinois,Los Angeles,Technology,Phones,612.06,10,45.72
CA-2015-109652,12-03-2018,Customer_353,South,California,Los Angeles,Technology,Phones,777.1,8,27.05
CA-2016-109653,29-03-2015,Customer_247,Central,Illinois,Chicago,Technology,Accessories,221.45,10,-35.05
CA-2017-109654,16-11-2017,Customer_53,West,New York,Chicago,Technology,Accessories,937.96,9,185.98
CA-2018-109655,23-07-2016,Customer_395,West,Illinois,Houston,Furniture,Bookcases,493.3,4,233.54
CA-2015-109656,28-01-2018,Customer_9,Central,California,Houston,Office Supplies,Binders,391.55,7,-63.61
CA-2016-109657,24-08-2015,Customer_159,East,New York,Houston,Office Supplies,Storage,269.78,4,128.79
CA-2017-109658,29-08-2015,Customer_411,West,Texas,New York City,Office Supplies,Paper,854.86,6,-39.23
CA-2018-109659,17-12-2018,Customer_408,South,New York,Miami,Furniture,Bookcases,422.28,3,146.58
CA-2015-109660,18-04-2016,Customer_213,Central,Florida,Miami,Technology,Phones,345.15,2,233.5
CA-2016-109661,08-01-2018,Customer_262,West,California,Houston,Furniture,Tables,774.93,7,54.11
CA-2017-109662,16-10-2016,Customer_15,Central,Texas,Houston,Technology,Accessories,225.43,8,110.85
CA-2018-109663,09-03-2016,Customer_206,East,Illinois,Miami,Technology,Phones,934.87,3,-49.44
CA-2015-109664,13-04-2016,Customer_302,East,Florida,New York City,Furniture,Bookcases,948.7,6,-32.13
CA-2016-109665,30-11-2017,Customer_177,Central,New York,New York City,Technology,Copiers,701.1,7,-12.01
CA-2017-109666,01-11-2015,Customer_206,West,Illinois,Chicago,Furniture,Tables,701.43,8,86.88
CA-2018-109667,03-01-2019,Customer_392,East,Illinois,Los Angeles,Office Supplies,Paper,647.5,1,260.4
CA-2015-109668,22-02-2018,Customer_8,East,New York,New York City,Furniture,Chairs,22.89,6,144.66
CA-2016-109669,18-02-2015,Customer_363,South,Illinois,Miami,Furniture,Bookcases,797.55,1,173.42
CA-2017-109670,01-01-2018,Customer_282,South,Texas,New York City,Office Supplies,Paper,999.61,9,-78.29
CA-2018-109671,26-01-2016,Customer_120,South,Florida,Houston,Office Supplies,Binders,107.48,10,-89.18
CA-2015-109672,04-07-2016,Customer_54,East,Texas,Chicago,Technology,Copiers,960.17,3,216.21
CA-2016-109673,12-08-2016,Customer_80,West,Florida,Chicago,Furniture,Tables,765.86,6,269.32
CA-2017-109674,29-04-2015,Customer_221,South,New York,Miami,Furniture,Tables,748.36,10,-69.31
CA-2018-109675,02-06-2018,Customer_405,Central,Texas,Miami,Technology,Accessories,62.07,4,213.85
CA-2015-109676,27-05-2016,Customer_461,Central,Texas,New York City,Technology,Accessories,650.06,10,125.44
CA-2016-109677,05-05-2018,Customer_139,South,California,Miami,Furniture,Tables,181.86,9,256.3
CA-2017-109678,07-08-2016,Customer_315,Central,Illinois,Miami,Office Supplies,Storage,246.4,10,244.82
CA-2018-109679,08-06-2015,Customer_115,East,Florida,Houston,Office Supplies,Binders,750.81,4,71.97
CA-2015-109680,29-01-2019,Customer_142,West,Florida,Houston,Office Supplies,Paper,731.87,4,-56.73
CA-2016-109681,27-09-2016,Customer_328,South,Illinois,Los Angeles,Technology,Accessories,13.67,8,-28.58
CA-2017-109682,26-06-2015,Customer_311,East,Texas,New York City,Furniture,Bookcases,637.24,7,244.49
CA-2018-109683,12-08-2016,Customer_273,South,New York,Los Angeles,Furniture,Chairs,37.69,7,207.65
CA-2015-109684,10-08-2018,Customer_158,East,Illinois,New York City,Technology,Phones,234.65,1,251.36
CA-2016-109685,12-12-2016,Customer_48,West,New York,Los Angeles,Office Supplies,Paper,932.57,3,125.85
CA-2017-109686,02-03-2015,Customer_274,East,Texas,Chicago,Furniture,Chairs,356.51,8,130.29
CA-2018-109687,02-11-2017,Customer_170,Central,California,Houston,Technology,Phones,284.75,8,-53.72
CA-2015-109688,31-05-2018,Customer_80,Central,Texas,Houston,Technology,Accessories,61.57,10,105.14
CA-2016-109689,22-02-2015,Customer_218,West,California,Miami,Furniture,Bookcases,743.28,4,-65.77
CA-2017-109690,21-08-2018,Customer_61,Central,New York,Miami,Office Supplies,Binders,718.99,6,-58.08
CA-2018-109691,30-03-2015,Customer_293,West,Texas,New York City,Furniture,Tables,300.98,6,220.96
CA-2015-109692,27-08-2017,Customer_421,East,California,Miami,Furniture,Tables,938.56,1,72.13
CA-2016-109693,25-09-2017,Customer_52,South,Florida,Miami,Furniture,Tables,240.9,4,150.55
CA-2017-109694,22-10-2018,Customer_320,West,New York,Houston,Office Supplies,Binders,962.07,6,204.65
CA-2018-109695,20-04-2016,Customer_418,South,Texas,Houston,Office Supplies,Paper,903.02,7,114.95
CA-2015-109696,13-04-2017,Customer_193,South,Florida,Houston,Furniture,Bookcases,341.48,3,125.64
CA-2016-109697,05-02-2015,Customer_377,Central,New York,Houston,Furniture,Chairs,861.47,10,250.1
CA-2017-109698,22-06-2016,Customer_249,South,Illinois,Los Angeles,Furniture,Chairs,358.13,6,223.51
CA-2018-109699,28-05-2017,Customer_21,East,Florida,Houston,Office Supplies,Binders,744.7,5,296.19
CA-2015-109700,26-10-2017,Customer_270,East,Florida,Chicago,Technology,Copiers,66.33,2,55.37
CA-2016-109701,26-01-2016,Customer_312,Central,Texas,New York City,Technology,Copiers,240.02,2,296.98
CA-2017-109702,08-07-2016,Customer_185,East,Illinois,Chicago,Furniture,Tables,768.11,1,-50.91
CA-2018-109703,13-04-2018,Customer_159,West,Florida,Houston,Furniture,Bookcases,560.33,10,47.32
CA-2015-109704,06-06-2017,Customer_164,West,California,Miami,Furniture,Chairs,738.49,4,215.74
CA-2016-109705,19-02-2018,Customer_115,Central,Illinois,Houston,Technology,Copiers,503.85,8,262.76
CA-2017-109706,21-07-2015,Customer_365,South,Florida,Miami,Technology,Copiers,828.85,4,231.63
CA-2018-109707,15-10-2015,Customer_473,West,Texas,Miami,Technology,Phones,455.91,4,277.07
CA-2015-109708,18-02-2015,Customer_355,West,New York,Miami,Office Supplies,Paper,846.2,2,182.36
CA-2016-109709,09-09-2017,Customer_185,East,California,New York City,Furniture,Chairs,167.25,1,72.27
CA-2017-109710,27-10-2015,Customer_340,Central,New York,Houston,Furniture,Tables,905.85,9,-97.27
CA-2018-109711,29-10-2017,Customer_61,Central,Texas,Chicago,Office Supplies,Paper,171.15,10,225.05
CA-2015-109712,02-12-2015,Customer_359,East,Texas,New York City,Technology,Accessories,795.6,4,-34.12
CA-2016-109713,18-01-2016,Customer_197,East,Florida,New York City,Office Supplies,Storage,167.16,6,-98.41
CA-2017-109714,18-08-2018,Customer_28,West,California,Los Angeles,Furniture,Bookcases,333.29,4,-9.29
CA-2018-109715,29-12-2016,Customer_253,South,California,New York City,Furniture,Bookcases,875.12,3,30.43
CA-2015-109716,19-10-2016,Customer_33,Central,Texas,Miami,Office Supplies,Binders,930.52,1,199.98
CA-2016-109717,16-06-2017,Customer_349,South,Florida,New York City,Office Supplies,Storage,755.46,9,165.44
CA-2017-109718,02-03-2018,Customer_92,East,California,Houston,Technology,Copiers,533.53,2,286.49
CA-2018-109719,17-02-2017,Customer_136,Central,California,New York City,Furniture,Bookcases,989.97,6,143.08
CA-2015-109720,04-06-2015,Customer_203,East,Illinois,New York City,Technology,Copiers,296.61,9,22.7
CA-2016-109721,09-03-2017,Customer_97,West,New York,Chicago,Office Supplies,Storage,805.65,2,157.73
CA-2017-109722,27-11-2015,Customer_206,South,Illinois,Miami,Office Supplies,Storage,314.22,7,-49.55
CA-2018-109723,09-10-2015,Customer_143,South,New York,Los Angeles,Furniture,Tables,516.23,10,-82.06
CA-2015-109724,07-03-2016,Customer_7,West,Illinois,Los Angeles,Office Supplies,Paper,168.92,4,178.9
CA-2016-109725,07-12-2017,Customer_419,West,Illinois,Miami,Office Supplies,Binders,536.49,10,257.02
CA-2017-109726,19-01-2016,Customer_487,South,Texas,Houston,Office Supplies,Paper,618.84,9,256.48
CA-2018-109727,16-12-2018,Customer_351,East,New York,Houston,Furniture,Tables,622.53,8,206.88
CA-2015-109728,06-06-2016,Customer_496,Central,New York,Miami,Office Supplies,Paper,458.88,1,250.3
CA-2016-109729,16-11-2015,Customer_280,South,New York,New York City,Technology,Phones,387.53,7,131.44
CA-2017-109730,03-12-2015,Customer_290,East,New York,Miami,Furniture,Chairs,331.85,6,225.74
CA-2018-109731,08-05-2017,Customer_150,Central,Texas,Miami,Technology,Accessories,782.93,8,56.12
CA-2015-109732,19-07-2018,Customer_82,East,Texas,New York City,Technology,Phones,379.9,2,-6.25
CA-2016-109733,08-11-2018,Customer_141,West,New York,Houston,Furniture,Bookcases,36.69,4,183.57
CA-2017-109734,09-07-2017,Customer_240,West,Texas,Chicago,Office Supplies,Paper,113.16,9,57.32
CA-2018-109735,25-12-2017,Customer_267,South,Texas,Miami,Technology,Copiers,419.33,10,274.83
CA-2015-109736,11-02-2017,Customer_404,East,New York,New York City,Furniture,Bookcases,600.66,3,-92.78
CA-2016-109737,28-11-2018,Customer_397,East,New York,Miami,Technology,Accessories,543.44,1,-65.62
CA-2017-109738,29-01-2016,Customer_453,South,Illinois,Los Angeles,Furniture,Chairs,62.92,6,-89.78
CA-2018-109739,20-11-2016,Customer_341,West,New York,Los Angeles,Office Supplies,Storage,379.55,9,41.73
CA-2015-109740,08-10-2015,Customer_488,West,Illinois,Chicago,Technology,Accessories,997.79,8,123.0
CA-2016-109741,26-11-2016,Customer_283,West,Illinois,Miami,Technology,Accessories,845.16,3,63.14
CA-2017-109742,08-01-2017,Customer_198,South,Illinois,Chicago,Office Supplies,Paper,578.7,4,285.83
CA-2018-109743,23-07-2017,Customer_133,East,California,New York City,Technology,Copiers,610.69,8,46.31
CA-2015-109744,19-11-2018,Customer_411,South,New York,Houston,Technology,Accessories,180.11,7,138.37
CA-2016-109745,12-04-2017,Customer_295,West,Florida,Los Angeles,Office Supplies,Storage,480.97,9,171.71
CA-2017-109746,24-11-2018,Customer_178,West,Florida,Chicago,Technology,Phones,401.99,8,2.14
CA-2018-109747,05-01-2015,Customer_364,Central,Texas,New York City,Technology,Phones,545.25,2,261.68
CA-2015-109748,22-07-2018,Customer_39,South,Texas,Houston,Office Supplies,Storage,705.69,1,142.89
CA-2016-109749,03-10-2017,Customer_409,Central,California,Houston,Furniture,Bookcases,677.97,8,-87.81
CA-2017-109750,15-08-2017,Customer_218,West,California,Houston,Technology,Accessories,942.28,10,273.58
CA-2018-109751,16-09-2018,Customer_466,West,Florida,New York City,Technology,Phones,47.86,9,-74.86
CA-2015-109752,07-11-2015,Customer_148,Central,Texas,Los Angeles,Office Supplies,Binders,496.91,2,52.31
CA-2016-109753,27-01-2018,Customer_103,Central,California,Los Angeles,Office Supplies,Storage,56.96,9,-87.84
CA-2017-109754,18-02-2016,Customer_198,East,Florida,Miami,Furniture,Tables,469.69,10,132.72
CA-2018-109755,05-12-2016,Customer_264,South,Illinois,Houston,Technology,Accessories,516.89,5,46.94
CA-2015-109756,27-05-2015,Customer_245,Central,Illinois,Houston,Office Supplies,Paper,655.34,2,-4.18
CA-2016-109757,08-01-2016,Customer_370,East,Texas,Houston,Office Supplies,Paper,52.44,2,272.59
CA-2017-109758,11-10-2018,Customer_53,South,California,Chicago,Office Supplies,Binders,865.49,2,-55.79
CA-2018-109759,13-07-2016,Customer_306,Central,New York,Miami,Technology,Copiers,813.76,6,52.99
CA-2015-109760,11-06-2017,Customer_398,West,Florida,Houston,Office Supplies,Paper,755.16,6,-69.71
CA-2016-109761,30-05-2016,Customer_273,West,Texas,Miami,Office Supplies,Binders,218.12,8,-80.69
CA-2017-109762,26-04-2015,Customer_300,East,Texas,Chicago,Office Supplies,Paper,792.09,6,205.63
CA-2018-109763,04-01-2018,Customer_241,Central,Illinois,Houston,Furniture,Chairs,223.58,3,247.1
CA-2015-109764,07-01-2016,Customer_261,East,Illinois,Miami,Technology,Phones,39.74,6,280.71
CA-2016-109765,07-10-2018,Customer_112,South,Florida,New York City,Technology,Phones,444.18,2,175.54
CA-2017-109766,11-01-2019,Customer_367,Central,Illinois,New York City,Technology,Copiers,752.05,9,-15.15
CA-2018-109767,03-10-2018,Customer_167,East,Florida,Los Angeles,Office Supplies,Paper,267.02,5,193.73
CA-2015-109768,08-04-2015,Customer_250,West,Texas,Los Angeles,Office Supplies,Binders,743.13,3,82.76
CA-2016-109769,20-10-2016,Customer_171,West,Florida,New York City,Office Supplies,Binders,855.53,6,-86.42
CA-2017-109770,27-12-2015,Customer_172,East,New York,New York City,Office Supplies,Binders,852.66,9,241.81
CA-2018-109771,09-02-2018,Customer_247,Central,Florida,Los Angeles,Furniture,Tables,456.27,8,221.22
CA-2015-109772,03-05-2016,Customer_41,Central,Florida,Los Angeles,Furniture,Chairs,360.76,7,211.07
CA-2016-109773,03-04-2018,Customer_217,South,New York,Chicago,Office Supplies,Storage,662.92,1,-69.33
CA-2017-109774,28-12-2015,Customer_359,South,New York,Chicago,Furniture,Bookcases,49.42,8,252.44
CA-2018-109775,17-09-2018,Customer_442,Central,California,Los Angeles,Furniture,Chairs,261.63,1,10.25
CA-2015-109776,14-07-2018,Customer_206,South,New York,Chicago,Furniture,Chairs,925.84,2,183.91
CA-2016-109777,15-07-2018,Customer_58,West,New York,Los Angeles,Technology,Accessories,51.82,3,88.13
CA-2017-109778,18-09-2015,Customer_5,West,New York,New York City,Technology,Phones,778.06,7,-2.63
CA-2018-109779,01-09-2015,Customer_465,West,California,Miami,Technology,Accessories,278.03,3,-25.45
CA-2015-109780,08-01-2018,Customer_136,West,Texas,Miami,Furniture,Tables,497.62,6,-61.67
CA-2016-109781,08-08-2015,Customer_147,Central,California,Houston,Furniture,Chairs,597.27,8,176.28
CA-2017-109782,24-02-2015,Customer_214,South,Texas,Houston,Office Supplies,Storage,885.88,3,-73.8
CA-2018-109783,04-05-2017,Customer_144,Central,Florida,Los Angeles,Office Supplies,Binders,501.69,4,-34.88
CA-2015-109784,13-01-2018,Customer_71,West,New York,Miami,Office Supplies,Binders,639.35,3,132.01
CA-2016-109785,17-12-2015,Customer_175,East,New York,New York City,Technology,Phones,689.19,4,22.14
CA-2017-109786,18-07-2015,Customer_308,South,Florida,Chicago,Office Supplies,Paper,967.26,6,-12.89
CA-2018-109787,23-05-2016,Customer_370,Central,New York,New York City,Office Supplies,Binders,580.11,1,187.22
CA-2015-109788,18-09-2015,Customer_458,South,Florida,Los Angeles,Office Supplies,Binders,28.03,5,280.75
CA-2016-109789,25-06-2016,Customer_146,Central,New York,Chicago,Furniture,Bookcases,633.04,10,-62.57
CA-2017-109790,20-08-2018,Customer_184,East,California,Houston,Office Supplies,Binders,308.62,10,-34.78
CA-2018-109791,11-12-2016,Customer_277,West,New York,New York City,Office Supplies,Paper,247.37,8,-9.63
CA-2015-109792,20-03-2016,Customer_34,West,New York,New York City,Technology,Accessories,394.04,10,50.81
CA-2016-109793,13-08-2015,Customer_110,West,New York,Los Angeles,Office Supplies,Storage,609.46,7,138.68
CA-2017-109794,25-09-2017,Customer_342,Central,New York,Houston,Technology,Phones,823.69,8,28.37
CA-2018-109795,30-06-2015,Customer_456,East,New York,Miami,Furniture,Bookcases,631.58,1,111.4
CA-2015-109796,10-12-2017,Customer_500,West,California,New York City,Technology,Phones,717.76,7,-5.74
CA-2016-109797,09-08-2015,Customer_361,South,New York,Chicago,Technology,Accessories,933.07,4,161.31
CA-2017-109798,25-07-2017,Customer_424,Central,Texas,Chicago,Technology,Phones,957.96,4,-90.48
CA-2018-109799,19-04-2018,Customer_187,South,New York,Los Angeles,Technology,Phones,263.34,6,43.74
CA-2015-109800,24-03-2015,Customer_135,East,Texas,New York City,Technology,Copiers,857.94,6,251.05
CA-2016-109801,28-03-2017,Customer_1,West,California,Miami,Technology,Accessories,527.63,5,-79.25
CA-2017-109802,30-05-2015,Customer_211,Central,New York,Chicago,Technology,Accessories,58.8,9,38.38
CA-2018-109803,27-06-2015,Customer_241,South,Illinois,Chicago,Office Supplies,Storage,303.28,3,238.49
CA-2015-109804,09-08-2017,Customer_221,Central,Illinois,Chicago,Technology,Phones,247.82,8,-15.98
CA-2016-109805,09-07-2016,Customer_44,West,Florida,Miami,Technology,Phones,545.75,4,227.36
CA-2017-109806,02-02-2015,Customer_266,East,New York,Houston,Office Supplies,Binders,91.68,2,42.45
CA-2018-109807,23-02-2016,Customer_115,South,Illinois,New York City,Furniture,Tables,820.24,4,-57.42
CA-2015-109808,07-04-2015,Customer_179,West,Illinois,Houston,Technology,Copiers,162.11,8,132.13
CA-2016-109809,30-03-2018,Customer_217,West,California,Houston,Office Supplies,Paper,355.13,2,245.91
CA-2017-109810,21-01-2019,Customer_263,South,Florida,Houston,Technology,Accessories,799.91,5,-61.45
CA-2018-109811,18-07-2016,Customer_354,South,California,Houston,Technology,Copiers,605.19,9,290.85
CA-2015-109812,06-01-2017,Customer_169,Central,Illinois,New York City,Furniture,Bookcases,368.71,10,189.21
CA-2016-109813,18-10-2018,Customer_261,Central,Texas,Chicago,Technology,Phones,966.86,8,178.66
CA-2017-109814,22-03-2016,Customer_479,East,Illinois,Chicago,Technology,Phones,556.81,3,-80.01
CA-2018-109815,16-11-2015,Customer_215,Central,New York,Houston,Technology,Accessories,380.92,8,76.84
CA-2015-109816,19-04-2016,Customer_36,West,Florida,New York City,Technology,Accessories,317.8,4,111.22
CA-2016-109817,17-05-2016,Customer_8,Central,California,Chicago,Furniture,Bookcases,572.69,9,124.27
CA-2017-109818,14-05-2015,Customer_257,South,Texas,Miami,Furniture,Bookcases,328.25,3,138.92
CA-2018-109819,26-06-2016,Customer_312,West,California,Miami,Technology,Accessories,661.93,1,208.82
CA-2015-109820,15-03-2016,Customer_257,Central,Florida,Chicago,Furniture,Chairs,70.53,7,194.41
CA-2016-109821,04-03-2018,Customer_237,Central,New York,Chicago,Furniture,Tables,217.77,10,-17.18
CA-2017-109822,29-10-2017,Customer_449,Central,New York,Houston,Furniture,Chairs,163.43,1,262.88
CA-2018-109823,24-11-2016,Customer_220,East,Illinois,Los Angeles,Office Supplies,Binders,263.98,2,-75.36
CA-2015-109824,29-05-2016,Customer_106,South,New York,Miami,Office Supplies,Binders,651.25,6,255.51
CA-2016-109825,03-02-2017,Customer_312,Central,California,Chicago,Office Supplies,Binders,197.06,9,227.8
CA-2017-109826,16-01-2015,Customer_378,West,Illinois,Chicago,Office Supplies,Storage,278.11,8,-14.73
CA-2018-109827,22-12-2017,Customer_140,West,Illinois,Miami,Furniture,Bookcases,668.13,9,-62.39
CA-2015-109828,12-05-2015,Customer_127,Central,New York,New York City,Technology,Phones,666.16,7,85.61
CA-2016-109829,02-01-2018,Customer_325,East,Illinois,Los Angeles,Technology,Accessories,287.64,6,34.6
CA-2017-109830,17-11-2018,Customer_198,Central,Florida,New York City,Furniture,Chairs,449.47,6,79.71
CA-2018-109831,25-09-2018,Customer_461,East,Florida,Chicago,Office Supplies,Binders,27.94,10,160.96
CA-2015-109832,02-07-2015,Customer_453,East,Illinois,Los Angeles,Furniture,Bookcases,535.95,7,228.6
CA-2016-109833,19-01-2019,Customer_252,South,Texas,New York City,Technology,Accessories,63.28,2,-3.23
CA-2017-109834,30-07-2016,Customer_69,West,Illinois,Los Angeles,Furniture,Chairs,951.82,9,237.38
CA-2018-109835,18-02-2015,Customer_382,South,Texas,New York City,Furniture,Tables,192.05,10,1.12
CA-2015-109836,02-07-2018,Customer_385,West,Texas,Chicago,Furniture,Bookcases,170.98,2,288.11
CA-2016-109837,14-05-2017,Customer_463,South,New York,Houston,Office Supplies,Binders,509.96,6,12.86
CA-2017-109838,20-01-2015,Customer_395,Central,California,Los Angeles,Technology,Phones,627.54,6,-6.14
CA-2018-109839,25-06-2016,Customer_202,West,California,Houston,Furniture,Chairs,917.58,7,20.69
CA-2015-109840,13-08-2017,Customer_98,South,Texas,Los Angeles,Furniture,Bookcases,862.46,1,120.06
CA-2016-109841,16-05-2018,Customer_314,West,New York,Los Angeles,Technology,Phones,362.85,1,287.54
CA-2017-109842,03-01-2016,Customer_488,South,Texas,Los Angeles,Technology,Phones,126.33,10,78.12
CA-2018-109843,30-01-2018,Customer_131,West,Texas,Chicago,Technology,Copiers,810.97,1,210.99
CA-2015-109844,14-05-2015,Customer_475,West,Texas,Miami,Technology,Accessories,221.6,9,-16.26
CA-2016-109845,04-10-2015,Customer_461,East,New York,New York City,Furniture,Bookcases,693.16,5,239.8
CA-2017-109846,27-11-2017,Customer_121,South,New York,New York City,Furniture,Bookcases,304.08,1,227.01
CA-2018-109847,20-01-2015,Customer_325,East,Texas,Miami,Office Supplies,Binders,629.02,9,189.21
CA-2015-109848,27-11-2015,Customer_27,Central,California,Miami,Technology,Copiers,744.15,1,198.18
CA-2016-109849,04-12-2017,Customer_33,West,California,Houston,Office Supplies,Storage,978.07,10,-25.09
CA-2017-109850,22-11-2016,Customer_274,West,New York,New York City,Furniture,Tables,490.27,4,199.57
CA-2018-109851,02-04-2018,Customer_123,East,Texas,Chicago,Technology,Phones,111.75,3,135.57
CA-2015-109852,17-10-2016,Customer_218,West,New York,New York City,Office Supplies,Paper,506.95,5,81.59
CA-2016-109853,01-04-2015,Customer_303,Central,New York,Miami,Office Supplies,Binders,775.37,9,82.49
CA-2017-109854,15-04-2016,Customer_315,Central,California,Chicago,Furniture,Chairs,883.95,2,34.65
CA-2018-109855,16-07-2015,Customer_98,West,New York,Miami,Office Supplies,Binders,970.37,3,81.88
CA-2015-109856,03-04-2018,Customer_238,East,New York,Miami,Furniture,Tables,175.92,3,-97.61
CA-2016-109857,07-01-2017,Customer_151,Central,Florida,New York City,Furniture,Tables,550.88,6,287.85
CA-2017-109858,08-11-2016,Customer_144,West,Florida,Houston,Technology,Accessories,345.3,7,-86.61
CA-2018-109859,12-02-2016,Customer_233,Central,Illinois,Los Angeles,Technology,Accessories,68.83,5,175.04
CA-2015-109860,08-08-2015,Customer_106,South,Florida,Houston,Furniture,Chairs,655.67,6,117.29
CA-2016-109861,03-08-2015,Customer_213,South,New York,Chicago,Technology,Accessories,176.66,1,-82.2
CA-2017-109862,01-07-2015,Customer_480,East,Florida,Los Angeles,Office Supplies,Storage,778.93,6,-11.19
CA-2018-109863,28-03-2015,Customer_5,South,Florida,Los Angeles,Office Supplies,Binders,171.04,6,-64.02
CA-2015-109864,10-03-2015,Customer_181,Central,Illinois,Los Angeles,Office Supplies,Paper,609.36,6,226.42
CA-2016-109865,13-01-2015,Customer_351,Central,California,Miami,Furniture,Chairs,169.1,5,138.88
CA-2017-109866,28-07-2017,Customer_414,South,New York,New York City,Technology,Phones,927.87,7,148.42
CA-2018-109867,04-06-2018,Customer_411,West,California,New York City,Technology,Copiers,368.79,3,231.01
CA-2015-109868,10-06-2017,Customer_304,Central,California,Houston,Technology,Copiers,498.04,2,117.11
CA-2016-109869,12-12-2018,Customer_264,Central,New York,Miami,Technology,Accessories,798.05,5,185.2
CA-2017-109870,02-07-2018,Customer_179,South,Texas,Miami,Furniture,Chairs,450.56,4,-62.96
CA-2018-109871,03-02-2017,Customer_407,Central,California,Houston,Furniture,Bookcases,114.07,1,286.49
CA-2015-109872,17-06-2015,Customer_401,East,Florida,Chicago,Office Supplies,Binders,892.2,8,250.0
CA-2016-109873,02-06-2017,Customer_107,East,California,Miami,Furniture,Chairs,959.75,6,115.01
CA-2017-109874,26-08-2016,Customer_367,South,Illinois,Miami,Furniture,Tables,699.19,9,264.34
CA-2018-109875,29-03-2015,Customer_415,Central,New York,Chicago,Technology,Accessories,630.55,9,81.52
CA-2015-109876,08-11-2018,Customer_129,South,Texas,Los Angeles,Furniture,Bookcases,770.8,10,-19.11
CA-2016-109877,24-06-2016,Customer_185,Central,Florida,Chicago,Technology,Accessories,861.05,4,123.79
CA-2017-109878,24-01-2018,Customer_82,East,California,Miami,Office Supplies,Storage,719.32,9,236.62
CA-2018-109879,31-05-2018,Customer_14,East,Illinois,Chicago,Technology,Accessories,778.3,2,-65.61
CA-2015-109880,10-01-2018,Customer_463,South,Illinois,New York City,Furniture,Chairs,753.4,1,52.28
CA-2016-109881,25-07-2015,Customer_92,Central,California,Houston,Office Supplies,Binders,226.37,4,-49.8
CA-2017-109882,08-05-2018,Customer_9,East,California,Houston,Technology,Phones,391.24,1,138.93
CA-2018-109883,24-05-2017,Customer_373,South,California,Houston,Technology,Copiers,391.2,2,179.91
CA-2015-109884,05-07-2018,Customer_427,South,California,Chicago,Technology,Accessories,57.98,7,281.59
CA-2016-109885,24-02-2018,Customer_404,West,New York,Los Angeles,Furniture,Chairs,776.32,9,-34.18
CA-2017-109886,05-05-2016,Customer_25,West,Texas,Miami,Office Supplies,Binders,336.54,1,-90.94
CA-2018-109887,06-05-2015,Customer_493,Central,Texas,Houston,Furniture,Chairs,22.4,2,231.75
CA-2015-109888,04-01-2018,Customer_410,Central,Illinois,Houston,Furniture,Bookcases,12.71,9,-34.58
CA-2016-109889,01-02-2018,Customer_65,East,Florida,Chicago,Office Supplies,Storage,993.24,3,83.99
CA-2017-109890,18-04-2015,Customer_441,East,Illinois,Houston,Technology,Phones,295.32,7,55.86
CA-2018-109891,07-02-2015,Customer_143,South,California,New York City,Office Supplies,Paper,872.15,3,186.07
CA-2015-109892,05-11-2018,Customer_178,West,New York,Miami,Office Supplies,Binders,104.02,8,211.98
CA-2016-109893,24-09-2018,Customer_301,South,Illinois,New York City,Office Supplies,Binders,339.41,9,235.0
CA-2017-109894,17-02-2017,Customer_195,East,Florida,Houston,Furniture,Bookcases,682.0,3,52.64
CA-2018-109895,20-05-2016,Customer_167,South,Florida,Chicago,Office Supplies,Paper,846.95,9,169.93
CA-2015-109896,12-09-2018,Customer_161,East,New York,Chicago,Furniture,Tables,274.94,1,41.52
CA-2016-109897,04-02-2017,Customer_155,Central,Illinois,Miami,Furniture,Tables,57.05,6,203.51
CA-2017-109898,26-07-2015,Customer_20,South,California,Chicago,Office Supplies,Storage,492.63,4,216.1
CA-2018-109899,19-07-2017,Customer_386,East,New York,New York City,Technology,Copiers,399.06,7,-83.94
CA-2015-109900,14-03-2017,Customer_59,West,Texas,Houston,Furniture,Bookcases,732.43,2,-18.95
CA-2016-109901,30-08-2017,Customer_364,West,New York,Los Angeles,Technology,Phones,599.83,7,137.56
CA-2017-109902,30-03-2018,Customer_247,West,Florida,Chicago,Office Supplies,Paper,718.06,10,100.29
CA-2018-109903,29-09-2017,Customer_7,East,Illinois,Los Angeles,Office Supplies,Paper,886.28,2,-40.99
CA-2015-109904,25-08-2015,Customer_484,East,California,Miami,Technology,Accessories,855.12,7,103.73
CA-2016-109905,02-12-2016,Customer_206,South,Florida,Miami,Technology,Phones,487.56,6,186.95
CA-2017-109906,23-02-2015,Customer_65,East,New York,Houston,Technology,Copiers,288.66,10,62.97
CA-2018-109907,24-08-2017,Customer_130,Central,New York,New York City,Furniture,Tables,444.45,3,230.03
CA-2015-109908,26-03-2016,Customer_241,West,California,Los Angeles,Technology,Accessories,916.84,2,295.43
CA-2016-109909,11-09-2015,Customer_244,South,New York,Los Angeles,Furniture,Tables,327.49,7,244.39
CA-2017-109910,17-11-2018,Customer_283,East,Texas,Chicago,Office Supplies,Binders,212.07,7,12.73
CA-2018-109911,09-06-2015,Customer_318,West,Illinois,Houston,Technology,Copiers,685.47,10,-57.61
CA-2015-109912,19-08-2017,Customer_122,East,Florida,New York City,Office Supplies,Storage,900.93,3,291.54
CA-2016-109913,09-01-2016,Customer_176,West,California,Houston,Technology,Phones,218.9,5,161.65
CA-2017-109914,11-12-2017,Customer_33,East,California,Los Angeles,Technology,Phones,778.01,5,161.52
CA-2018-109915,19-08-2017,Customer_489,Central,California,Miami,Technology,Copiers,712.06,3,239.65
CA-2015-109916,19-01-2015,Customer_59,East,Florida,Houston,Technology,Phones,618.16,10,241.87
CA-2016-109917,12-11-2016,Customer_302,East,California,Houston,Technology,Accessories,521.19,4,28.61
CA-2017-109918,05-01-2018,Customer_280,South,Texas,Miami,Technology,Copiers,400.59,10,5.06
CA-2018-109919,18-05-2016,Customer_339,Central,Texas,Chicago,Furniture,Tables,831.38,2,269.5
CA-2015-109920,20-12-2015,Customer_186,East,Illinois,Houston,Furniture,Bookcases,944.37,1,90.46
CA-2016-109921,03-06-2015,Customer_105,East,New York,Los Angeles,Furniture,Tables,578.3,6,125.82
CA-2017-109922,11-01-2019,Customer_473,Central,Illinois,Chicago,Office Supplies,Storage,859.36,3,249.57
CA-2018-109923,05-08-2017,Customer_355,Central,California,Miami,Office Supplies,Storage,202.32,9,47.98
CA-2015-109924,05-02-2015,Customer_53,West,Texas,Los Angeles,Technology,Phones,615.44,2,-44.22
CA-2016-109925,28-04-2015,Customer_144,East,Florida,Chicago,Technology,Accessories,301.45,1,192.27
CA-2017-109926,03-12-2017,Customer_120,Central,Florida,New York City,Technology,Copiers,653.17,6,246.1
CA-2018-109927,06-02-2015,Customer_59,South,New York,Houston,Technology,Phones,682.28,3,252.04
CA-2015-109928,29-01-2019,Customer_71,East,New York,New York City,Technology,Phones,251.8,6,-70.61
CA-2016-109929,04-07-2017,Customer_257,West,Florida,Chicago,Furniture,Bookcases,739.23,10,283.12
CA-2017-109930,23-10-2018,Customer_493,West,Florida,Chicago,Furniture,Bookcases,457.01,7,-38.39
CA-2018-109931,31-08-2017,Customer_173,Central,Florida,Miami,Furniture,Bookcases,559.96,7,205.57
CA-2015-109932,30-03-2017,Customer_253,East,Illinois,Houston,Technology,Copiers,807.84,1,44.51
CA-2016-109933,24-06-2015,Customer_248,West,Texas,Miami,Office Supplies,Paper,211.74,4,187.2
CA-2017-109934,28-08-2015,Customer_220,Central,Florida,Houston,Furniture,Chairs,98.2,2,70.82
CA-2018-109935,30-11-2016,Customer_56,West,Florida,New York City,Office Supplies,Binders,20.4,2,119.51
CA-2015-109936,14-05-2015,Customer_71,East,Florida,Los Angeles,Office Supplies,Storage,751.98,2,-54.14
CA-2016-109937,15-07-2017,Customer_177,West,Texas,New York City,Technology,Accessories,814.92,10,69.52
CA-2017-109938,10-01-2016,Customer_181,East,Florida,New York City,Office Supplies,Storage,944.96,3,170.06
CA-2018-109939,29-11-2017,Customer_155,East,Illinois,Houston,Technology,Accessories,610.75,2,-6.31
CA-2015-109940,12-10-2017,Customer_491,Central,Texas,Houston,Office Supplies,Storage,639.19,7,168.36
CA-2016-109941,13-10-2017,Customer_392,West,New York,New York City,Furniture,Chairs,969.47,5,116.39
CA-2017-109942,18-03-2015,Customer_26,South,Florida,Los Angeles,Office Supplies,Storage,627.23,10,98.74
CA-2018-109943,09-01-2019,Customer_265,West,Texas,Houston,Technology,Phones,143.24,6,25.12
CA-2015-109944,15-04-2015,Customer_436,West,Texas,Los Angeles,Furniture,Chairs,597.09,10,137.82
CA-2016-109945,13-12-2017,Customer_175,East,Texas,New York City,Office Supplies,Storage,540.77,6,201.07
CA-2017-109946,05-10-2015,Customer_291,East,New York,Chicago,Office Supplies,Binders,990.31,6,265.66
CA-2018-109947,11-01-2019,Customer_37,Central,Texas,Miami,Technology,Phones,220.29,9,190.52
CA-2015-109948,20-12-2015,Customer_443,Central,California,Chicago,Office Supplies,Paper,16.21,3,87.03
CA-2016-109949,03-11-2015,Customer_66,South,California,Houston,Office Supplies,Paper,414.26,1,-48.68
CA-2017-109950,10-10-2016,Customer_113,East,New York,Chicago,Furniture,Bookcases,871.43,9,-84.49
CA-2018-109951,23-07-2018,Customer_476,South,Texas,Miami,Office Supplies,Storage,972.86,9,119.55
CA-2015-109952,14-07-2016,Customer_387,Central,Illinois,Houston,Office Supplies,Paper,293.16,4,-43.9
CA-2016-109953,10-02-2016,Customer_412,South,Illinois,Los Angeles,Technology,Copiers,627.16,1,158.24
CA-2017-109954,10-01-2019,Customer_339,East,Texas,New York City,Furniture,Chairs,912.47,9,-13.63
CA-2018-109955,28-11-2017,Customer_91,South,New York,Houston,Furniture,Bookcases,659.45,2,149.58
CA-2015-109956,02-06-2016,Customer_249,South,Illinois,Los Angeles,Office Supplies,Storage,795.76,7,226.19
CA-2016-109957,30-10-2016,Customer_424,West,Illinois,Miami,Technology,Accessories,633.02,3,219.02
CA-2017-109958,16-07-2017,Customer_12,East,New York,Los Angeles,Furniture,Bookcases,167.8,3,-33.7
CA-2018-109959,24-09-2015,Customer_293,East,Illinois,Houston,Office Supplies,Paper,542.47,10,-14.02
CA-2015-109960,05-08-2016,Customer_342,East,New York,Houston,Furniture,Bookcases,876.7,3,189.67
CA-2016-109961,22-01-2015,Customer_401,Central,Texas,New York City,Technology,Accessories,714.91,3,82.2
CA-2017-109962,10-01-2018,Customer_174,East,Illinois,Houston,Office Supplies,Paper,875.45,7,198.89
CA-2018-109963,22-07-2016,Customer_500,South,Texas,New York City,Technology,Phones,775.76,8,116.27
CA-2015-109964,02-03-2018,Customer_406,West,California,Los Angeles,Office Supplies,Paper,921.33,1,54.34
CA-2016-109965,30-01-2016,Customer_374,East,Texas,Miami,Office Supplies,Storage,62.01,5,-81.87
CA-2017-109966,06-08-2015,Customer_490,South,New York,Houston,Technology,Phones,428.92,6,-72.58
CA-2018-109967,04-07-2015,Customer_372,West,Florida,New York City,Office Supplies,Paper,941.3,10,222.38
CA-2015-109968,01-03-2018,Customer_479,West,Texas,Los Angeles,Furniture,Tables,302.61,2,228.5
CA-2016-109969,03-12-2016,Customer_65,Central,California,Chicago,Technology,Accessories,682.89,6,298.68
CA-2017-109970,29-05-2016,Customer_351,West,New York,Chicago,Office Supplies,Binders,284.6,7,100.73
CA-2018-109971,03-09-2016,Customer_125,South,Florida,Miami,Technology,Phones,441.74,8,159.17
CA-2015-109972,13-05-2016,Customer_273,South,Illinois,Houston,Technology,Copiers,480.13,6,-66.5
CA-2016-109973,05-11-2018,Customer_471,South,New York,New York City,Technology,Copiers,901.43,4,145.89
CA-2017-109974,15-05-2018,Customer_335,Central,New York,Chicago,Furniture,Chairs,676.38,4,244.31
CA-2018-109975,06-06-2018,Customer_320,Central,Florida,Miami,Technology,Phones,484.62,8,92.75
CA-2015-109976,11-03-2018,Customer_3,Central,Texas,Chicago,Technology,Accessories,600.79,4,-0.1
CA-2016-109977,25-11-2018,Customer_376,Central,California,Los Angeles,Furniture,Bookcases,263.64,7,-98.74
CA-2017-109978,28-09-2015,Customer_299,South,Illinois,Los Angeles,Technology,Accessories,863.45,6,153.79
CA-2018-109979,13-01-2015,Customer_195,Central,Texas,Los Angeles,Technology,Accessories,676.7,3,138.42
CA-2015-109980,04-11-2018,Customer_451,Central,Florida,Miami,Office Supplies,Binders,403.82,1,-36.3
CA-2016-109981,14-08-2018,Customer_125,West,California,Chicago,Office Supplies,Storage,513.28,10,228.31
CA-2017-109982,13-06-2017,Customer_500,West,New York,New York City,Technology,Phones,818.38,10,-19.68
CA-2018-109983,28-07-2017,Customer_6,East,Illinois,Houston,Technology,Phones,146.65,3,288.76
CA-2015-109984,02-12-2018,Customer_383,South,Florida,Los Angeles,Office Supplies,Paper,940.98,10,15.67
CA-2016-109985,17-09-2016,Customer_492,Central,California,Los Angeles,Office Supplies,Paper,606.98,9,220.21
CA-2017-109986,07-05-2015,Customer_70,South,New York,Los Angeles,Office Supplies,Paper,856.85,4,14.88
CA-2018-109987,05-09-2016,Customer_261,West,California,Houston,Furniture,Tables,311.68,5,39.89
CA-2015-109988,18-05-2018,Customer_51,Central,California,Miami,Furniture,Chairs,391.15,10,50.32
CA-2016-109989,28-01-2015,Customer_7,East,Florida,Miami,Office Supplies,Storage,398.15,7,146.6
CA-2017-109990,23-07-2018,Customer_28,West,Florida,Miami,Office Supplies,Storage,52.55,6,94.77
CA-2018-109991,01-04-2017,Customer_497,East,Texas,Los Angeles,Furniture,Chairs,417.26,5,-2.09
CA-2015-109992,13-06-2018,Customer_94,Central,Texas,New York City,Furniture,Bookcases,264.48,5,-91.94
CA-2016-109993,30-06-2016,Customer_452,West,California,Houston,Technology,Phones,197.39,6,-41.21
CA-2017-109994,10-05-2015,Customer_472,West,Florida,Miami,Technology,Phones,269.49,8,-47.14
CA-2018-109995,28-10-2015,Customer_460,Central,New York,Houston,Office Supplies,Binders,221.54,3,-73.45
CA-2015-109996,19-01-2018,Customer_321,West,Illinois,Los Angeles,Technology,Accessories,891.62,4,150.09
CA-2016-109997,30-12-2017,Customer_493,South,California,Houston,Technology,Phones,445.86,6,59.54
CA-2017-109998,24-03-2016,Customer_350,East,Texas,Los Angeles,Office Supplies,Storage,425.9,1,170.39
CA-2018-109999,08-09-2017,Customer_58,Central,Texas,New York City,Technology,Phones,279.9,4,-92.05
